Workbook

Sheet LEADERBOARD
A1: 2022 WANNABE CUP
A2: TO PAR | B2: POS | C2: PLAYER | D2: SCORE | E2: =Scorecards!C1 -> STOATIN BRAE | F2: =Scorecards!C15 -> STONEHEDGE N | G2: =Scorecards!C29 -> STOATIN BRAE
A3: {=index('Score Calcuations'!$M$3:$M$10,match(C3,'Score Calcuations'!$A$3:$A$10))} -> 0 | B3: =IFERROR(__xludf.DUMMYFUNCTION("query(index('Score Calcuations'!A3:M10&""""),""select Col4,Col1,Col12,Col6,Col8,Col10 ORDER BY Col12"",0)"),"1") -> 1 | C3: =IFERROR(__xludf.DUMMYFUNCTION("""COMPUTED_VALUE"""),"Brian K") -> Brian K | D3: =IFERROR(__xludf.DUMMYFUNCTION("""COMPUTED_VALUE"""),"214") -> 214 | E3: =IFERROR(__xludf.DUMMYFUNCTION("""COMPUTED_VALUE"""),"73") -> 73 | F3: =IFERROR(__xludf.DUMMYFUNCTION("""COMPUTED_VALUE"""),"68") -> 68 | G3: =IFERROR(__xludf.DUMMYFUNCTION("""COMPUTED_VALUE"""),"73") -> 73
A4: {=index('Score Calcuations'!$M$3:$M$10,match(C4,'Score Calcuations'!$A$3:$A$10))} -> 9 | B4: =IFERROR(__xludf.DUMMYFUNCTION("""COMPUTED_VALUE"""),"2") -> 2 | C4: =IFERROR(__xludf.DUMMYFUNCTION("""COMPUTED_VALUE"""),"Scott R") -> Scott R | D4: =IFERROR(__xludf.DUMMYFUNCTION("""COMPUTED_VALUE"""),"223") -> 223 | E4: =IFERROR(__xludf.DUMMYFUNCTION("""COMPUTED_VALUE"""),"70") -> 70 | F4: =IFERROR(__xludf.DUMMYFUNCTION("""COMPUTED_VALUE"""),"74") -> 74 | G4: =IFERROR(__xludf.DUMMYFUNCTION("""COMPUTED_VALUE"""),"79") -> 79
A5: {=index('Score Calcuations'!$M$3:$M$10,match(C5,'Score Calcuations'!$A$3:$A$10))} -> 12 | B5: =IFERROR(__xludf.DUMMYFUNCTION("""COMPUTED_VALUE"""),"3") -> 3 | C5: =IFERROR(__xludf.DUMMYFUNCTION("""COMPUTED_VALUE"""),"Eric O") -> Eric O | D5: =IFERROR(__xludf.DUMMYFUNCTION("""COMPUTED_VALUE"""),"226") -> 226 | E5: =IFERROR(__xludf.DUMMYFUNCTION("""COMPUTED_VALUE"""),"75") -> 75 | F5: =IFERROR(__xludf.DUMMYFUNCTION("""COMPUTED_VALUE"""),"67") -> 67 | G5: =IFERROR(__xludf.DUMMYFUNCTION("""COMPUTED_VALUE"""),"84") -> 84
A6: {=index('Score Calcuations'!$M$3:$M$10,match(C6,'Score Calcuations'!$A$3:$A$10))} -> 13 | B6: =IFERROR(__xludf.DUMMYFUNCTION("""COMPUTED_VALUE"""),"T4") -> T4 | C6: =IFERROR(__xludf.DUMMYFUNCTION("""COMPUTED_VALUE"""),"Aaron J") -> Aaron J | D6: =IFERROR(__xludf.DUMMYFUNCTION("""COMPUTED_VALUE"""),"227") -> 227 | E6: =IFERROR(__xludf.DUMMYFUNCTION("""COMPUTED_VALUE"""),"79") -> 79 | F6: =IFERROR(__xludf.DUMMYFUNCTION("""COMPUTED_VALUE"""),"74") -> 74 | G6: =IFERROR(__xludf.DUMMYFUNCTION("""COMPUTED_VALUE"""),"74") -> 74
A7: {=index('Score Calcuations'!$M$3:$M$10,match(C7,'Score Calcuations'!$A$3:$A$10))} -> 13 | B7: =IFERROR(__xludf.DUMMYFUNCTION("""COMPUTED_VALUE"""),"T4") -> T4 | C7: =IFERROR(__xludf.DUMMYFUNCTION("""COMPUTED_VALUE"""),"Andy V") -> Andy V | D7: =IFERROR(__xludf.DUMMYFUNCTION("""COMPUTED_VALUE"""),"227") -> 227 | E7: =IFERROR(__xludf.DUMMYFUNCTION("""COMPUTED_VALUE"""),"74") -> 74 | F7: =IFERROR(__xludf.DUMMYFUNCTION("""COMPUTED_VALUE"""),"75") -> 75 | G7: =IFERROR(__xludf.DUMMYFUNCTION("""COMPUTED_VALUE"""),"78") -> 78
A8: {=index('Score Calcuations'!$M$3:$M$10,match(C8,'Score Calcuations'!$A$3:$A$10))} -> 15 | B8: =IFERROR(__xludf.DUMMYFUNCTION("""COMPUTED_VALUE"""),"6") -> 6 | C8: =IFERROR(__xludf.DUMMYFUNCTION("""COMPUTED_VALUE"""),"Jeff B") -> Jeff B | D8: =IFERROR(__xludf.DUMMYFUNCTION("""COMPUTED_VALUE"""),"229") -> 229 | E8: =IFERROR(__xludf.DUMMYFUNCTION("""COMPUTED_VALUE"""),"74") -> 74 | F8: =IFERROR(__xludf.DUMMYFUNCTION("""COMPUTED_VALUE"""),"79") -> 79 | G8: =IFERROR(__xludf.DUMMYFUNCTION("""COMPUTED_VALUE"""),"76") -> 76
A9: {=index('Score Calcuations'!$M$3:$M$10,match(C9,'Score Calcuations'!$A$3:$A$10))} -> 18 | B9: =IFERROR(__xludf.DUMMYFUNCTION("""COMPUTED_VALUE"""),"7") -> 7 | C9: =IFERROR(__xludf.DUMMYFUNCTION("""COMPUTED_VALUE"""),"Bob B") -> Bob B | D9: =IFERROR(__xludf.DUMMYFUNCTION("""COMPUTED_VALUE"""),"232") -> 232 | E9: =IFERROR(__xludf.DUMMYFUNCTION("""COMPUTED_VALUE"""),"76") -> 76 | F9: =IFERROR(__xludf.DUMMYFUNCTION("""COMPUTED_VALUE"""),"82") -> 82 | G9: =IFERROR(__xludf.DUMMYFUNCTION("""COMPUTED_VALUE"""),"74") -> 74
A10: {=index('Score Calcuations'!$M$3:$M$10,match(C10,'Score Calcuations'!$A$3:$A$10))} -> 21 | B10: =IFERROR(__xludf.DUMMYFUNCTION("""COMPUTED_VALUE"""),"8") -> 8 | C10: =IFERROR(__xludf.DUMMYFUNCTION("""COMPUTED_VALUE"""),"Russ W") -> Russ W | D10: =IFERROR(__xludf.DUMMYFUNCTION("""COMPUTED_VALUE"""),"235") -> 235 | E10: =IFERROR(__xludf.DUMMYFUNCTION("""COMPUTED_VALUE"""),"76") -> 76 | F10: =IFERROR(__xludf.DUMMYFUNCTION("""COMPUTED_VALUE"""),"75") -> 75 | G10: =IFERROR(__xludf.DUMMYFUNCTION("""COMPUTED_VALUE"""),"84") -> 84

Sheet Scorecards
C1: =SETUP!D1 -> STOATIN BRAE | X1: =SETUP!D2 -> 69.2 | Y1: =SETUP!D3 -> 119
C2: Hole | D2: 1 | E2: 2 | F2: 3 | G2: 4 | H2: 5 | I2: 6 | J2: 7 | K2: 8 | L2: 9 | M2: 10 | N2: 11 | O2: 12 | P2: 13 | Q2: 14 | R2: 15 | S2: 16 | T2: 17 | U2: 18 | V2: OUT | W2: IN | X2: TOTAL | Y2: NET
A3: Player | B3: Handi | C3: Par | D3: 4 | E3: 3 | F3: 4 | G3: 4 | H3: 4 | I3: 5 | J3: 3 | K3: 4 | L3: 5 | M3: 4 | N3: 3 | O3: 4 | P3: 4 | Q3: 3 | R3: 4 | S3: 5 | T3: 3 | U3: 5 | V3: =SUM(D3:L3) -> 36 | W3: =SUM(M3:U3) -> 35 | X3: =V3+W3 -> 71
A4: Aaron J | B4: {=index(SETUP!D:D,match(A4,SETUP!A:A,0))} -> 5 | D4: 4 | E4: 3 | F4: 5 | G4: 4 | H4: 5 | I4: 5 | J4: 5 | K4: 6 | L4: 6 | M4: 4 | N4: 3 | O4: 5 | P4: 6 | Q4: 3 | R4: 4 | S4: 5 | T4: 5 | U4: 6 | V4: =SUM(D4:L4) -> 43 | W4: =SUM(M4:U4) -> 41 | X4: =IF(W4>0,V4+W4,"") -> 84 | Y4: =IF(W4=0,"",X4-B4) -> 79
A5: Andy V | B5: {=index(SETUP!D:D,match(A5,SETUP!A:A,0))} -> 11 | D5: 4 | E5: 5 | F5: 5 | G5: 5 | H5: 4 | I5: 5 | J5: 6 | K5: 4 | L5: 5 | M5: 5 | N5: 4 | O5: 4 | P5: 6 | Q5: 4 | R5: 4 | S5: 5 | T5: 5 | U5: 5 | V5: =SUM(D5:L5) -> 43 | W5: =SUM(M5:U5) -> 42 | X5: =IF(W5>0,V5+W5,"") -> 85 | Y5: =IF(W5=0,"",X5-B5) -> 74
A6: Bob B | B6: {=index(SETUP!D:D,match(A6,SETUP!A:A,0))} -> 14 | D6: 6 | E6: 4 | F6: 4 | G6: 5 | H6: 5 | I6: 6 | J6: 4 | K6: 5 | L6: 6 | M6: 5 | N6: 4 | O6: 4 | P6: 6 | Q6: 3 | R6: 5 | S6: 7 | T6: 4 | U6: 7 | V6: =SUM(D6:L6) -> 45 | W6: =SUM(M6:U6) -> 45 | X6: =IF(W6>0,V6+W6,"") -> 90 | Y6: =IF(W6=0,"",X6-B6) -> 76
A7: Brian K | B7: 11 | D7: 4 | E7: 4 | F7: 7 | G7: 4 | H7: 5 | I7: 5 | J7: 5 | K7: 5 | L7: 6 | M7: 3 | N7: 3 | O7: 5 | P7: 5 | Q7: 3 | R7: 4 | S7: 6 | T7: 4 | U7: 6 | V7: =SUM(D7:L7) -> 45 | W7: =SUM(M7:U7) -> 39 | X7: =IF(W7>0,V7+W7,"") -> 84 | Y7: =IF(W7=0,"",X7-B7) -> 73
A8: Eric O | B8: {=index(SETUP!D:D,match(A8,SETUP!A:A,0))} -> 13 | D8: 4 | E8: 3 | F8: 5 | G8: 4 | H8: 5 | I8: 5 | J8: 5 | K8: 7 | L8: 7 | M8: 5 | N8: 4 | O8: 7 | P8: 5 | Q8: 5 | R8: 4 | S8: 5 | T8: 3 | U8: 5 | V8: =SUM(D8:L8) -> 45 | W8: =SUM(M8:U8) -> 43 | X8: =IF(W8>0,V8+W8,"") -> 88 | Y8: =IF(W8=0,"",X8-B8) -> 75
A9: Jeff B | B9: {=index(SETUP!D:D,match(A9,SETUP!A:A,0))} -> 14 | D9: 5 | E9: 5 | F9: 5 | G9: 4 | H9: 5 | I9: 6 | J9: 7 | K9: 4 | L9: 8 | M9: 4 | N9: 2 | O9: 5 | P9: 5 | Q9: 5 | R9: 4 | S9: 5 | T9: 4 | U9: 5 | V9: =SUM(D9:L9) -> 49 | W9: =SUM(M9:U9) -> 39 | X9: =IF(W9>0,V9+W9,"") -> 88 | Y9: =IF(W9=0,"",X9-B9) -> 74
A10: Russ W | B10: {=index(SETUP!D:D,match(A10,SETUP!A:A,0))} -> 11 | D10: 5 | E10: 2 | F10: 5 | G10: 5 | H10: 5 | I10: 9 | J10: 3 | K10: 5 | L10: 7 | M10: 4 | N10: 4 | O10: 5 | P10: 6 | Q10: 3 | R10: 5 | S10: 5 | T10: 4 | U10: 5 | V10: =SUM(D10:L10) -> 46 | W10: =SUM(M10:U10) -> 41 | X10: =IF(W10>0,V10+W10,"") -> 87 | Y10: =IF(W10=0,"",X10-B10) -> 76
A11: Scott R | B11: 5 | D11: 4 | E11: 4 | F11: 3 | G11: 5 | H11: 5 | I11: 6 | J11: 3 | K11: 5 | L11: 4 | M11: 5 | N11: 3 | O11: 4 | P11: 4 | Q11: 3 | R11: 4 | S11: 5 | T11: 3 | U11: 5 | V11: =SUM(D11:L11) -> 39 | W11: =SUM(M11:U11) -> 36 | X11: =IF(W11>0,V11+W11,"") -> 75 | Y11: =IF(W11=0,"",X11-B11) -> 70
C12: SKIN | D12: {=IF(SUM(IF(IF('Betting SETUP'!$D$4:$D$11="Y", D4:D11, 10)=MIN(IF('Betting SETUP'!$D$4:$D$11="Y", D4:D11, 10)), 1, 0)) > 1, "", INDEX('Betting SETUP'!$A$4:$A$11,MATCH(MIN(IF('Betting SETUP'!$D$4:$D$11="Y",D4:D11,10)),IF('Betting SETUP'!$D$4:$D$11="Y",D4:D11,10),0)))} | E12: {=IF(SUM(IF(IF('Betting SETUP'!$D$4:$D$11="Y", E4:E11, 10)=MIN(IF('Betting SETUP'!$D$4:$D$11="Y", E4:E11, 10)), 1, 0)) > 1, "", INDEX('Betting SETUP'!$A$4:$A$11,MATCH(MIN(IF('Betting SETUP'!$D$4:$D$11="Y",E4:E11,10)),IF('Betting SETUP'!$D$4:$D$11="Y",E4:E11,10),0)))} -> RW | F12: {=IF(SUM(IF(IF('Betting SETUP'!$D$4:$D$11="Y", F4:F11, 10)=MIN(IF('Betting SETUP'!$D$4:$D$11="Y", F4:F11, 10)), 1, 0)) > 1, "", INDEX('Betting SETUP'!$A$4:$A$11,MATCH(MIN(IF('Betting SETUP'!$D$4:$D$11="Y",F4:F11,10)),IF('Betting SETUP'!$D$4:$D$11="Y",F4:F11,10),0)))} -> SR | G12: {=IF(SUM(IF(IF('Betting SETUP'!$D$4:$D$11="Y", G4:G11, 10)=MIN(IF('Betting SETUP'!$D$4:$D$11="Y", G4:G11, 10)), 1, 0)) > 1, "", INDEX('Betting SETUP'!$A$4:$A$11,MATCH(MIN(IF('Betting SETUP'!$D$4:$D$11="Y",G4:G11,10)),IF('Betting SETUP'!$D$4:$D$11="Y",G4:G11,10),0)))} | H12: {=IF(SUM(IF(IF('Betting SETUP'!$D$4:$D$11="Y", H4:H11, 10)=MIN(IF('Betting SETUP'!$D$4:$D$11="Y", H4:H11, 10)), 1, 0)) > 1, "", INDEX('Betting SETUP'!$A$4:$A$11,MATCH(MIN(IF('Betting SETUP'!$D$4:$D$11="Y",H4:H11,10)),IF('Betting SETUP'!$D$4:$D$11="Y",H4:H11,10),0)))} -> AV | I12: {=IF(SUM(IF(IF('Betting SETUP'!$D$4:$D$11="Y", I4:I11, 10)=MIN(IF('Betting SETUP'!$D$4:$D$11="Y", I4:I11, 10)), 1, 0)) > 1, "", INDEX('Betting SETUP'!$A$4:$A$11,MATCH(MIN(IF('Betting SETUP'!$D$4:$D$11="Y",I4:I11,10)),IF('Betting SETUP'!$D$4:$D$11="Y",I4:I11,10),0)))} | J12: {=IF(SUM(IF(IF('Betting SETUP'!$D$4:$D$11="Y", J4:J11, 10)=MIN(IF('Betting SETUP'!$D$4:$D$11="Y", J4:J11, 10)), 1, 0)) > 1, "", INDEX('Betting SETUP'!$A$4:$A$11,MATCH(MIN(IF('Betting SETUP'!$D$4:$D$11="Y",J4:J11,10)),IF('Betting SETUP'!$D$4:$D$11="Y",J4:J11,10),0)))} | K12: {=IF(SUM(IF(IF('Betting SETUP'!$D$4:$D$11="Y", K4:K11, 10)=MIN(IF('Betting SETUP'!$D$4:$D$11="Y", K4:K11, 10)), 1, 0)) > 1, "", INDEX('Betting SETUP'!$A$4:$A$11,MATCH(MIN(IF('Betting SETUP'!$D$4:$D$11="Y",K4:K11,10)),IF('Betting SETUP'!$D$4:$D$11="Y",K4:K11,10),0)))} | ... U12: {=IF(SUM(IF(IF('Betting SETUP'!$D$4:$D$11="Y", U4:U11, 10)=MIN(IF('Betting SETUP'!$D$4:$D$11="Y", U4:U11, 10)), 1, 0)) > 1, "", INDEX('Betting SETUP'!$A$4:$A$11,MATCH(MIN(IF('Betting SETUP'!$D$4:$D$11="Y",U4:U11,10)),IF('Betting SETUP'!$D$4:$D$11="Y",U4:U11,10),0)))} | X12: =18-COUNTBLANK(D12:U12) -> 7
C13: CTP | E13: SR | J13: RW | N13: BK | Q13: RW | T13: BK | V13: =countif(D3:L3,3) -> 2 | W13: =countif(M3:U3,3) -> 3 | X13: =COUNTA(D13:U13) -> 5
C15: =SETUP!E1 -> STONEHEDGE N | X15: =SETUP!E2 -> 71 | Y15: =SETUP!E3 -> 129
C16: Hole | D16: 1 | E16: 2 | F16: 3 | G16: 4 | H16: 5 | I16: 6 | J16: 7 | K16: 8 | L16: 9 | M16: 10 | N16: 11 | O16: 12 | P16: 13 | Q16: 14 | R16: 15 | S16: 16 | T16: 17 | U16: 18 | V16: OUT | W16: IN | X16: TOTAL | Y16: NET
A17: Player | B17: Handi | C17: Par | D17: 5 | E17: 3 | F17: 4 | G17: 3 | H17: 5 | I17: 4 | J17: 4 | K17: 3 | L17: 5 | M17: 4 | N17: 3 | O17: 5 | P17: 3 | Q17: 5 | R17: 4 | S17: 4 | T17: 3 | U17: 5 | V17: =SUM(D17:L17) -> 36 | W17: =SUM(M17:U17) -> 36 | X17: =V17+W17 -> 72
A18: Aaron J | B18: {=index(SETUP!E:E,match(A18,SETUP!A:A,0))} -> 7 | D18: 6 | E18: 3 | F18: 5 | G18: 3 | H18: 5 | I18: 4 | J18: 4 | K18: 4 | L18: 7 | M18: 4 | N18: 3 | O18: 6 | P18: 2 | Q18: 7 | R18: 4 | S18: 4 | T18: 3 | U18: 7 | V18: =SUM(D18:L18) -> 41 | W18: =SUM(M18:U18) -> 40 | X18: =IF(W18>0,V18+W18,"") -> 81 | Y18: =IF(W18=0,"",X18-B18) -> 74
A19: Andy V | B19: {=index(SETUP!E:E,match(A19,SETUP!A:A,0))} -> 13 | D19: 6 | E19: 3 | F19: 7 | G19: 3 | H19: 7 | I19: 5 | J19: 4 | K19: 4 | L19: 5 | M19: 5 | N19: 4 | O19: 7 | P19: 3 | Q19: 5 | R19: 6 | S19: 4 | T19: 4 | U19: 6 | V19: =SUM(D19:L19) -> 44 | W19: =SUM(M19:U19) -> 44 | X19: =IF(W19>0,V19+W19,"") -> 88 | Y19: =IF(W19=0,"",X19-B19) -> 75
A20: Bob B | B20: {=index(SETUP!E:E,match(A20,SETUP!A:A,0))} -> 16 | D20: 6 | E20: 3 | F20: 5 | G20: 4 | H20: 7 | I20: 5 | J20: 7 | K20: 4 | L20: 7 | M20: 5 | N20: 4 | O20: 6 | P20: 3 | Q20: 5 | R20: 9 | S20: 5 | T20: 5 | U20: 8 | V20: =SUM(D20:L20) -> 48 | W20: =SUM(M20:U20) -> 50 | X20: =IF(W20>0,V20+W20,"") -> 98 | Y20: =IF(W20=0,"",X20-B20) -> 82
A21: Brian K | B21: {=index(SETUP!E:E,match(A21,SETUP!A:A,0))} -> 12 | D21: 6 | E21: 3 | F21: 6 | G21: 3 | H21: 5 | I21: 4 | J21: 5 | K21: 4 | L21: 6 | M21: 5 | N21: 3 | O21: 5 | P21: 2 | Q21: 5 | R21: 6 | S21: 4 | T21: 2 | U21: 6 | V21: =SUM(D21:L21) -> 42 | W21: =SUM(M21:U21) -> 38 | X21: =IF(W21>0,V21+W21,"") -> 80 | Y21: =IF(W21=0,"",X21-B21) -> 68
A22: Eric O | B22: 16 | D22: 5 | E22: 3 | F22: 6 | G22: 4 | H22: 6 | I22: 5 | J22: 6 | K22: 3 | L22: 5 | M22: 4 | N22: 3 | O22: 6 | P22: 5 | Q22: 5 | R22: 4 | S22: 4 | T22: 2 | U22: 7 | V22: =SUM(D22:L22) -> 43 | W22: =SUM(M22:U22) -> 40 | X22: =IF(W22>0,V22+W22,"") -> 83 | Y22: =IF(W22=0,"",X22-B22) -> 67
A23: Jeff B | B23: 17 | D23: 5 | E23: 4 | F23: 5 | G23: 4 | H23: 7 | I23: 5 | J23: 5 | K23: 4 | L23: 5 | M23: 6 | N23: 5 | O23: 6 | P23: 6 | Q23: 5 | R23: 4 | S23: 8 | T23: 5 | U23: 7 | V23: =SUM(D23:L23) -> 44 | W23: =SUM(M23:U23) -> 52 | X23: =IF(W23>0,V23+W23,"") -> 96 | Y23: =IF(W23=0,"",X23-B23) -> 79
A24: Russ W | B24: {=index(SETUP!E:E,match(A24,SETUP!A:A,0))} -> 13 | D24: 5 | E24: 4 | F24: 5 | G24: 5 | H24: 4 | I24: 5 | J24: 7 | K24: 3 | L24: 7 | M24: 4 | N24: 5 | O24: 5 | P24: 4 | Q24: 7 | R24: 5 | S24: 4 | T24: 3 | U24: 6 | V24: =SUM(D24:L24) -> 45 | W24: =SUM(M24:U24) -> 43 | X24: =IF(W24>0,V24+W24,"") -> 88 | Y24: =IF(W24=0,"",X24-B24) -> 75
A25: Scott R | B25: 5 | D25: 6 | E25: 3 | F25: 4 | G25: 3 | H25: 7 | I25: 5 | J25: 4 | K25: 3 | L25: 6 | M25: 5 | N25: 3 | O25: 5 | P25: 3 | Q25: 5 | R25: 4 | S25: 4 | T25: 2 | U25: 7 | V25: =SUM(D25:L25) -> 41 | W25: =SUM(M25:U25) -> 38 | X25: =IF(W25>0,V25+W25,"") -> 79 | Y25: =IF(W25=0,"",X25-B25) -> 74
C26: SKIN | D26: {=IF(SUM(IF(IF('Betting SETUP'!$D$4:$D$11="Y", D18:D25, 10)=MIN(IF('Betting SETUP'!$D$4:$D$11="Y", D18:D25, 10)), 1, 0)) > 1, "", INDEX('Betting SETUP'!$A$4:$A$11,MATCH(MIN(IF('Betting SETUP'!$D$4:$D$11="Y",D18:D25,10)),IF('Betting SETUP'!$D$4:$D$11="Y",D18:D25,10),0)))} | E26: {=IF(SUM(IF(IF('Betting SETUP'!$D$4:$D$11="Y", E18:E25, 10)=MIN(IF('Betting SETUP'!$D$4:$D$11="Y", E18:E25, 10)), 1, 0)) > 1, "", INDEX('Betting SETUP'!$A$4:$A$11,MATCH(MIN(IF('Betting SETUP'!$D$4:$D$11="Y",E18:E25,10)),IF('Betting SETUP'!$D$4:$D$11="Y",E18:E25,10),0)))} | F26: {=IF(SUM(IF(IF('Betting SETUP'!$D$4:$D$11="Y", F18:F25, 10)=MIN(IF('Betting SETUP'!$D$4:$D$11="Y", F18:F25, 10)), 1, 0)) > 1, "", INDEX('Betting SETUP'!$A$4:$A$11,MATCH(MIN(IF('Betting SETUP'!$D$4:$D$11="Y",F18:F25,10)),IF('Betting SETUP'!$D$4:$D$11="Y",F18:F25,10),0)))} -> SR | G26: {=IF(SUM(IF(IF('Betting SETUP'!$D$4:$D$11="Y", G18:G25, 10)=MIN(IF('Betting SETUP'!$D$4:$D$11="Y", G18:G25, 10)), 1, 0)) > 1, "", INDEX('Betting SETUP'!$A$4:$A$11,MATCH(MIN(IF('Betting SETUP'!$D$4:$D$11="Y",G18:G25,10)),IF('Betting SETUP'!$D$4:$D$11="Y",G18:G25,10),0)))} | H26: {=IF(SUM(IF(IF('Betting SETUP'!$D$4:$D$11="Y", H18:H25, 10)=MIN(IF('Betting SETUP'!$D$4:$D$11="Y", H18:H25, 10)), 1, 0)) > 1, "", INDEX('Betting SETUP'!$A$4:$A$11,MATCH(MIN(IF('Betting SETUP'!$D$4:$D$11="Y",H18:H25,10)),IF('Betting SETUP'!$D$4:$D$11="Y",H18:H25,10),0)))} -> RW | I26: {=IF(SUM(IF(IF('Betting SETUP'!$D$4:$D$11="Y", I18:I25, 10)=MIN(IF('Betting SETUP'!$D$4:$D$11="Y", I18:I25, 10)), 1, 0)) > 1, "", INDEX('Betting SETUP'!$A$4:$A$11,MATCH(MIN(IF('Betting SETUP'!$D$4:$D$11="Y",I18:I25,10)),IF('Betting SETUP'!$D$4:$D$11="Y",I18:I25,10),0)))} | J26: {=IF(SUM(IF(IF('Betting SETUP'!$D$4:$D$11="Y", J18:J25, 10)=MIN(IF('Betting SETUP'!$D$4:$D$11="Y", J18:J25, 10)), 1, 0)) > 1, "", INDEX('Betting SETUP'!$A$4:$A$11,MATCH(MIN(IF('Betting SETUP'!$D$4:$D$11="Y",J18:J25,10)),IF('Betting SETUP'!$D$4:$D$11="Y",J18:J25,10),0)))} | K26: {=IF(SUM(IF(IF('Betting SETUP'!$D$4:$D$11="Y", K18:K25, 10)=MIN(IF('Betting SETUP'!$D$4:$D$11="Y", K18:K25, 10)), 1, 0)) > 1, "", INDEX('Betting SETUP'!$A$4:$A$11,MATCH(MIN(IF('Betting SETUP'!$D$4:$D$11="Y",K18:K25,10)),IF('Betting SETUP'!$D$4:$D$11="Y",K18:K25,10),0)))} | ... U26: {=IF(SUM(IF(IF('Betting SETUP'!$D$4:$D$11="Y", U18:U25, 10)=MIN(IF('Betting SETUP'!$D$4:$D$11="Y", U18:U25, 10)), 1, 0)) > 1, "", INDEX('Betting SETUP'!$A$4:$A$11,MATCH(MIN(IF('Betting SETUP'!$D$4:$D$11="Y",U18:U25,10)),IF('Betting SETUP'!$D$4:$D$11="Y",U18:U25,10),0)))} | X26: =18-COUNTBLANK(D26:U26) -> 2
C27: CTP | E27: EO | G27: SR | K27: EO | N27: EO | P27: AJ | T27: EO | V27: =countif(D17:L17,3) -> 3 | W27: =countif(M17:U17,3) -> 3 | X27: =COUNTA(D27:U27) -> 6
C29: =SETUP!F1 -> STOATIN BRAE | X29: =SETUP!F2 -> 69.2 | Y29: =SETUP!F3 -> 119
C30: Hole | D30: 1 | E30: 2 | F30: 3 | G30: 4 | H30: 5 | I30: 6 | J30: 7 | K30: 8 | L30: 9 | M30: 10 | N30: 11 | O30: 12 | P30: 13 | Q30: 14 | R30: 15 | S30: 16 | T30: 17 | U30: 18 | V30: OUT | W30: IN | X30: TOTAL | Y30: NET
A31: Player | B31: Handi | C31: Par | D31: 4 | E31: 3 | F31: 4 | G31: 4 | H31: 4 | I31: 5 | J31: 3 | K31: 4 | L31: 5 | M31: 4 | N31: 3 | O31: 4 | P31: 4 | Q31: 3 | R31: 4 | S31: 5 | T31: 3 | U31: 5 | V31: =SUM(D31:L31) -> 36 | W31: =SUM(M31:U31) -> 35 | X31: =V31+W31 -> 71
A32: Aaron J | B32: {=index(SETUP!F:F,match(A32,SETUP!A:A,0))} -> 5 | D32: 5 | E32: 3 | F32: 6 | G32: 6 | H32: 4 | I32: 4 | J32: 5 | K32: 4 | L32: 4 | M32: 4 | N32: 3 | O32: 4 | P32: 5 | Q32: 4 | R32: 5 | S32: 4 | T32: 3 | U32: 6 | V32: =SUM(D32:L32) -> 41 | W32: =SUM(M32:U32) -> 38 | X32: =IF(W32>0,V32+W32,"") -> 79 | Y32: =IF(W32=0,"",X32-B32) -> 74
A33: Andy V | B33: 14 | D33: 5 | E33: 3 | F33: 7 | G33: 5 | H33: 5 | I33: 5 | J33: 3 | K33: 4 | L33: 7 | M33: 4 | N33: 4 | O33: 4 | P33: 5 | Q33: 6 | R33: 6 | S33: 6 | T33: 6 | U33: 7 | V33: =SUM(D33:L33) -> 44 | W33: =SUM(M33:U33) -> 48 | X33: =IF(W33>0,V33+W33,"") -> 92 | Y33: =IF(W33=0,"",X33-B33) -> 78
A34: Bob B | B34: {=index(SETUP!F:F,match(A34,SETUP!A:A,0))} -> 14 | D34: 5 | E34: 5 | F34: 4 | G34: 6 | H34: 5 | I34: 5 | J34: 4 | K34: 4 | L34: 6 | M34: 6 | N34: 4 | O34: 6 | P34: 5 | Q34: 4 | R34: 4 | S34: 6 | T34: 3 | U34: 6 | V34: =SUM(D34:L34) -> 44 | W34: =SUM(M34:U34) -> 44 | X34: =IF(W34>0,V34+W34,"") -> 88 | Y34: =IF(W34=0,"",X34-B34) -> 74
A35: Brian K | B35: {=index(SETUP!F:F,match(A35,SETUP!A:A,0))} -> 10 | D35: 5 | E35: 5 | F35: 5 | G35: 4 | H35: 4 | I35: 5 | J35: 4 | K35: 4 | L35: 8 | M35: 5 | N35: 3 | O35: 6 | P35: 5 | Q35: 3 | R35: 3 | S35: 5 | T35: 4 | U35: 5 | V35: =SUM(D35:L35) -> 44 | W35: =SUM(M35:U35) -> 39 | X35: =IF(W35>0,V35+W35,"") -> 83 | Y35: =IF(W35=0,"",X35-B35) -> 73
A36: Eric O | B36: {=index(SETUP!F:F,match(A36,SETUP!A:A,0))} -> 13 | D36: 4 | E36: 5 | F36: 6 | G36: 6 | H36: 5 | I36: 5 | J36: 6 | K36: 5 | L36: 6 | M36: 6 | N36: 4 | O36: 5 | P36: 7 | Q36: 7 | R36: 4 | S36: 6 | T36: 5 | U36: 5 | V36: =SUM(D36:L36) -> 48 | W36: =SUM(M36:U36) -> 49 | X36: =IF(W36>0,V36+W36,"") -> 97 | Y36: =IF(W36=0,"",X36-B36) -> 84
A37: Jeff B | B37: 15 | D37: 5 | E37: 4 | F37: 6 | G37: 5 | H37: 5 | I37: 6 | J37: 5 | K37: 5 | L37: 6 | M37: 3 | N37: 4 | O37: 5 | P37: 5 | Q37: 6 | R37: 4 | S37: 7 | T37: 4 | U37: 6 | V37: =SUM(D37:L37) -> 47 | W37: =SUM(M37:U37) -> 44 | X37: =IF(W37>0,V37+W37,"") -> 91 | Y37: =IF(W37=0,"",X37-B37) -> 76
A38: Russ W | B38: {=index(SETUP!F:F,match(A38,SETUP!A:A,0))} -> 11 | D38: 8 | E38: 4 | F38: 5 | G38: 6 | H38: 7 | I38: 6 | J38: 4 | K38: 5 | L38: 6 | M38: 5 | N38: 4 | O38: 4 | P38: 7 | Q38: 3 | R38: 4 | S38: 6 | T38: 4 | U38: 7 | V38: =SUM(D38:L38) -> 51 | W38: =SUM(M38:U38) -> 44 | X38: =IF(W38>0,V38+W38,"") -> 95 | Y38: =IF(W38=0,"",X38-B38) -> 84
A39: Scott R | B39: 4 | D39: 5 | E39: 4 | F39: 5 | G39: 4 | H39: 5 | I39: 5 | J39: 4 | K39: 6 | L39: 4 | M39: 5 | N39: 3 | O39: 5 | P39: 4 | Q39: 4 | R39: 4 | S39: 6 | T39: 4 | U39: 6 | V39: =SUM(D39:L39) -> 42 | W39: =SUM(M39:U39) -> 41 | X39: =IF(W39>0,V39+W39,"") -> 83 | Y39: =IF(W39=0,"",X39-B39) -> 79
C40: SKIN | D40: {=IF(SUM(IF(IF('Betting SETUP'!$D$4:$D$11="Y", D32:D39, 10)=MIN(IF('Betting SETUP'!$D$4:$D$11="Y", D32:D39, 10)), 1, 0)) > 1, "", INDEX('Betting SETUP'!$A$4:$A$11,MATCH(MIN(IF('Betting SETUP'!$D$4:$D$11="Y",D32:D39,10)),IF('Betting SETUP'!$D$4:$D$11="Y",D32:D39,10),0)))} -> EO | E40: {=IF(SUM(IF(IF('Betting SETUP'!$D$4:$D$11="Y", E32:E39, 10)=MIN(IF('Betting SETUP'!$D$4:$D$11="Y", E32:E39, 10)), 1, 0)) > 1, "", INDEX('Betting SETUP'!$A$4:$A$11,MATCH(MIN(IF('Betting SETUP'!$D$4:$D$11="Y",E32:E39,10)),IF('Betting SETUP'!$D$4:$D$11="Y",E32:E39,10),0)))} | F40: {=IF(SUM(IF(IF('Betting SETUP'!$D$4:$D$11="Y", F32:F39, 10)=MIN(IF('Betting SETUP'!$D$4:$D$11="Y", F32:F39, 10)), 1, 0)) > 1, "", INDEX('Betting SETUP'!$A$4:$A$11,MATCH(MIN(IF('Betting SETUP'!$D$4:$D$11="Y",F32:F39,10)),IF('Betting SETUP'!$D$4:$D$11="Y",F32:F39,10),0)))} -> BB | G40: {=IF(SUM(IF(IF('Betting SETUP'!$D$4:$D$11="Y", G32:G39, 10)=MIN(IF('Betting SETUP'!$D$4:$D$11="Y", G32:G39, 10)), 1, 0)) > 1, "", INDEX('Betting SETUP'!$A$4:$A$11,MATCH(MIN(IF('Betting SETUP'!$D$4:$D$11="Y",G32:G39,10)),IF('Betting SETUP'!$D$4:$D$11="Y",G32:G39,10),0)))} | H40: {=IF(SUM(IF(IF('Betting SETUP'!$D$4:$D$11="Y", H32:H39, 10)=MIN(IF('Betting SETUP'!$D$4:$D$11="Y", H32:H39, 10)), 1, 0)) > 1, "", INDEX('Betting SETUP'!$A$4:$A$11,MATCH(MIN(IF('Betting SETUP'!$D$4:$D$11="Y",H32:H39,10)),IF('Betting SETUP'!$D$4:$D$11="Y",H32:H39,10),0)))} | I40: {=IF(SUM(IF(IF('Betting SETUP'!$D$4:$D$11="Y", I32:I39, 10)=MIN(IF('Betting SETUP'!$D$4:$D$11="Y", I32:I39, 10)), 1, 0)) > 1, "", INDEX('Betting SETUP'!$A$4:$A$11,MATCH(MIN(IF('Betting SETUP'!$D$4:$D$11="Y",I32:I39,10)),IF('Betting SETUP'!$D$4:$D$11="Y",I32:I39,10),0)))} -> AJ | J40: {=IF(SUM(IF(IF('Betting SETUP'!$D$4:$D$11="Y", J32:J39, 10)=MIN(IF('Betting SETUP'!$D$4:$D$11="Y", J32:J39, 10)), 1, 0)) > 1, "", INDEX('Betting SETUP'!$A$4:$A$11,MATCH(MIN(IF('Betting SETUP'!$D$4:$D$11="Y",J32:J39,10)),IF('Betting SETUP'!$D$4:$D$11="Y",J32:J39,10),0)))} -> AV | K40: {=IF(SUM(IF(IF('Betting SETUP'!$D$4:$D$11="Y", K32:K39, 10)=MIN(IF('Betting SETUP'!$D$4:$D$11="Y", K32:K39, 10)), 1, 0)) > 1, "", INDEX('Betting SETUP'!$A$4:$A$11,MATCH(MIN(IF('Betting SETUP'!$D$4:$D$11="Y",K32:K39,10)),IF('Betting SETUP'!$D$4:$D$11="Y",K32:K39,10),0)))} | ... U40: {=IF(SUM(IF(IF('Betting SETUP'!$D$4:$D$11="Y", U32:U39, 10)=MIN(IF('Betting SETUP'!$D$4:$D$11="Y", U32:U39, 10)), 1, 0)) > 1, "", INDEX('Betting SETUP'!$A$4:$A$11,MATCH(MIN(IF('Betting SETUP'!$D$4:$D$11="Y",U32:U39,10)),IF('Betting SETUP'!$D$4:$D$11="Y",U32:U39,10),0)))} | X40: =18-COUNTBLANK(D40:U40) -> 8
C41: CTP | E41: AV | J41: AV | N41: SR | Q41: BK | T41: BB | V41: =countif(D31:L31,3) -> 2 | W41: =countif(M31:U31,3) -> 3 | X41: =COUNTA(D41:U41) -> 5

Sheet BettingScoreboard
A1: Low Net Per Round | B1: =Scorecards!C1 -> STOATIN BRAE | C1: =Scorecards!C15 -> STONEHEDGE N | D1: =Scorecards!C29 -> STOATIN BRAE
A2: ='Betting SETUP'!$A$4 -> AJ | B2: {=IF(index('Betting SETUP'!C:C,match(A2,'Betting SETUP'!A:A,0))="Y",(index('Score Calcuations'!F:F,match(A2,'Score Calcuations'!B:B))), "out")} -> 79 | C2: {=IF(index('Betting SETUP'!C:C,match(A2,'Betting SETUP'!A:A,0))="Y",(index('Score Calcuations'!H:H,match(A2,'Score Calcuations'!B:B))), "out")} -> 74 | D2: {=IF(index('Betting SETUP'!C:C,match(A2,'Betting SETUP'!A:A,0))="Y",(index('Score Calcuations'!J:J,match(A2,'Score Calcuations'!B:B))), "out")} -> 74
A3: ='Betting SETUP'!$A$5 -> AV | B3: {=IF(index('Betting SETUP'!C:C,match(A3,'Betting SETUP'!A:A,0))="Y",(index('Score Calcuations'!F:F,match(A3,'Score Calcuations'!B:B))), "out")} -> 74 | C3: {=IF(index('Betting SETUP'!C:C,match(A3,'Betting SETUP'!A:A,0))="Y",(index('Score Calcuations'!H:H,match(A3,'Score Calcuations'!B:B))), "out")} -> 75 | D3: {=IF(index('Betting SETUP'!C:C,match(A3,'Betting SETUP'!A:A,0))="Y",(index('Score Calcuations'!J:J,match(A3,'Score Calcuations'!B:B))), "out")} -> 78
A4: ='Betting SETUP'!$A$6 -> BB | B4: {=IF(index('Betting SETUP'!C:C,match(A4,'Betting SETUP'!A:A,0))="Y",(index('Score Calcuations'!F:F,match(A4,'Score Calcuations'!B:B))), "out")} -> 76 | C4: {=IF(index('Betting SETUP'!C:C,match(A4,'Betting SETUP'!A:A,0))="Y",(index('Score Calcuations'!H:H,match(A4,'Score Calcuations'!B:B))), "out")} -> 82 | D4: {=IF(index('Betting SETUP'!C:C,match(A4,'Betting SETUP'!A:A,0))="Y",(index('Score Calcuations'!J:J,match(A4,'Score Calcuations'!B:B))), "out")} -> 74
A5: ='Betting SETUP'!$A$7 -> BK | B5: {=IF(index('Betting SETUP'!C:C,match(A5,'Betting SETUP'!A:A,0))="Y",(index('Score Calcuations'!F:F,match(A5,'Score Calcuations'!B:B))), "out")} -> 73 | C5: {=IF(index('Betting SETUP'!C:C,match(A5,'Betting SETUP'!A:A,0))="Y",(index('Score Calcuations'!H:H,match(A5,'Score Calcuations'!B:B))), "out")} -> 68 | D5: {=IF(index('Betting SETUP'!C:C,match(A5,'Betting SETUP'!A:A,0))="Y",(index('Score Calcuations'!J:J,match(A5,'Score Calcuations'!B:B))), "out")} -> 73
A6: ='Betting SETUP'!$A$8 -> EO | B6: {=IF(index('Betting SETUP'!C:C,match(A6,'Betting SETUP'!A:A,0))="Y",(index('Score Calcuations'!F:F,match(A6,'Score Calcuations'!B:B))), "out")} -> 75 | C6: {=IF(index('Betting SETUP'!C:C,match(A6,'Betting SETUP'!A:A,0))="Y",(index('Score Calcuations'!H:H,match(A6,'Score Calcuations'!B:B))), "out")} -> 67 | D6: {=IF(index('Betting SETUP'!C:C,match(A6,'Betting SETUP'!A:A,0))="Y",(index('Score Calcuations'!J:J,match(A6,'Score Calcuations'!B:B))), "out")} -> 84
A7: ='Betting SETUP'!$A$9 -> JB | B7: {=IF(index('Betting SETUP'!C:C,match(A7,'Betting SETUP'!A:A,0))="Y",(index('Score Calcuations'!F:F,match(A7,'Score Calcuations'!B:B))), "out")} -> 74 | C7: {=IF(index('Betting SETUP'!C:C,match(A7,'Betting SETUP'!A:A,0))="Y",(index('Score Calcuations'!H:H,match(A7,'Score Calcuations'!B:B))), "out")} -> 79 | D7: {=IF(index('Betting SETUP'!C:C,match(A7,'Betting SETUP'!A:A,0))="Y",(index('Score Calcuations'!J:J,match(A7,'Score Calcuations'!B:B))), "out")} -> 76
A8: ='Betting SETUP'!$A$10 -> RW | B8: {=IF(index('Betting SETUP'!C:C,match(A8,'Betting SETUP'!A:A,0))="Y",(index('Score Calcuations'!F:F,match(A8,'Score Calcuations'!B:B))), "out")} -> 76 | C8: {=IF(index('Betting SETUP'!C:C,match(A8,'Betting SETUP'!A:A,0))="Y",(index('Score Calcuations'!H:H,match(A8,'Score Calcuations'!B:B))), "out")} -> 75 | D8: {=IF(index('Betting SETUP'!C:C,match(A8,'Betting SETUP'!A:A,0))="Y",(index('Score Calcuations'!J:J,match(A8,'Score Calcuations'!B:B))), "out")} -> 84
A9: ='Betting SETUP'!$A$11 -> SR | B9: {=IF(index('Betting SETUP'!C:C,match(A9,'Betting SETUP'!A:A,0))="Y",(index('Score Calcuations'!F:F,match(A9,'Score Calcuations'!B:B))), "out")} -> 70 | C9: {=IF(index('Betting SETUP'!C:C,match(A9,'Betting SETUP'!A:A,0))="Y",(index('Score Calcuations'!H:H,match(A9,'Score Calcuations'!B:B))), "out")} -> 74 | D9: {=IF(index('Betting SETUP'!C:C,match(A9,'Betting SETUP'!A:A,0))="Y",(index('Score Calcuations'!J:J,match(A9,'Score Calcuations'!B:B))), "out")} -> 79
A10: # of Winners | B10: =COUNTIF(BettingScoreboard!$B$2:$B$9,MIN(BettingScoreboard!$B$2:$B$9)) -> 1 | C10: =COUNTIF(BettingScoreboard!$C$2:$C$9,MIN(BettingScoreboard!$C$2:$C$9)) -> 1 | D10: =COUNTIF(BettingScoreboard!$D$2:$D$9,MIN(BettingScoreboard!$D$2:$D$9)) -> 1
A11: $ | B11: =if(B10=0,"",'Betting SETUP'!$C$3/B10) -> 20 | C11: =if(C10=0,"",'Betting SETUP'!$C$3/C10) -> 20 | D11: =if(D10=0,"",'Betting SETUP'!$C$3/D10) -> 20
A13: Player | B13: Skins | C13: Skin $ | D13: ='Betting SETUP'!D3/sum(Scorecards!X12,Scorecards!X26,Scorecards!X40) -> 15.294118
A14: ='Betting SETUP'!$A$4 -> AJ | B14: =SUM(COUNTIF(Scorecards!$D$12:$U$12,BettingScoreboard!$A14),COUNTIF(Scorecards!$D$26:$U$26,BettingScoreboard!$A14),COUNTIF(Scorecards!$D$40:$U$40,BettingScoreboard!$A14)) -> 2 | C14: =B14*'Betting SETUP'!$D$3/(sum($B$14:$B$21)) -> 30.588235
A15: ='Betting SETUP'!$A$5 -> AV | B15: =SUM(COUNTIF(Scorecards!$D$12:$U$12,BettingScoreboard!$A15),COUNTIF(Scorecards!$D$26:$U$26,BettingScoreboard!$A15),COUNTIF(Scorecards!$D$40:$U$40,BettingScoreboard!$A15)) -> 2 | C15: =B15*'Betting SETUP'!$D$3/(sum($B$14:$B$21)) -> 30.588235
A16: ='Betting SETUP'!$A$6 -> BB | B16: =SUM(COUNTIF(Scorecards!$D$12:$U$12,BettingScoreboard!$A16),COUNTIF(Scorecards!$D$26:$U$26,BettingScoreboard!$A16),COUNTIF(Scorecards!$D$40:$U$40,BettingScoreboard!$A16)) -> 1 | C16: =B16*'Betting SETUP'!$D$3/(sum($B$14:$B$21)) -> 15.294118
A17: ='Betting SETUP'!$A$7 -> BK | B17: =SUM(COUNTIF(Scorecards!$D$12:$U$12,BettingScoreboard!$A17),COUNTIF(Scorecards!$D$26:$U$26,BettingScoreboard!$A17),COUNTIF(Scorecards!$D$40:$U$40,BettingScoreboard!$A17)) -> 2 | C17: =B17*'Betting SETUP'!$D$3/(sum($B$14:$B$21)) -> 30.588235
A18: ='Betting SETUP'!$A$8 -> EO | B18: =SUM(COUNTIF(Scorecards!$D$12:$U$12,BettingScoreboard!$A18),COUNTIF(Scorecards!$D$26:$U$26,BettingScoreboard!$A18),COUNTIF(Scorecards!$D$40:$U$40,BettingScoreboard!$A18)) -> 1 | C18: =B18*'Betting SETUP'!$D$3/(sum($B$14:$B$21)) -> 15.294118
A19: ='Betting SETUP'!$A$9 -> JB | B19: =SUM(COUNTIF(Scorecards!$D$12:$U$12,BettingScoreboard!$A19),COUNTIF(Scorecards!$D$26:$U$26,BettingScoreboard!$A19),COUNTIF(Scorecards!$D$40:$U$40,BettingScoreboard!$A19)) -> 2 | C19: =B19*'Betting SETUP'!$D$3/(sum($B$14:$B$21)) -> 30.588235
A20: ='Betting SETUP'!$A$10 -> RW | B20: =SUM(COUNTIF(Scorecards!$D$12:$U$12,BettingScoreboard!$A20),COUNTIF(Scorecards!$D$26:$U$26,BettingScoreboard!$A20),COUNTIF(Scorecards!$D$40:$U$40,BettingScoreboard!$A20)) -> 2 | C20: =B20*'Betting SETUP'!$D$3/(sum($B$14:$B$21)) -> 30.588235
A21: ='Betting SETUP'!$A$11 -> SR | B21: =SUM(COUNTIF(Scorecards!$D$12:$U$12,BettingScoreboard!$A21),COUNTIF(Scorecards!$D$26:$U$26,BettingScoreboard!$A21),COUNTIF(Scorecards!$D$40:$U$40,BettingScoreboard!$A21)) -> 5 | C21: =B21*'Betting SETUP'!$D$3/(sum($B$14:$B$21)) -> 76.470588
A23: Player | B23: CTP | C23: CTP $ | D23: ='Betting SETUP'!E3 -> 10
A24: ='Betting SETUP'!$A$4 -> AJ | B24: =SUM(COUNTIF(Scorecards!$D$13:$U$13,BettingScoreboard!$A24),COUNTIF(Scorecards!$D$27:$U$27,BettingScoreboard!$A24),COUNTIF(Scorecards!$D$41:$U$41,BettingScoreboard!$A24),COUNTIF(#REF!,BettingScoreboard!$A24)) -> 1 | C24: =B24*$D$23 -> 10
A25: ='Betting SETUP'!$A$5 -> AV | B25: =SUM(COUNTIF(Scorecards!$D$13:$U$13,BettingScoreboard!$A25),COUNTIF(Scorecards!$D$27:$U$27,BettingScoreboard!$A25),COUNTIF(Scorecards!$D$41:$U$41,BettingScoreboard!$A25),COUNTIF(#REF!,BettingScoreboard!$A25)) -> 2 | C25: =B25*$D$23 -> 20
A26: ='Betting SETUP'!$A$6 -> BB | B26: =SUM(COUNTIF(Scorecards!$D$13:$U$13,BettingScoreboard!$A26),COUNTIF(Scorecards!$D$27:$U$27,BettingScoreboard!$A26),COUNTIF(Scorecards!$D$41:$U$41,BettingScoreboard!$A26),COUNTIF(#REF!,BettingScoreboard!$A26)) -> 1 | C26: =B26*$D$23 -> 10
A27: ='Betting SETUP'!$A$7 -> BK | B27: =SUM(COUNTIF(Scorecards!$D$13:$U$13,BettingScoreboard!$A27),COUNTIF(Scorecards!$D$27:$U$27,BettingScoreboard!$A27),COUNTIF(Scorecards!$D$41:$U$41,BettingScoreboard!$A27),COUNTIF(#REF!,BettingScoreboard!$A27)) -> 3 | C27: =B27*$D$23 -> 30
A28: ='Betting SETUP'!$A$8 -> EO | B28: =SUM(COUNTIF(Scorecards!$D$13:$U$13,BettingScoreboard!$A28),COUNTIF(Scorecards!$D$27:$U$27,BettingScoreboard!$A28),COUNTIF(Scorecards!$D$41:$U$41,BettingScoreboard!$A28),COUNTIF(#REF!,BettingScoreboard!$A28)) -> 4 | C28: =B28*$D$23 -> 40
A29: ='Betting SETUP'!$A$9 -> JB | B29: =SUM(COUNTIF(Scorecards!$D$13:$U$13,BettingScoreboard!$A29),COUNTIF(Scorecards!$D$27:$U$27,BettingScoreboard!$A29),COUNTIF(Scorecards!$D$41:$U$41,BettingScoreboard!$A29),COUNTIF(#REF!,BettingScoreboard!$A29)) -> 0 | C29: =B29*$D$23 -> 0
A30: ='Betting SETUP'!$A$10 -> RW | B30: =SUM(COUNTIF(Scorecards!$D$13:$U$13,BettingScoreboard!$A30),COUNTIF(Scorecards!$D$27:$U$27,BettingScoreboard!$A30),COUNTIF(Scorecards!$D$41:$U$41,BettingScoreboard!$A30),COUNTIF(#REF!,BettingScoreboard!$A30)) -> 2 | C30: =B30*$D$23 -> 20
A31: ='Betting SETUP'!$A$11 -> SR | B31: =SUM(COUNTIF(Scorecards!$D$13:$U$13,BettingScoreboard!$A31),COUNTIF(Scorecards!$D$27:$U$27,BettingScoreboard!$A31),COUNTIF(Scorecards!$D$41:$U$41,BettingScoreboard!$A31),COUNTIF(#REF!,BettingScoreboard!$A31)) -> 3 | C31: =B31*$D$23 -> 30

Sheet Score Calcuations
A1: Player | C1: RANK | D1: RANK | E1: =Scorecards!C1 -> STOATIN BRAE | G1: =Scorecards!C15 -> STONEHEDGE N | I1: =Scorecards!C29 -> STOATIN BRAE | K1: TOTAL
C2: w/o TIES | D2: w/ TIES | E2: GROSS | F2: NET | G2: GROSS | H2: NET | I2: GROSS | J2: NET | K2: GROSS | L2: NET | M2: TO PAR
A3: =SETUP!A5 -> Aaron J | B3: AJ | C3: =RANK(L3,$L$3:$L$10,1)+COUNTIF($L$3:L3,L3)-1 -> 4 | D3: =if(countif($L$3:$L$10,L3)=1,RANK(L3,$L$3:$L$10,1),"T"&RANK(L3,$L$3:$L$10,1)) -> T4 | E3: {=index(Scorecards!$X$4:$X$11,match($A3,Scorecards!$A$4:$A$11,0))} -> 84 | F3: {=index(Scorecards!$Y$4:$Y$11,match($A3,Scorecards!$A$4:$A$11,0))} -> 79 | G3: {=index(Scorecards!$X$18:$X$25,match($A3,Scorecards!$A$18:$A$25,0))} -> 81 | H3: {=index(Scorecards!$Y$18:$Y$25,match($A3,Scorecards!$A$18:$A$25,0))} -> 74 | I3: {=index(Scorecards!$X$32:$X$39,match($A3,Scorecards!$A$32:$A$39,0))} -> 79 | J3: {=index(Scorecards!$Y$32:$Y$39,match($A3,Scorecards!$A$32:$A$39,0))} -> 74 | K3: =SUM(E3,G3,I3) -> 244 | L3: =SUM(F3,H3,J3) -> 227 | M3: =if(COUNT($E3:$J3)=6,$L3-sum(SETUP!$D$4:$F$4),if(count($E3:$H3)=4,$L3-sum(SETUP!$D$4:$E$4),if(count($E3:$J3)=2,$L3-SETUP!$D$4,"TBD"))) -> 13
A4: =SETUP!A6 -> Andy V | B4: AV | C4: =RANK(L4,$L$3:$L$10,1)+COUNTIF($L$3:L4,L4)-1 -> 5 | D4: =if(countif($L$3:$L$10,L4)=1,RANK(L4,$L$3:$L$10,1),"T"&RANK(L4,$L$3:$L$10,1)) -> T4 | E4: {=index(Scorecards!$X$4:$X$11,match($A4,Scorecards!$A$4:$A$11,0))} -> 85 | F4: {=index(Scorecards!$Y$4:$Y$11,match($A4,Scorecards!$A$4:$A$11,0))} -> 74 | G4: {=index(Scorecards!$X$18:$X$25,match($A4,Scorecards!$A$18:$A$25,0))} -> 88 | H4: {=index(Scorecards!$Y$18:$Y$25,match($A4,Scorecards!$A$18:$A$25,0))} -> 75 | I4: {=index(Scorecards!$X$32:$X$39,match($A4,Scorecards!$A$32:$A$39,0))} -> 92 | J4: {=index(Scorecards!$Y$32:$Y$39,match($A4,Scorecards!$A$32:$A$39,0))} -> 78 | K4: =SUM(E4,G4,I4) -> 265 | L4: =SUM(F4,H4,J4) -> 227 | M4: =if(COUNT($E4:$J4)=6,$L4-sum(SETUP!$D$4:$F$4),if(count($E4:$H4)=4,$L4-sum(SETUP!$D$4:$E$4),if(count($E4:$J4)=2,$L4-SETUP!$D$4,"TBD"))) -> 13
A5: =SETUP!A7 -> Bob B | B5: BB | C5: =RANK(L5,$L$3:$L$10,1)+COUNTIF($L$3:L5,L5)-1 -> 7 | D5: =if(countif($L$3:$L$10,L5)=1,RANK(L5,$L$3:$L$10,1),"T"&RANK(L5,$L$3:$L$10,1)) -> 7 | E5: {=index(Scorecards!$X$4:$X$11,match($A5,Scorecards!$A$4:$A$11,0))} -> 90 | F5: {=index(Scorecards!$Y$4:$Y$11,match($A5,Scorecards!$A$4:$A$11,0))} -> 76 | G5: {=index(Scorecards!$X$18:$X$25,match($A5,Scorecards!$A$18:$A$25,0))} -> 98 | H5: {=index(Scorecards!$Y$18:$Y$25,match($A5,Scorecards!$A$18:$A$25,0))} -> 82 | I5: {=index(Scorecards!$X$32:$X$39,match($A5,Scorecards!$A$32:$A$39,0))} -> 88 | J5: {=index(Scorecards!$Y$32:$Y$39,match($A5,Scorecards!$A$32:$A$39,0))} -> 74 | K5: =SUM(E5,G5,I5) -> 276 | L5: =SUM(F5,H5,J5) -> 232 | M5: =if(COUNT($E5:$J5)=6,$L5-sum(SETUP!$D$4:$F$4),if(count($E5:$H5)=4,$L5-sum(SETUP!$D$4:$E$4),if(count($E5:$J5)=2,$L5-SETUP!$D$4,"TBD"))) -> 18
A6: =SETUP!A8 -> Brian K | B6: BK | C6: =RANK(L6,$L$3:$L$10,1)+COUNTIF($L$3:L6,L6)-1 -> 1 | D6: =if(countif($L$3:$L$10,L6)=1,RANK(L6,$L$3:$L$10,1),"T"&RANK(L6,$L$3:$L$10,1)) -> 1 | E6: {=index(Scorecards!$X$4:$X$11,match($A6,Scorecards!$A$4:$A$11,0))} -> 84 | F6: {=index(Scorecards!$Y$4:$Y$11,match($A6,Scorecards!$A$4:$A$11,0))} -> 73 | G6: {=index(Scorecards!$X$18:$X$25,match($A6,Scorecards!$A$18:$A$25,0))} -> 80 | H6: {=index(Scorecards!$Y$18:$Y$25,match($A6,Scorecards!$A$18:$A$25,0))} -> 68 | I6: {=index(Scorecards!$X$32:$X$39,match($A6,Scorecards!$A$32:$A$39,0))} -> 83 | J6: {=index(Scorecards!$Y$32:$Y$39,match($A6,Scorecards!$A$32:$A$39,0))} -> 73 | K6: =SUM(E6,G6,I6) -> 247 | L6: =SUM(F6,H6,J6) -> 214 | M6: =if(COUNT($E6:$J6)=6,$L6-sum(SETUP!$D$4:$F$4),if(count($E6:$H6)=4,$L6-sum(SETUP!$D$4:$E$4),if(count($E6:$J6)=2,$L6-SETUP!$D$4,"TBD"))) -> 0
A7: =SETUP!A9 -> Eric O | B7: EO | C7: =RANK(L7,$L$3:$L$10,1)+COUNTIF($L$3:L7,L7)-1 -> 3 | D7: =if(countif($L$3:$L$10,L7)=1,RANK(L7,$L$3:$L$10,1),"T"&RANK(L7,$L$3:$L$10,1)) -> 3 | E7: {=index(Scorecards!$X$4:$X$11,match($A7,Scorecards!$A$4:$A$11,0))} -> 88 | F7: {=index(Scorecards!$Y$4:$Y$11,match($A7,Scorecards!$A$4:$A$11,0))} -> 75 | G7: {=index(Scorecards!$X$18:$X$25,match($A7,Scorecards!$A$18:$A$25,0))} -> 83 | H7: {=index(Scorecards!$Y$18:$Y$25,match($A7,Scorecards!$A$18:$A$25,0))} -> 67 | I7: {=index(Scorecards!$X$32:$X$39,match($A7,Scorecards!$A$32:$A$39,0))} -> 97 | J7: {=index(Scorecards!$Y$32:$Y$39,match($A7,Scorecards!$A$32:$A$39,0))} -> 84 | K7: =SUM(E7,G7,I7) -> 268 | L7: =SUM(F7,H7,J7) -> 226 | M7: =if(COUNT($E7:$J7)=6,$L7-sum(SETUP!$D$4:$F$4),if(count($E7:$H7)=4,$L7-sum(SETUP!$D$4:$E$4),if(count($E7:$J7)=2,$L7-SETUP!$D$4,"TBD"))) -> 12
A8: =SETUP!A10 -> Jeff B | B8: JB | C8: =RANK(L8,$L$3:$L$10,1)+COUNTIF($L$3:L8,L8)-1 -> 6 | D8: =if(countif($L$3:$L$10,L8)=1,RANK(L8,$L$3:$L$10,1),"T"&RANK(L8,$L$3:$L$10,1)) -> 6 | E8: {=index(Scorecards!$X$4:$X$11,match($A8,Scorecards!$A$4:$A$11,0))} -> 88 | F8: {=index(Scorecards!$Y$4:$Y$11,match($A8,Scorecards!$A$4:$A$11,0))} -> 74 | G8: {=index(Scorecards!$X$18:$X$25,match($A8,Scorecards!$A$18:$A$25,0))} -> 96 | H8: {=index(Scorecards!$Y$18:$Y$25,match($A8,Scorecards!$A$18:$A$25,0))} -> 79 | I8: {=index(Scorecards!$X$32:$X$39,match($A8,Scorecards!$A$32:$A$39,0))} -> 91 | J8: {=index(Scorecards!$Y$32:$Y$39,match($A8,Scorecards!$A$32:$A$39,0))} -> 76 | K8: =SUM(E8,G8,I8) -> 275 | L8: =SUM(F8,H8,J8) -> 229 | M8: =if(COUNT($E8:$J8)=6,$L8-sum(SETUP!$D$4:$F$4),if(count($E8:$H8)=4,$L8-sum(SETUP!$D$4:$E$4),if(count($E8:$J8)=2,$L8-SETUP!$D$4,"TBD"))) -> 15
A9: =SETUP!A11 -> Russ W | B9: RW | C9: =RANK(L9,$L$3:$L$10,1)+COUNTIF($L$3:L9,L9)-1 -> 8 | D9: =if(countif($L$3:$L$10,L9)=1,RANK(L9,$L$3:$L$10,1),"T"&RANK(L9,$L$3:$L$10,1)) -> 8 | E9: {=index(Scorecards!$X$4:$X$11,match($A9,Scorecards!$A$4:$A$11,0))} -> 87 | F9: {=index(Scorecards!$Y$4:$Y$11,match($A9,Scorecards!$A$4:$A$11,0))} -> 76 | G9: {=index(Scorecards!$X$18:$X$25,match($A9,Scorecards!$A$18:$A$25,0))} -> 88 | H9: {=index(Scorecards!$Y$18:$Y$25,match($A9,Scorecards!$A$18:$A$25,0))} -> 75 | I9: {=index(Scorecards!$X$32:$X$39,match($A9,Scorecards!$A$32:$A$39,0))} -> 95 | J9: {=index(Scorecards!$Y$32:$Y$39,match($A9,Scorecards!$A$32:$A$39,0))} -> 84 | K9: =SUM(E9,G9,I9) -> 270 | L9: =SUM(F9,H9,J9) -> 235 | M9: =if(COUNT($E9:$J9)=6,$L9-sum(SETUP!$D$4:$F$4),if(count($E9:$H9)=4,$L9-sum(SETUP!$D$4:$E$4),if(count($E9:$J9)=2,$L9-SETUP!$D$4,"TBD"))) -> 21
A10: =SETUP!A12 -> Scott R | B10: SR | C10: =RANK(L10,$L$3:$L$10,1)+COUNTIF($L$3:L10,L10)-1 -> 2 | D10: =if(countif($L$3:$L$10,L10)=1,RANK(L10,$L$3:$L$10,1),"T"&RANK(L10,$L$3:$L$10,1)) -> 2 | E10: {=index(Scorecards!$X$4:$X$11,match($A10,Scorecards!$A$4:$A$11,0))} -> 75 | F10: {=index(Scorecards!$Y$4:$Y$11,match($A10,Scorecards!$A$4:$A$11,0))} -> 70 | G10: {=index(Scorecards!$X$18:$X$25,match($A10,Scorecards!$A$18:$A$25,0))} -> 79 | H10: {=index(Scorecards!$Y$18:$Y$25,match($A10,Scorecards!$A$18:$A$25,0))} -> 74 | I10: {=index(Scorecards!$X$32:$X$39,match($A10,Scorecards!$A$32:$A$39,0))} -> 83 | J10: {=index(Scorecards!$Y$32:$Y$39,match($A10,Scorecards!$A$32:$A$39,0))} -> 79 | K10: =SUM(E10,G10,I10) -> 237 | L10: =SUM(F10,H10,J10) -> 223 | M10: =if(COUNT($E10:$J10)=6,$L10-sum(SETUP!$D$4:$F$4),if(count($E10:$H10)=4,$L10-sum(SETUP!$D$4:$E$4),if(count($E10:$J10)=2,$L10-SETUP!$D$4,"TBD"))) -> 9

Sheet Betting SETUP
A1: Per Player | B1: =sum(C1:E1) -> 60 | C1: 7.5 | D1: 32.5 | E1: 20
A2: Player | B2: Paid | C2: Low Score - Net - Per Round | D2: Skins - Gross - Cumulative | E2: CTP
A3: =sum(C3:E3) -> 290 | B3: Y/N | C3: =(COUNTIF(C4:C11,"Y") *C1)/counta(SETUP!D1:F1) -> 20 | D3: =COUNTIF(D4:D11,"Y") *D1 -> 260 | E3: =(COUNTIF(E4:E11,"Y") *E1)/sum(countif(Scorecards!D3:U3,3),countif(Scorecards!D17:U17,3),countif(Scorecards!D31:U31,3)) -> 10
A4: =SETUP!B5 -> AJ | B4: Y | C4: Y | D4: Y | E4: Y
A5: =SETUP!B6 -> AV | B5: Y | C5: Y | D5: Y | E5: Y
A6: =SETUP!B7 -> BB | B6: Y | C6: Y | D6: Y | E6: Y
A7: =SETUP!B8 -> BK | B7: Y | C7: Y | D7: Y | E7: Y
A8: =SETUP!B9 -> EO | B8: Y | C8: Y | D8: Y | E8: Y
A9: =SETUP!B10 -> JB | B9: Y | C9: Y | D9: Y | E9: Y
A10: =SETUP!B11 -> RW | B10: Y | C10: Y | D10: Y | E10: Y
A11: =SETUP!B12 -> SR | B11: Y | C11: Y | D11: Y | E11: Y

Sheet Stock Market
B1: 1 | C1: Shares | J1: =sum(J3:J10) -> 160
B2: AJ | C2: AV | D2: BB | E2: BK | F2: EO | G2: JB | H2: RW | I2: SR | J2: TOTAL $1 | L2: FINAL | M2: PAYOUT
A3: Aaron J | B3: 2 | C3: 2 | E3: 2 | I3: 14 | J3: =sum(B3:I3)*$B$1 -> 20 | L3: Aaron J | M3: =if($M$23=0,((N15/$N$23)*($J$1+$J$13)),if($N$23=0,((M15/$M$23)*($J$1+$J$13)),(M15*$M$14)+(N15*$N$14))) -> 16.842105
A4: Andy V | C4: 20 | J4: =sum(B4:I4)*$B$1 -> 20 | L4: Andy V | M4: =if($M$23=0,((N16/$N$23)*($J$1+$J$13)),if($N$23=0,((M16/$M$23)*($J$1+$J$13)),(M16*$M$14)+(N16*$N$14))) -> 0
A5: Bob B | C5: 3 | D5: 2 | E5: 5 | I5: 10 | J5: =sum(B5:I5)*$B$1 -> 20 | L5: Bob B | M5: =if($M$23=0,((N17/$N$23)*($J$1+$J$13)),if($N$23=0,((M17/$M$23)*($J$1+$J$13)),(M17*$M$14)+(N17*$N$14))) -> 42.105263
A6: Brian K | C6: 5 | E6: 5 | G6: 5 | I6: 5 | J6: =sum(B6:I6)*$B$1 -> 20 | L6: Brian K | M6: =if($M$23=0,((N18/$N$23)*($J$1+$J$13)),if($N$23=0,((M18/$M$23)*($J$1+$J$13)),(M18*$M$14)+(N18*$N$14))) -> 42.105263
A7: Eric O | C7: 5 | D7: 1 | E7: 5 | F7: 1 | G7: 3 | I7: 5 | J7: =sum(B7:I7)*$B$1 -> 20 | L7: Eric O | M7: =if($M$23=0,((N19/$N$23)*($J$1+$J$13)),if($N$23=0,((M19/$M$23)*($J$1+$J$13)),(M19*$M$14)+(N19*$N$14))) -> 42.105263
A8: Jeff B | C8: 2 | E8: 2 | G8: 12 | I8: 4 | J8: =sum(B8:I8)*$B$1 -> 20 | L8: Jeff B | M8: =if($M$23=0,((N20/$N$23)*($J$1+$J$13)),if($N$23=0,((M20/$M$23)*($J$1+$J$13)),(M20*$M$14)+(N20*$N$14))) -> 16.842105
A9: Russ W | H9: 20 | J9: =sum(B9:I9)*$B$1 -> 20 | L9: Russ W | M9: =if($M$23=0,((N21/$N$23)*($J$1+$J$13)),if($N$23=0,((M21/$M$23)*($J$1+$J$13)),(M21*$M$14)+(N21*$N$14))) -> 0
A10: Scott R | I10: 20 | J10: =sum(B10:I10)*$B$1 -> 20 | L10: Scott R | M10: =if($M$23=0,((N22/$N$23)*($J$1+$J$13)),if($N$23=0,((M22/$M$23)*($J$1+$J$13)),(M22*$M$14)+(N22*$N$14))) -> 0
B11: =SUM(B3:B10) -> 2 | C11: =SUM(C3:C10) -> 37 | D11: =SUM(D3:D10) -> 3 | E11: =SUM(E3:E10) -> 19 | F11: =SUM(F3:F10) -> 1 | G11: =SUM(G3:G10) -> 20 | H11: =SUM(H3:H10) -> 20 | I11: =SUM(I3:I10) -> 58 | J11: =sum(B11:I11) -> 160
A12: WBC Winner
A13: BK | B13: 3 | C13: Shares | J13: =sum(J15:J22) -> 0 | M13: initial | N13: rebuy
B14: AJ | C14: AV | D14: BB | E14: BK | F14: EO | G14: JB | H14: RW | I14: SR | J14: TOTAL $3 | M14: =if(A13="","TBD",if(M23=0,0,J11/M23)) -> 8.4210526 | N14: =if(N23="TBD","TBD",if($N$23=0,0,(J23/N23))) -> 0
A15: Aaron J | J15: =sum(B15:I15)*$B$13 -> 0 | L15: Aaron J | M15: =if($A$13="","",if($A$13=B$2,(vlookup(L15,$A$3:$I$10,2,FALSE)),if($A$13=C$2,(vlookup(L15,$A$3:$I$10,3,FALSE)),if($A$13=D$2,(vlookup(L15,$A$3:$I$10,4,FALSE)),if($A$13=E$2,(vlookup(L15,$A$3:$I$10,5,FALSE)),if($A$13=F$2,(vlookup(L15,$A$3:$I$10,6,FALSE)),if($A$13=G$2,(vlookup(L15,$A$3:$I$10,7,FALSE)),if($A$13=H$2,(vlookup(L15,$A$3:$I$10,8,FALSE)),if($A$13=I$2,(vlookup(L15,$A$3:$I$10,9,FALSE)),0))))))))) -> 2 | N15: =if($A$13="","",if($A$13=B$14,(vlookup($L15,$A$15:$I$22,2,FALSE)),if($A$13=C$14,(vlookup($L15,$A$15:$I$22,3,FALSE)),if($A$13=D$14,(vlookup($L15,$A$15:$I$22,4,FALSE)),if($A$13=E$14,(vlookup($L15,$A$15:$I$22,5,FALSE)),if($A$13=F$14,(vlookup($L15,$A$15:$I$22,6,FALSE)),if($A$13=G$14,(vlookup($L15,$A$15:$I$22,7,FALSE)),if($A$13=H$14,(vlookup($L15,$A$15:$I$22,8,FALSE)), if($A$13=I$14,(vlookup($L15,$A$15:$I$22,9,FALSE)))))))))))
A16: Andy V | J16: =sum(B16:I16)*$B$13 -> 0 | L16: Andy V | M16: =if($A$13="","",if($A$13=B$2,(vlookup(L16,$A$3:$I$10,2,FALSE)),if($A$13=C$2,(vlookup(L16,$A$3:$I$10,3,FALSE)),if($A$13=D$2,(vlookup(L16,$A$3:$I$10,4,FALSE)),if($A$13=E$2,(vlookup(L16,$A$3:$I$10,5,FALSE)),if($A$13=F$2,(vlookup(L16,$A$3:$I$10,6,FALSE)),if($A$13=G$2,(vlookup(L16,$A$3:$I$10,7,FALSE)),if($A$13=H$2,(vlookup(L16,$A$3:$I$10,8,FALSE)),if($A$13=I$2,(vlookup(L16,$A$3:$I$10,9,FALSE)),0))))))))) | N16: =if($A$13="","",if($A$13=B$14,(vlookup($L16,$A$15:$I$22,2,FALSE)),if($A$13=C$14,(vlookup($L16,$A$15:$I$22,3,FALSE)),if($A$13=D$14,(vlookup($L16,$A$15:$I$22,4,FALSE)),if($A$13=E$14,(vlookup($L16,$A$15:$I$22,5,FALSE)),if($A$13=F$14,(vlookup($L16,$A$15:$I$22,6,FALSE)),if($A$13=G$14,(vlookup($L16,$A$15:$I$22,7,FALSE)),if($A$13=H$14,(vlookup($L16,$A$15:$I$22,8,FALSE)), if($A$13=I$14,(vlookup($L16,$A$15:$I$22,9,FALSE)))))))))))
A17: Bob B | J17: =sum(B17:I17)*$B$13 -> 0 | L17: Bob B | M17: =if($A$13="","",if($A$13=B$2,(vlookup(L17,$A$3:$I$10,2,FALSE)),if($A$13=C$2,(vlookup(L17,$A$3:$I$10,3,FALSE)),if($A$13=D$2,(vlookup(L17,$A$3:$I$10,4,FALSE)),if($A$13=E$2,(vlookup(L17,$A$3:$I$10,5,FALSE)),if($A$13=F$2,(vlookup(L17,$A$3:$I$10,6,FALSE)),if($A$13=G$2,(vlookup(L17,$A$3:$I$10,7,FALSE)),if($A$13=H$2,(vlookup(L17,$A$3:$I$10,8,FALSE)),if($A$13=I$2,(vlookup(L17,$A$3:$I$10,9,FALSE)),0))))))))) -> 5 | N17: =if($A$13="","",if($A$13=B$14,(vlookup($L17,$A$15:$I$22,2,FALSE)),if($A$13=C$14,(vlookup($L17,$A$15:$I$22,3,FALSE)),if($A$13=D$14,(vlookup($L17,$A$15:$I$22,4,FALSE)),if($A$13=E$14,(vlookup($L17,$A$15:$I$22,5,FALSE)),if($A$13=F$14,(vlookup($L17,$A$15:$I$22,6,FALSE)),if($A$13=G$14,(vlookup($L17,$A$15:$I$22,7,FALSE)),if($A$13=H$14,(vlookup($L17,$A$15:$I$22,8,FALSE)), if($A$13=I$14,(vlookup($L17,$A$15:$I$22,9,FALSE)))))))))))
A18: Brian K | J18: =sum(B18:I18)*$B$13 -> 0 | L18: Brian K | M18: =if($A$13="","",if($A$13=B$2,(vlookup(L18,$A$3:$I$10,2,FALSE)),if($A$13=C$2,(vlookup(L18,$A$3:$I$10,3,FALSE)),if($A$13=D$2,(vlookup(L18,$A$3:$I$10,4,FALSE)),if($A$13=E$2,(vlookup(L18,$A$3:$I$10,5,FALSE)),if($A$13=F$2,(vlookup(L18,$A$3:$I$10,6,FALSE)),if($A$13=G$2,(vlookup(L18,$A$3:$I$10,7,FALSE)),if($A$13=H$2,(vlookup(L18,$A$3:$I$10,8,FALSE)),if($A$13=I$2,(vlookup(L18,$A$3:$I$10,9,FALSE)),0))))))))) -> 5 | N18: =if($A$13="","",if($A$13=B$14,(vlookup($L18,$A$15:$I$22,2,FALSE)),if($A$13=C$14,(vlookup($L18,$A$15:$I$22,3,FALSE)),if($A$13=D$14,(vlookup($L18,$A$15:$I$22,4,FALSE)),if($A$13=E$14,(vlookup($L18,$A$15:$I$22,5,FALSE)),if($A$13=F$14,(vlookup($L18,$A$15:$I$22,6,FALSE)),if($A$13=G$14,(vlookup($L18,$A$15:$I$22,7,FALSE)),if($A$13=H$14,(vlookup($L18,$A$15:$I$22,8,FALSE)), if($A$13=I$14,(vlookup($L18,$A$15:$I$22,9,FALSE)))))))))))
A19: Eric O | J19: =sum(B19:I19)*$B$13 -> 0 | L19: Eric O | M19: =if($A$13="","",if($A$13=B$2,(vlookup(L19,$A$3:$I$10,2,FALSE)),if($A$13=C$2,(vlookup(L19,$A$3:$I$10,3,FALSE)),if($A$13=D$2,(vlookup(L19,$A$3:$I$10,4,FALSE)),if($A$13=E$2,(vlookup(L19,$A$3:$I$10,5,FALSE)),if($A$13=F$2,(vlookup(L19,$A$3:$I$10,6,FALSE)),if($A$13=G$2,(vlookup(L19,$A$3:$I$10,7,FALSE)),if($A$13=H$2,(vlookup(L19,$A$3:$I$10,8,FALSE)),if($A$13=I$2,(vlookup(L19,$A$3:$I$10,9,FALSE)),0))))))))) -> 5 | N19: =if($A$13="","",if($A$13=B$14,(vlookup($L19,$A$15:$I$22,2,FALSE)),if($A$13=C$14,(vlookup($L19,$A$15:$I$22,3,FALSE)),if($A$13=D$14,(vlookup($L19,$A$15:$I$22,4,FALSE)),if($A$13=E$14,(vlookup($L19,$A$15:$I$22,5,FALSE)),if($A$13=F$14,(vlookup($L19,$A$15:$I$22,6,FALSE)),if($A$13=G$14,(vlookup($L19,$A$15:$I$22,7,FALSE)),if($A$13=H$14,(vlookup($L19,$A$15:$I$22,8,FALSE)), if($A$13=I$14,(vlookup($L19,$A$15:$I$22,9,FALSE)))))))))))
A20: Jeff B | J20: =sum(B20:I20)*$B$13 -> 0 | L20: Jeff B | M20: =if($A$13="","",if($A$13=B$2,(vlookup(L20,$A$3:$I$10,2,FALSE)),if($A$13=C$2,(vlookup(L20,$A$3:$I$10,3,FALSE)),if($A$13=D$2,(vlookup(L20,$A$3:$I$10,4,FALSE)),if($A$13=E$2,(vlookup(L20,$A$3:$I$10,5,FALSE)),if($A$13=F$2,(vlookup(L20,$A$3:$I$10,6,FALSE)),if($A$13=G$2,(vlookup(L20,$A$3:$I$10,7,FALSE)),if($A$13=H$2,(vlookup(L20,$A$3:$I$10,8,FALSE)),if($A$13=I$2,(vlookup(L20,$A$3:$I$10,9,FALSE)),0))))))))) -> 2 | N20: =if($A$13="","",if($A$13=B$14,(vlookup($L20,$A$15:$I$22,2,FALSE)),if($A$13=C$14,(vlookup($L20,$A$15:$I$22,3,FALSE)),if($A$13=D$14,(vlookup($L20,$A$15:$I$22,4,FALSE)),if($A$13=E$14,(vlookup($L20,$A$15:$I$22,5,FALSE)),if($A$13=F$14,(vlookup($L20,$A$15:$I$22,6,FALSE)),if($A$13=G$14,(vlookup($L20,$A$15:$I$22,7,FALSE)),if($A$13=H$14,(vlookup($L20,$A$15:$I$22,8,FALSE)), if($A$13=I$14,(vlookup($L20,$A$15:$I$22,9,FALSE)))))))))))
A21: Russ W | J21: =sum(B21:I21)*$B$13 -> 0 | L21: Russ W | M21: =if($A$13="","",if($A$13=B$2,(vlookup(L21,$A$3:$I$10,2,FALSE)),if($A$13=C$2,(vlookup(L21,$A$3:$I$10,3,FALSE)),if($A$13=D$2,(vlookup(L21,$A$3:$I$10,4,FALSE)),if($A$13=E$2,(vlookup(L21,$A$3:$I$10,5,FALSE)),if($A$13=F$2,(vlookup(L21,$A$3:$I$10,6,FALSE)),if($A$13=G$2,(vlookup(L21,$A$3:$I$10,7,FALSE)),if($A$13=H$2,(vlookup(L21,$A$3:$I$10,8,FALSE)),if($A$13=I$2,(vlookup(L21,$A$3:$I$10,9,FALSE)),0))))))))) | N21: =if($A$13="","",if($A$13=B$14,(vlookup($L21,$A$15:$I$22,2,FALSE)),if($A$13=C$14,(vlookup($L21,$A$15:$I$22,3,FALSE)),if($A$13=D$14,(vlookup($L21,$A$15:$I$22,4,FALSE)),if($A$13=E$14,(vlookup($L21,$A$15:$I$22,5,FALSE)),if($A$13=F$14,(vlookup($L21,$A$15:$I$22,6,FALSE)),if($A$13=G$14,(vlookup($L21,$A$15:$I$22,7,FALSE)),if($A$13=H$14,(vlookup($L21,$A$15:$I$22,8,FALSE)), if($A$13=I$14,(vlookup($L21,$A$15:$I$22,9,FALSE)))))))))))
A22: Scott R | J22: =sum(B22:I22)*$B$13 -> 0 | L22: Scott R | M22: =if($A$13="","",if($A$13=B$2,(vlookup(L22,$A$3:$I$10,2,FALSE)),if($A$13=C$2,(vlookup(L22,$A$3:$I$10,3,FALSE)),if($A$13=D$2,(vlookup(L22,$A$3:$I$10,4,FALSE)),if($A$13=E$2,(vlookup(L22,$A$3:$I$10,5,FALSE)),if($A$13=F$2,(vlookup(L22,$A$3:$I$10,6,FALSE)),if($A$13=G$2,(vlookup(L22,$A$3:$I$10,7,FALSE)),if($A$13=H$2,(vlookup(L22,$A$3:$I$10,8,FALSE)),if($A$13=I$2,(vlookup(L22,$A$3:$I$10,9,FALSE)),0))))))))) | N22: =if($A$13="","",if($A$13=B$14,(vlookup($L22,$A$15:$I$22,2,FALSE)),if($A$13=C$14,(vlookup($L22,$A$15:$I$22,3,FALSE)),if($A$13=D$14,(vlookup($L22,$A$15:$I$22,4,FALSE)),if($A$13=E$14,(vlookup($L22,$A$15:$I$22,5,FALSE)),if($A$13=F$14,(vlookup($L22,$A$15:$I$22,6,FALSE)),if($A$13=G$14,(vlookup($L22,$A$15:$I$22,7,FALSE)),if($A$13=H$14,(vlookup($L22,$A$15:$I$22,8,FALSE)), if($A$13=I$14,(vlookup($L22,$A$15:$I$22,9,FALSE)))))))))))
B23: =SUM(B15:B22) -> 0 | C23: =SUM(C15:C22) -> 0 | D23: =SUM(D15:D22) -> 0 | E23: =SUM(E15:E22) -> 0 | F23: =SUM(F15:F22) -> 0 | G23: =SUM(G15:G22) -> 0 | H23: =SUM(H15:H22) -> 0 | I23: =SUM(I15:I22) -> 0 | J23: =sum(B23:I23) -> 0 | M23: =if(A13="","TBD",if($A$13=B2,B11,if($A$13=C2,C11,if($A$13=D2,D11,if($A$13=E2,E11,if($A$13=F2,F11,if($A$13=G2,G11,if($A$13=H2,H11,if($A$13=I2,I11,"TBD"))))))))) -> 19 | N23: =if(A13="","TBD",if($A$13=B14,B23,if($A$13=C14,C23,if($A$13=D14,D23,if($A$13=E14,E23,if($A$13=F14,F23,if($A$13=G14,G23,if($A$13=H14,H23,if($A$13=I14,I23,"TBD"))))))))) -> 0

Sheet Stock Market Print Sheet
A1: YOUR NAME | D1: YOUR NAME | G1: YOUR NAME | J1: YOUR NAME
A3: Aaron J | D3: Aaron J | G3: Aaron J | J3: Aaron J
A4: Andy V | D4: Andy V | G4: Andy V | J4: Andy V
A5: Bob B | D5: Bob B | G5: Bob B | J5: Bob B
A6: Brian K | D6: Brian K | G6: Brian K | J6: Brian K
A7: Eric O | D7: Eric O | G7: Eric O | J7: Eric O
A8: Jeff B | D8: Jeff B | G8: Jeff B | J8: Jeff B
A9: Russ W | D9: Russ W | G9: Russ W | J9: Russ W
A10: Scott R | D10: Scott R | G10: Scott R | J10: Scott R
A11: TOTAL $1 SHARES | D11: TOTAL $1 SHARES | G11: TOTAL $1 SHARES | J11: TOTAL $1 SHARES
A13: YOUR NAME | D13: YOUR NAME | G13: YOUR NAME | J13: YOUR NAME
A15: Aaron J | D15: Aaron J | G15: Aaron J | J15: Aaron J
... A47: TOTAL $2 SHARES | D47: TOTAL $2 SHARES | G47: TOTAL $2 SHARES | J47: TOTAL $2 SHARES

Sheet SETUP
D1: STOATIN BRAE | E1: STONEHEDGE N | F1: STOATIN BRAE
D2: 69.2 | E2: 71 | F2: 69.2
D3: 119 | E3: 129 | F3: 119
A4: Player | B4: Player | C4: Index | D4: 71 | E4: 72 | F4: 71
A5: Aaron J | B5: AJ | C5: 6.6 | D5: =ROUND(($C5*D$3)/113+(D$2-D$4),0) -> 5 | E5: =ROUND(($C5*E$3)/113+(E$2-E$4),0) -> 7 | F5: =ROUND(($C5*F$3)/113+(F$2-F$4),0) -> 5
A6: Andy V | B6: AV | C6: 12.2 | D6: =ROUND(($C6*D$3)/113+(D$2-D$4),0) -> 11 | E6: =ROUND(($C6*E$3)/113+(E$2-E$4),0) -> 13 | F6: =ROUND(($C6*F$3)/113+(F$2-F$4),0) -> 11
A7: Bob B | B7: BB | C7: 14.9 | D7: =ROUND(($C7*D$3)/113+(D$2-D$4),0) -> 14 | E7: =ROUND(($C7*E$3)/113+(E$2-E$4),0) -> 16 | F7: =ROUND(($C7*F$3)/113+(F$2-F$4),0) -> 14
A8: Brian K | B8: BK | C8: 11.2 | D8: =ROUND(($C8*D$3)/113+(D$2-D$4),0) -> 10 | E8: =ROUND(($C8*E$3)/113+(E$2-E$4),0) -> 12 | F8: =ROUND(($C8*F$3)/113+(F$2-F$4),0) -> 10
A9: Eric O | B9: EO | C9: 14.4 | D9: =ROUND(($C9*D$3)/113+(D$2-D$4),0) -> 13 | E9: =ROUND(($C9*E$3)/113+(E$2-E$4),0) -> 15 | F9: =ROUND(($C9*F$3)/113+(F$2-F$4),0) -> 13
A10: Jeff B | B10: JB | C10: 15.2 | D10: =ROUND(($C10*D$3)/113+(D$2-D$4),0) -> 14 | E10: =ROUND(($C10*E$3)/113+(E$2-E$4),0) -> 16 | F10: =ROUND(($C10*F$3)/113+(F$2-F$4),0) -> 14
A11: Russ W | B11: RW | C11: 11.9 | D11: =ROUND(($C11*D$3)/113+(D$2-D$4),0) -> 11 | E11: =ROUND(($C11*E$3)/113+(E$2-E$4),0) -> 13 | F11: =ROUND(($C11*F$3)/113+(F$2-F$4),0) -> 11
A12: Scott R | B12: SR | C12: 4 | D12: =ROUND(($C12*D$3)/113+(D$2-D$4),0) -> 2 | E12: =ROUND(($C12*E$3)/113+(E$2-E$4),0) -> 4 | F12: =ROUND(($C12*F$3)/113+(F$2-F$4),0) -> 2
