Workbook

Sheet LEADERBOARD
A1: 2025 WANNABE CUP
A2: TO PAR | B2: POS | C2: PLAYER | D2: SCORE | E2: =SETUP!C1 -> THE TRIBUTE | F2: =SETUP!D1 -> THE PREMIER | G2: =SETUP!E1 -> THE LOON | H2: =SETUP!F1 -> THE LAKES
A3: {=index('Score Calcuations'!$N$3:$N$14,match(C3,'Score Calcuations'!$A$3:$A$14))} -> 4 | B3: =IFERROR(__xludf.DUMMYFUNCTION("query(index('Score Calcuations'!A3:N14&""""),""select Col3,Col1,Col14,Col5,Col7,Col9,Col11 ORDER BY Col13"",0)"),"1") -> 1 | C3: =IFERROR(__xludf.DUMMYFUNCTION("""COMPUTED_VALUE"""),"Joe S") -> Joe S | D3: =IFERROR(__xludf.DUMMYFUNCTION("""COMPUTED_VALUE"""),"4") -> 4 | E3: =IFERROR(__xludf.DUMMYFUNCTION("""COMPUTED_VALUE"""),"72") -> 72 | F3: =IFERROR(__xludf.DUMMYFUNCTION("""COMPUTED_VALUE"""),"72") -> 72 | G3: =IFERROR(__xludf.DUMMYFUNCTION("""COMPUTED_VALUE"""),"79") -> 79 | H3: =IFERROR(__xludf.DUMMYFUNCTION("""COMPUTED_VALUE"""),"69") -> 69
A4: {=index('Score Calcuations'!$N$3:$N$14,match(C4,'Score Calcuations'!$A$3:$A$14))} -> 10 | B4: =IFERROR(__xludf.DUMMYFUNCTION("""COMPUTED_VALUE"""),"2") -> 2 | C4: =IFERROR(__xludf.DUMMYFUNCTION("""COMPUTED_VALUE"""),"Scott R") -> Scott R | D4: =IFERROR(__xludf.DUMMYFUNCTION("""COMPUTED_VALUE"""),"10") -> 10 | E4: =IFERROR(__xludf.DUMMYFUNCTION("""COMPUTED_VALUE"""),"76") -> 76 | F4: =IFERROR(__xludf.DUMMYFUNCTION("""COMPUTED_VALUE"""),"71") -> 71 | G4: =IFERROR(__xludf.DUMMYFUNCTION("""COMPUTED_VALUE"""),"75") -> 75 | H4: =IFERROR(__xludf.DUMMYFUNCTION("""COMPUTED_VALUE"""),"76") -> 76
A5: {=index('Score Calcuations'!$N$3:$N$14,match(C5,'Score Calcuations'!$A$3:$A$14))} -> 11 | B5: =IFERROR(__xludf.DUMMYFUNCTION("""COMPUTED_VALUE"""),"3") -> 3 | C5: =IFERROR(__xludf.DUMMYFUNCTION("""COMPUTED_VALUE"""),"Bob B") -> Bob B | D5: =IFERROR(__xludf.DUMMYFUNCTION("""COMPUTED_VALUE"""),"11") -> 11 | E5: =IFERROR(__xludf.DUMMYFUNCTION("""COMPUTED_VALUE"""),"76") -> 76 | F5: =IFERROR(__xludf.DUMMYFUNCTION("""COMPUTED_VALUE"""),"69") -> 69 | G5: =IFERROR(__xludf.DUMMYFUNCTION("""COMPUTED_VALUE"""),"77") -> 77 | H5: =IFERROR(__xludf.DUMMYFUNCTION("""COMPUTED_VALUE"""),"77") -> 77
A6: {=index('Score Calcuations'!$N$3:$N$14,match(C6,'Score Calcuations'!$A$3:$A$14))} -> 16 | B6: =IFERROR(__xludf.DUMMYFUNCTION("""COMPUTED_VALUE"""),"4") -> 4 | C6: =IFERROR(__xludf.DUMMYFUNCTION("""COMPUTED_VALUE"""),"Andy V") -> Andy V | D6: =IFERROR(__xludf.DUMMYFUNCTION("""COMPUTED_VALUE"""),"16") -> 16 | E6: =IFERROR(__xludf.DUMMYFUNCTION("""COMPUTED_VALUE"""),"82") -> 82 | F6: =IFERROR(__xludf.DUMMYFUNCTION("""COMPUTED_VALUE"""),"74") -> 74 | G6: =IFERROR(__xludf.DUMMYFUNCTION("""COMPUTED_VALUE"""),"74") -> 74 | H6: =IFERROR(__xludf.DUMMYFUNCTION("""COMPUTED_VALUE"""),"74") -> 74
A7: {=index('Score Calcuations'!$N$3:$N$14,match(C7,'Score Calcuations'!$A$3:$A$14))} -> 18 | B7: =IFERROR(__xludf.DUMMYFUNCTION("""COMPUTED_VALUE"""),"5") -> 5 | C7: =IFERROR(__xludf.DUMMYFUNCTION("""COMPUTED_VALUE"""),"Dave K") -> Dave K | D7: =IFERROR(__xludf.DUMMYFUNCTION("""COMPUTED_VALUE"""),"18") -> 18 | E7: =IFERROR(__xludf.DUMMYFUNCTION("""COMPUTED_VALUE"""),"73") -> 73 | F7: =IFERROR(__xludf.DUMMYFUNCTION("""COMPUTED_VALUE"""),"79") -> 79 | G7: =IFERROR(__xludf.DUMMYFUNCTION("""COMPUTED_VALUE"""),"77") -> 77 | H7: =IFERROR(__xludf.DUMMYFUNCTION("""COMPUTED_VALUE"""),"77") -> 77
A8: {=index('Score Calcuations'!$N$3:$N$14,match(C8,'Score Calcuations'!$A$3:$A$14))} -> 22 | B8: =IFERROR(__xludf.DUMMYFUNCTION("""COMPUTED_VALUE"""),"6") -> 6 | C8: =IFERROR(__xludf.DUMMYFUNCTION("""COMPUTED_VALUE"""),"Jeff B") -> Jeff B | D8: =IFERROR(__xludf.DUMMYFUNCTION("""COMPUTED_VALUE"""),"22") -> 22 | E8: =IFERROR(__xludf.DUMMYFUNCTION("""COMPUTED_VALUE"""),"77") -> 77 | F8: =IFERROR(__xludf.DUMMYFUNCTION("""COMPUTED_VALUE"""),"77") -> 77 | G8: =IFERROR(__xludf.DUMMYFUNCTION("""COMPUTED_VALUE"""),"76") -> 76 | H8: =IFERROR(__xludf.DUMMYFUNCTION("""COMPUTED_VALUE"""),"80") -> 80
A9: {=index('Score Calcuations'!$N$3:$N$14,match(C9,'Score Calcuations'!$A$3:$A$14))} -> 23 | B9: =IFERROR(__xludf.DUMMYFUNCTION("""COMPUTED_VALUE"""),"7") -> 7 | C9: =IFERROR(__xludf.DUMMYFUNCTION("""COMPUTED_VALUE"""),"Eric O") -> Eric O | D9: =IFERROR(__xludf.DUMMYFUNCTION("""COMPUTED_VALUE"""),"23") -> 23 | E9: =IFERROR(__xludf.DUMMYFUNCTION("""COMPUTED_VALUE"""),"82") -> 82 | F9: =IFERROR(__xludf.DUMMYFUNCTION("""COMPUTED_VALUE"""),"80") -> 80 | G9: =IFERROR(__xludf.DUMMYFUNCTION("""COMPUTED_VALUE"""),"74") -> 74 | H9: =IFERROR(__xludf.DUMMYFUNCTION("""COMPUTED_VALUE"""),"75") -> 75
A10: {=index('Score Calcuations'!$N$3:$N$14,match(C10,'Score Calcuations'!$A$3:$A$14))} -> 24 | B10: =IFERROR(__xludf.DUMMYFUNCTION("""COMPUTED_VALUE"""),"8") -> 8 | C10: =IFERROR(__xludf.DUMMYFUNCTION("""COMPUTED_VALUE"""),"Brian K") -> Brian K | D10: =IFERROR(__xludf.DUMMYFUNCTION("""COMPUTED_VALUE"""),"24") -> 24 | E10: =IFERROR(__xludf.DUMMYFUNCTION("""COMPUTED_VALUE"""),"76") -> 76 | F10: =IFERROR(__xludf.DUMMYFUNCTION("""COMPUTED_VALUE"""),"75") -> 75 | G10: =IFERROR(__xludf.DUMMYFUNCTION("""COMPUTED_VALUE"""),"78") -> 78 | H10: =IFERROR(__xludf.DUMMYFUNCTION("""COMPUTED_VALUE"""),"83") -> 83
A11: {=index('Score Calcuations'!$N$3:$N$14,match(C11,'Score Calcuations'!$A$3:$A$14))} -> 25 | B11: =IFERROR(__xludf.DUMMYFUNCTION("""COMPUTED_VALUE"""),"9") -> 9 | C11: =IFERROR(__xludf.DUMMYFUNCTION("""COMPUTED_VALUE"""),"Russ W") -> Russ W | D11: =IFERROR(__xludf.DUMMYFUNCTION("""COMPUTED_VALUE"""),"25") -> 25 | E11: =IFERROR(__xludf.DUMMYFUNCTION("""COMPUTED_VALUE"""),"71") -> 71 | F11: =IFERROR(__xludf.DUMMYFUNCTION("""COMPUTED_VALUE"""),"80") -> 80 | G11: =IFERROR(__xludf.DUMMYFUNCTION("""COMPUTED_VALUE"""),"85") -> 85 | H11: =IFERROR(__xludf.DUMMYFUNCTION("""COMPUTED_VALUE"""),"77") -> 77
A12: {=index('Score Calcuations'!$N$3:$N$14,match(C12,'Score Calcuations'!$A$3:$A$14))} -> 28 | B12: =IFERROR(__xludf.DUMMYFUNCTION("""COMPUTED_VALUE"""),"10") -> 10 | C12: =IFERROR(__xludf.DUMMYFUNCTION("""COMPUTED_VALUE"""),"Aaron J") -> Aaron J | D12: =IFERROR(__xludf.DUMMYFUNCTION("""COMPUTED_VALUE"""),"28") -> 28 | E12: =IFERROR(__xludf.DUMMYFUNCTION("""COMPUTED_VALUE"""),"74") -> 74 | F12: =IFERROR(__xludf.DUMMYFUNCTION("""COMPUTED_VALUE"""),"77") -> 77 | G12: =IFERROR(__xludf.DUMMYFUNCTION("""COMPUTED_VALUE"""),"85") -> 85 | H12: =IFERROR(__xludf.DUMMYFUNCTION("""COMPUTED_VALUE"""),"80") -> 80
A13: {=index('Score Calcuations'!$N$3:$N$14,match(C13,'Score Calcuations'!$A$3:$A$14))} -> 61 | B13: =IFERROR(__xludf.DUMMYFUNCTION("""COMPUTED_VALUE"""),"11") -> 11 | C13: =IFERROR(__xludf.DUMMYFUNCTION("""COMPUTED_VALUE"""),"Ray H") -> Ray H | D13: =IFERROR(__xludf.DUMMYFUNCTION("""COMPUTED_VALUE"""),"61") -> 61 | E13: =IFERROR(__xludf.DUMMYFUNCTION("""COMPUTED_VALUE"""),"85") -> 85 | F13: =IFERROR(__xludf.DUMMYFUNCTION("""COMPUTED_VALUE"""),"88") -> 88 | G13: =IFERROR(__xludf.DUMMYFUNCTION("""COMPUTED_VALUE"""),"77") -> 77 | H13: =IFERROR(__xludf.DUMMYFUNCTION("""COMPUTED_VALUE"""),"99") -> 99
A14: {=index('Score Calcuations'!$N$3:$N$14,match(C14,'Score Calcuations'!$A$3:$A$14))} -> WD | B14: =IFERROR(__xludf.DUMMYFUNCTION("""COMPUTED_VALUE"""),"WD") -> WD | C14: =IFERROR(__xludf.DUMMYFUNCTION("""COMPUTED_VALUE"""),"John C") -> John C | D14: =IFERROR(__xludf.DUMMYFUNCTION("""COMPUTED_VALUE"""),"WD") -> WD | E14: =IFERROR(__xludf.DUMMYFUNCTION("""COMPUTED_VALUE"""),"71") -> 71 | F14: =IFERROR(__xludf.DUMMYFUNCTION("""COMPUTED_VALUE"""),"86") -> 86 | G14: =IFERROR(__xludf.DUMMYFUNCTION("""COMPUTED_VALUE"""),"76") -> 76 | H14: =IFERROR(__xludf.DUMMYFUNCTION("""COMPUTED_VALUE"""),"WD") -> WD

Sheet Scorecards
C1: =SETUP!C1 -> THE TRIBUTE | X1: =SETUP!C2 -> 72.9 | Y1: =SETUP!C3 -> 136
C2: Hole | D2: 1 | E2: 2 | F2: 3 | G2: 4 | H2: 5 | I2: 6 | J2: 7 | K2: 8 | L2: 9 | M2: 10 | N2: 11 | O2: 12 | P2: 13 | Q2: 14 | R2: 15 | S2: 16 | T2: 17 | U2: 18 | V2: OUT | W2: IN | X2: TOTAL | Y2: NET
C3: Handi | D3: =SETUP!I3 -> 13 | E3: =SETUP!J3 -> 9 | F3: =SETUP!K3 -> 17 | G3: =SETUP!L3 -> 7 | H3: =SETUP!M3 -> 5 | I3: =SETUP!N3 -> 11 | J3: =SETUP!O3 -> 3 | K3: =SETUP!P3 -> 1 | ... U3: =SETUP!Z3 -> 10
A4: =SETUP!A4 -> Player | B4: Handi | C4: Par | D4: =SETUP!I4 -> 4 | E4: =SETUP!J4 -> 4 | F4: =SETUP!K4 -> 4 | G4: =SETUP!L4 -> 5 | H4: =SETUP!M4 -> 4 | I4: =SETUP!N4 -> 3 | J4: =SETUP!O4 -> 5 | K4: =SETUP!P4 -> 4 | ... U4: =SETUP!Z4 -> 4 | V4: =SUM(D4:L4) -> 36 | W4: =SUM(M4:U4) -> 36 | X4: =V4+W4 -> 72 | Z4: Alb | AA4: Eagle | AB4: Birdie | AC4: Par | AD4: Bogey | AE4: Double | AF4: Triple | AG4: Quad+
A5: =SETUP!A5 -> Aaron J | B5: {=if(A5="","",index(SETUP!C:C,match(A5,SETUP!A:A,0)))} -> 9 | D5: 5 | E5: 4 | F5: 4 | G5: 6 | H5: 5 | I5: 3 | J5: 6 | K5: 6 | L5: 3 | M5: 5 | N5: 5 | O5: 8 | P5: 3 | Q5: 6 | R5: 3 | S5: 4 | T5: 3 | U5: 4 | V5: =if(C5="WD","WD", SUM(D5:L5)) -> 42 | W5: =if(C5="WD","WD",SUM(M5:U5)) -> 41 | X5: =if(C5="WD","WD",IF(W5>0,V5+W5,"")) -> 83 | Y5: =if(C5="WD","WD",IF(W5=0,"",X5-B5)) -> 74 | Z5: {=sum(if(D5-$D$4=-3,1,0),if(E5-$E$4=-3,1,0),if(F5-$F$4=-3,1,0),if(G5-$G$4=-3,1,0),if(H5-$H$4=-3,1,0),if(I5-$I$4=-3,1,0),if(J5-$J$4=-3,1,0),if(K5-$K$4=-3,1,0),if(L5-$L$4=-3,1,0),if(M5-$M$4=-3,1,0),if(N5-$N$4=-3,1,0),if(O5-$O$4=-3,1,0),if(P5-$P$4=-3,1,0),if(Q5-$Q$4=-3,1,0),if(R5-$R$4=-3,1,0),if(S5-$S$4=-3,1,0),if(T5-$T$4=-3,1,0),if(U5-$U$4=-3,1,0))} -> 0 | AA5: {=sum(if(D5-$D$4=-2,1,0),if(E5-$E$4=-2,1,0),if(F5-$F$4=-2,1,0),if(G5-$G$4=-2,1,0),if(H5-$H$4=-2,1,0),if(I5-$I$4=-2,1,0),if(J5-$J$4=-2,1,0),if(K5-$K$4=-2,1,0),if(L5-$L$4=-2,1,0),if(M5-$M$4=-2,1,0),if(N5-$N$4=-2,1,0),if(O5-$O$4=-2,1,0),if(P5-$P$4=-2,1,0),if(Q5-$Q$4=-2,1,0),if(R5-$R$4=-2,1,0),if(S5-$S$4=-2,1,0),if(T5-$T$4=-2,1,0),if(U5-$U$4=-2,1,0))} -> 0 | AB5: {=sum(if(D5-$D$4=-1,1,0),if(E5-$E$4=-1,1,0),if(F5-$F$4=-1,1,0),if(G5-$G$4=-1,1,0),if(H5-$H$4=-1,1,0),if(I5-$I$4=-1,1,0),if(J5-$J$4=-1,1,0),if(K5-$K$4=-1,1,0),if(L5-$L$4=-1,1,0),if(M5-$M$4=-1,1,0),if(N5-$N$4=-1,1,0),if(O5-$O$4=-1,1,0),if(P5-$P$4=-1,1,0),if(Q5-$Q$4=-1,1,0),if(R5-$R$4=-1,1,0),if(S5-$S$4=-1,1,0),if(T5-$T$4=-1,1,0),if(U5-$U$4=-1,1,0))} -> 2 | AC5: {=sum(if(D5-$D$4=0,1,0),if(E5-$E$4=0,1,0),if(F5-$F$4=0,1,0),if(G5-$G$4=0,1,0),if(H5-$H$4=0,1,0),if(I5-$I$4=0,1,0),if(J5-$J$4=0,1,0),if(K5-$K$4=0,1,0),if(L5-$L$4=0,1,0),if(M5-$M$4=0,1,0),if(N5-$N$4=0,1,0),if(O5-$O$4=0,1,0),if(P5-$P$4=0,1,0),if(Q5-$Q$4=0,1,0),if(R5-$R$4=0,1,0),if(S5-$S$4=0,1,0),if(T5-$T$4=0,1,0),if(U5-$U$4=0,1,0))} -> 8 | AD5: {=sum(if(D5-$D$4=1,1,0),if(E5-$E$4=1,1,0),if(F5-$F$4=1,1,0),if(G5-$G$4=1,1,0),if(H5-$H$4=1,1,0),if(I5-$I$4=1,1,0),if(J5-$J$4=1,1,0),if(K5-$K$4=1,1,0),if(L5-$L$4=1,1,0),if(M5-$M$4=1,1,0),if(N5-$N$4=1,1,0),if(O5-$O$4=1,1,0),if(P5-$P$4=1,1,0),if(Q5-$Q$4=1,1,0),if(R5-$R$4=1,1,0),if(S5-$S$4=1,1,0),if(T5-$T$4=1,1,0),if(U5-$U$4=1,1,0))} -> 5 | AE5: {=sum(if(D5-$D$4=2,1,0),if(E5-$E$4=2,1,0),if(F5-$F$4=2,1,0),if(G5-$G$4=2,1,0),if(H5-$H$4=2,1,0),if(I5-$I$4=2,1,0),if(J5-$J$4=2,1,0),if(K5-$K$4=2,1,0),if(L5-$L$4=2,1,0),if(M5-$M$4=2,1,0),if(N5-$N$4=2,1,0),if(O5-$O$4=2,1,0),if(P5-$P$4=2,1,0),if(Q5-$Q$4=2,1,0),if(R5-$R$4=2,1,0),if(S5-$S$4=2,1,0),if(T5-$T$4=2,1,0),if(U5-$U$4=2,1,0))} -> 2 | AF5: {=sum(if(D5-$D$4=3,1,0),if(E5-$E$4=3,1,0),if(F5-$F$4=3,1,0),if(G5-$G$4=3,1,0),if(H5-$H$4=3,1,0),if(I5-$I$4=3,1,0),if(J5-$J$4=3,1,0),if(K5-$K$4=3,1,0),if(L5-$L$4=3,1,0),if(M5-$M$4=3,1,0),if(N5-$N$4=3,1,0),if(O5-$O$4=3,1,0),if(P5-$P$4=3,1,0),if(Q5-$Q$4=3,1,0),if(R5-$R$4=3,1,0),if(S5-$S$4=3,1,0),if(T5-$T$4=3,1,0),if(U5-$U$4=3,1,0))} -> 0 | AG5: {=sum(if(D5-$D$4>3,1,0),if(E5-$E$4>3,1,0),if(F5-$F$4>3,1,0),if(G5-$G$4>3,1,0),if(H5-$H$4>3,1,0),if(I5-$I$4>3,1,0),if(J5-$J$4>3,1,0),if(K5-$K$4>3,1,0),if(L5-$L$4>3,1,0),if(M5-$M$4>3,1,0),if(N5-$N$4>3,1,0),if(O5-$O$4>3,1,0),if(P5-$P$4>3,1,0),if(Q5-$Q$4>3,1,0),if(R5-$R$4>3,1,0),if(S5-$S$4>3,1,0),if(T5-$T$4>3,1,0),if(U5-$U$4>3,1,0))} -> 1 | AH5: =sum(Z5:AG5) -> 18
A6: =SETUP!A6 -> Andy V | B6: {=if(A6="","",index(SETUP!C:C,match(A6,SETUP!A:A,0)))} -> 22 | D6: 6 | E6: 7 | F6: 4 | G6: 6 | H6: 6 | I6: 7 | J6: 7 | K6: 8 | L6: 5 | M6: 8 | N6: 8 | O6: 5 | P6: 3 | Q6: 6 | R6: 5 | S6: 6 | T6: 3 | U6: 4 | V6: =if(C6="WD","WD", SUM(D6:L6)) -> 56 | W6: =if(C6="WD","WD",SUM(M6:U6)) -> 48 | X6: =if(C6="WD","WD",IF(W6>0,V6+W6,"")) -> 104 | Y6: =if(C6="WD","WD",IF(W6=0,"",X6-B6)) -> 82 | Z6: {=sum(if(D6-$D$4=-3,1,0),if(E6-$E$4=-3,1,0),if(F6-$F$4=-3,1,0),if(G6-$G$4=-3,1,0),if(H6-$H$4=-3,1,0),if(I6-$I$4=-3,1,0),if(J6-$J$4=-3,1,0),if(K6-$K$4=-3,1,0),if(L6-$L$4=-3,1,0),if(M6-$M$4=-3,1,0),if(N6-$N$4=-3,1,0),if(O6-$O$4=-3,1,0),if(P6-$P$4=-3,1,0),if(Q6-$Q$4=-3,1,0),if(R6-$R$4=-3,1,0),if(S6-$S$4=-3,1,0),if(T6-$T$4=-3,1,0),if(U6-$U$4=-3,1,0))} -> 0 | AA6: {=sum(if(D6-$D$4=-2,1,0),if(E6-$E$4=-2,1,0),if(F6-$F$4=-2,1,0),if(G6-$G$4=-2,1,0),if(H6-$H$4=-2,1,0),if(I6-$I$4=-2,1,0),if(J6-$J$4=-2,1,0),if(K6-$K$4=-2,1,0),if(L6-$L$4=-2,1,0),if(M6-$M$4=-2,1,0),if(N6-$N$4=-2,1,0),if(O6-$O$4=-2,1,0),if(P6-$P$4=-2,1,0),if(Q6-$Q$4=-2,1,0),if(R6-$R$4=-2,1,0),if(S6-$S$4=-2,1,0),if(T6-$T$4=-2,1,0),if(U6-$U$4=-2,1,0))} -> 0 | AB6: {=sum(if(D6-$D$4=-1,1,0),if(E6-$E$4=-1,1,0),if(F6-$F$4=-1,1,0),if(G6-$G$4=-1,1,0),if(H6-$H$4=-1,1,0),if(I6-$I$4=-1,1,0),if(J6-$J$4=-1,1,0),if(K6-$K$4=-1,1,0),if(L6-$L$4=-1,1,0),if(M6-$M$4=-1,1,0),if(N6-$N$4=-1,1,0),if(O6-$O$4=-1,1,0),if(P6-$P$4=-1,1,0),if(Q6-$Q$4=-1,1,0),if(R6-$R$4=-1,1,0),if(S6-$S$4=-1,1,0),if(T6-$T$4=-1,1,0),if(U6-$U$4=-1,1,0))} -> 0 | AC6: {=sum(if(D6-$D$4=0,1,0),if(E6-$E$4=0,1,0),if(F6-$F$4=0,1,0),if(G6-$G$4=0,1,0),if(H6-$H$4=0,1,0),if(I6-$I$4=0,1,0),if(J6-$J$4=0,1,0),if(K6-$K$4=0,1,0),if(L6-$L$4=0,1,0),if(M6-$M$4=0,1,0),if(N6-$N$4=0,1,0),if(O6-$O$4=0,1,0),if(P6-$P$4=0,1,0),if(Q6-$Q$4=0,1,0),if(R6-$R$4=0,1,0),if(S6-$S$4=0,1,0),if(T6-$T$4=0,1,0),if(U6-$U$4=0,1,0))} -> 4 | AD6: {=sum(if(D6-$D$4=1,1,0),if(E6-$E$4=1,1,0),if(F6-$F$4=1,1,0),if(G6-$G$4=1,1,0),if(H6-$H$4=1,1,0),if(I6-$I$4=1,1,0),if(J6-$J$4=1,1,0),if(K6-$K$4=1,1,0),if(L6-$L$4=1,1,0),if(M6-$M$4=1,1,0),if(N6-$N$4=1,1,0),if(O6-$O$4=1,1,0),if(P6-$P$4=1,1,0),if(Q6-$Q$4=1,1,0),if(R6-$R$4=1,1,0),if(S6-$S$4=1,1,0),if(T6-$T$4=1,1,0),if(U6-$U$4=1,1,0))} -> 4 | AE6: {=sum(if(D6-$D$4=2,1,0),if(E6-$E$4=2,1,0),if(F6-$F$4=2,1,0),if(G6-$G$4=2,1,0),if(H6-$H$4=2,1,0),if(I6-$I$4=2,1,0),if(J6-$J$4=2,1,0),if(K6-$K$4=2,1,0),if(L6-$L$4=2,1,0),if(M6-$M$4=2,1,0),if(N6-$N$4=2,1,0),if(O6-$O$4=2,1,0),if(P6-$P$4=2,1,0),if(Q6-$Q$4=2,1,0),if(R6-$R$4=2,1,0),if(S6-$S$4=2,1,0),if(T6-$T$4=2,1,0),if(U6-$U$4=2,1,0))} -> 5 | AF6: {=sum(if(D6-$D$4=3,1,0),if(E6-$E$4=3,1,0),if(F6-$F$4=3,1,0),if(G6-$G$4=3,1,0),if(H6-$H$4=3,1,0),if(I6-$I$4=3,1,0),if(J6-$J$4=3,1,0),if(K6-$K$4=3,1,0),if(L6-$L$4=3,1,0),if(M6-$M$4=3,1,0),if(N6-$N$4=3,1,0),if(O6-$O$4=3,1,0),if(P6-$P$4=3,1,0),if(Q6-$Q$4=3,1,0),if(R6-$R$4=3,1,0),if(S6-$S$4=3,1,0),if(T6-$T$4=3,1,0),if(U6-$U$4=3,1,0))} -> 2 | AG6: {=sum(if(D6-$D$4>3,1,0),if(E6-$E$4>3,1,0),if(F6-$F$4>3,1,0),if(G6-$G$4>3,1,0),if(H6-$H$4>3,1,0),if(I6-$I$4>3,1,0),if(J6-$J$4>3,1,0),if(K6-$K$4>3,1,0),if(L6-$L$4>3,1,0),if(M6-$M$4>3,1,0),if(N6-$N$4>3,1,0),if(O6-$O$4>3,1,0),if(P6-$P$4>3,1,0),if(Q6-$Q$4>3,1,0),if(R6-$R$4>3,1,0),if(S6-$S$4>3,1,0),if(T6-$T$4>3,1,0),if(U6-$U$4>3,1,0))} -> 3 | AH6: =sum(Z6:AG6) -> 18
A7: =SETUP!A7 -> Bob B | B7: {=if(A7="","",index(SETUP!C:C,match(A7,SETUP!A:A,0)))} -> 20 | D7: 5 | E7: 6 | F7: 5 | G7: 8 | H7: 6 | I7: 3 | J7: 8 | K7: 6 | L7: 6 | M7: 5 | N7: 5 | O7: 5 | P7: 3 | Q7: 5 | R7: 7 | S7: 6 | T7: 3 | U7: 4 | V7: =if(C7="WD","WD", SUM(D7:L7)) -> 53 | W7: =if(C7="WD","WD",SUM(M7:U7)) -> 43 | X7: =if(C7="WD","WD",IF(W7>0,V7+W7,"")) -> 96 | Y7: =if(C7="WD","WD",IF(W7=0,"",X7-B7)) -> 76 | Z7: {=sum(if(D7-$D$4=-3,1,0),if(E7-$E$4=-3,1,0),if(F7-$F$4=-3,1,0),if(G7-$G$4=-3,1,0),if(H7-$H$4=-3,1,0),if(I7-$I$4=-3,1,0),if(J7-$J$4=-3,1,0),if(K7-$K$4=-3,1,0),if(L7-$L$4=-3,1,0),if(M7-$M$4=-3,1,0),if(N7-$N$4=-3,1,0),if(O7-$O$4=-3,1,0),if(P7-$P$4=-3,1,0),if(Q7-$Q$4=-3,1,0),if(R7-$R$4=-3,1,0),if(S7-$S$4=-3,1,0),if(T7-$T$4=-3,1,0),if(U7-$U$4=-3,1,0))} -> 0 | AA7: {=sum(if(D7-$D$4=-2,1,0),if(E7-$E$4=-2,1,0),if(F7-$F$4=-2,1,0),if(G7-$G$4=-2,1,0),if(H7-$H$4=-2,1,0),if(I7-$I$4=-2,1,0),if(J7-$J$4=-2,1,0),if(K7-$K$4=-2,1,0),if(L7-$L$4=-2,1,0),if(M7-$M$4=-2,1,0),if(N7-$N$4=-2,1,0),if(O7-$O$4=-2,1,0),if(P7-$P$4=-2,1,0),if(Q7-$Q$4=-2,1,0),if(R7-$R$4=-2,1,0),if(S7-$S$4=-2,1,0),if(T7-$T$4=-2,1,0),if(U7-$U$4=-2,1,0))} -> 0 | AB7: {=sum(if(D7-$D$4=-1,1,0),if(E7-$E$4=-1,1,0),if(F7-$F$4=-1,1,0),if(G7-$G$4=-1,1,0),if(H7-$H$4=-1,1,0),if(I7-$I$4=-1,1,0),if(J7-$J$4=-1,1,0),if(K7-$K$4=-1,1,0),if(L7-$L$4=-1,1,0),if(M7-$M$4=-1,1,0),if(N7-$N$4=-1,1,0),if(O7-$O$4=-1,1,0),if(P7-$P$4=-1,1,0),if(Q7-$Q$4=-1,1,0),if(R7-$R$4=-1,1,0),if(S7-$S$4=-1,1,0),if(T7-$T$4=-1,1,0),if(U7-$U$4=-1,1,0))} -> 0 | AC7: {=sum(if(D7-$D$4=0,1,0),if(E7-$E$4=0,1,0),if(F7-$F$4=0,1,0),if(G7-$G$4=0,1,0),if(H7-$H$4=0,1,0),if(I7-$I$4=0,1,0),if(J7-$J$4=0,1,0),if(K7-$K$4=0,1,0),if(L7-$L$4=0,1,0),if(M7-$M$4=0,1,0),if(N7-$N$4=0,1,0),if(O7-$O$4=0,1,0),if(P7-$P$4=0,1,0),if(Q7-$Q$4=0,1,0),if(R7-$R$4=0,1,0),if(S7-$S$4=0,1,0),if(T7-$T$4=0,1,0),if(U7-$U$4=0,1,0))} -> 5 | AD7: {=sum(if(D7-$D$4=1,1,0),if(E7-$E$4=1,1,0),if(F7-$F$4=1,1,0),if(G7-$G$4=1,1,0),if(H7-$H$4=1,1,0),if(I7-$I$4=1,1,0),if(J7-$J$4=1,1,0),if(K7-$K$4=1,1,0),if(L7-$L$4=1,1,0),if(M7-$M$4=1,1,0),if(N7-$N$4=1,1,0),if(O7-$O$4=1,1,0),if(P7-$P$4=1,1,0),if(Q7-$Q$4=1,1,0),if(R7-$R$4=1,1,0),if(S7-$S$4=1,1,0),if(T7-$T$4=1,1,0),if(U7-$U$4=1,1,0))} -> 6 | AE7: {=sum(if(D7-$D$4=2,1,0),if(E7-$E$4=2,1,0),if(F7-$F$4=2,1,0),if(G7-$G$4=2,1,0),if(H7-$H$4=2,1,0),if(I7-$I$4=2,1,0),if(J7-$J$4=2,1,0),if(K7-$K$4=2,1,0),if(L7-$L$4=2,1,0),if(M7-$M$4=2,1,0),if(N7-$N$4=2,1,0),if(O7-$O$4=2,1,0),if(P7-$P$4=2,1,0),if(Q7-$Q$4=2,1,0),if(R7-$R$4=2,1,0),if(S7-$S$4=2,1,0),if(T7-$T$4=2,1,0),if(U7-$U$4=2,1,0))} -> 3 | AF7: {=sum(if(D7-$D$4=3,1,0),if(E7-$E$4=3,1,0),if(F7-$F$4=3,1,0),if(G7-$G$4=3,1,0),if(H7-$H$4=3,1,0),if(I7-$I$4=3,1,0),if(J7-$J$4=3,1,0),if(K7-$K$4=3,1,0),if(L7-$L$4=3,1,0),if(M7-$M$4=3,1,0),if(N7-$N$4=3,1,0),if(O7-$O$4=3,1,0),if(P7-$P$4=3,1,0),if(Q7-$Q$4=3,1,0),if(R7-$R$4=3,1,0),if(S7-$S$4=3,1,0),if(T7-$T$4=3,1,0),if(U7-$U$4=3,1,0))} -> 4 | AG7: {=sum(if(D7-$D$4>3,1,0),if(E7-$E$4>3,1,0),if(F7-$F$4>3,1,0),if(G7-$G$4>3,1,0),if(H7-$H$4>3,1,0),if(I7-$I$4>3,1,0),if(J7-$J$4>3,1,0),if(K7-$K$4>3,1,0),if(L7-$L$4>3,1,0),if(M7-$M$4>3,1,0),if(N7-$N$4>3,1,0),if(O7-$O$4>3,1,0),if(P7-$P$4>3,1,0),if(Q7-$Q$4>3,1,0),if(R7-$R$4>3,1,0),if(S7-$S$4>3,1,0),if(T7-$T$4>3,1,0),if(U7-$U$4>3,1,0))} -> 0 | AH7: =sum(Z7:AG7) -> 18
A8: =SETUP!A8 -> Brian K | B8: {=if(A8="","",index(SETUP!C:C,match(A8,SETUP!A:A,0)))} -> 13 | D8: 4 | E8: 6 | F8: 6 | G8: 7 | H8: 5 | I8: 4 | J8: 8 | K8: 5 | L8: 4 | M8: 4 | N8: 8 | O8: 4 | P8: 3 | Q8: 4 | R8: 4 | S8: 6 | T8: 3 | U8: 4 | V8: =if(C8="WD","WD", SUM(D8:L8)) -> 49 | W8: =if(C8="WD","WD",SUM(M8:U8)) -> 40 | X8: =if(C8="WD","WD",IF(W8>0,V8+W8,"")) -> 89 | Y8: =if(C8="WD","WD",IF(W8=0,"",X8-B8)) -> 76 | Z8: {=sum(if(D8-$D$4=-3,1,0),if(E8-$E$4=-3,1,0),if(F8-$F$4=-3,1,0),if(G8-$G$4=-3,1,0),if(H8-$H$4=-3,1,0),if(I8-$I$4=-3,1,0),if(J8-$J$4=-3,1,0),if(K8-$K$4=-3,1,0),if(L8-$L$4=-3,1,0),if(M8-$M$4=-3,1,0),if(N8-$N$4=-3,1,0),if(O8-$O$4=-3,1,0),if(P8-$P$4=-3,1,0),if(Q8-$Q$4=-3,1,0),if(R8-$R$4=-3,1,0),if(S8-$S$4=-3,1,0),if(T8-$T$4=-3,1,0),if(U8-$U$4=-3,1,0))} -> 0 | AA8: {=sum(if(D8-$D$4=-2,1,0),if(E8-$E$4=-2,1,0),if(F8-$F$4=-2,1,0),if(G8-$G$4=-2,1,0),if(H8-$H$4=-2,1,0),if(I8-$I$4=-2,1,0),if(J8-$J$4=-2,1,0),if(K8-$K$4=-2,1,0),if(L8-$L$4=-2,1,0),if(M8-$M$4=-2,1,0),if(N8-$N$4=-2,1,0),if(O8-$O$4=-2,1,0),if(P8-$P$4=-2,1,0),if(Q8-$Q$4=-2,1,0),if(R8-$R$4=-2,1,0),if(S8-$S$4=-2,1,0),if(T8-$T$4=-2,1,0),if(U8-$U$4=-2,1,0))} -> 0 | AB8: {=sum(if(D8-$D$4=-1,1,0),if(E8-$E$4=-1,1,0),if(F8-$F$4=-1,1,0),if(G8-$G$4=-1,1,0),if(H8-$H$4=-1,1,0),if(I8-$I$4=-1,1,0),if(J8-$J$4=-1,1,0),if(K8-$K$4=-1,1,0),if(L8-$L$4=-1,1,0),if(M8-$M$4=-1,1,0),if(N8-$N$4=-1,1,0),if(O8-$O$4=-1,1,0),if(P8-$P$4=-1,1,0),if(Q8-$Q$4=-1,1,0),if(R8-$R$4=-1,1,0),if(S8-$S$4=-1,1,0),if(T8-$T$4=-1,1,0),if(U8-$U$4=-1,1,0))} -> 0 | AC8: {=sum(if(D8-$D$4=0,1,0),if(E8-$E$4=0,1,0),if(F8-$F$4=0,1,0),if(G8-$G$4=0,1,0),if(H8-$H$4=0,1,0),if(I8-$I$4=0,1,0),if(J8-$J$4=0,1,0),if(K8-$K$4=0,1,0),if(L8-$L$4=0,1,0),if(M8-$M$4=0,1,0),if(N8-$N$4=0,1,0),if(O8-$O$4=0,1,0),if(P8-$P$4=0,1,0),if(Q8-$Q$4=0,1,0),if(R8-$R$4=0,1,0),if(S8-$S$4=0,1,0),if(T8-$T$4=0,1,0),if(U8-$U$4=0,1,0))} -> 8 | AD8: {=sum(if(D8-$D$4=1,1,0),if(E8-$E$4=1,1,0),if(F8-$F$4=1,1,0),if(G8-$G$4=1,1,0),if(H8-$H$4=1,1,0),if(I8-$I$4=1,1,0),if(J8-$J$4=1,1,0),if(K8-$K$4=1,1,0),if(L8-$L$4=1,1,0),if(M8-$M$4=1,1,0),if(N8-$N$4=1,1,0),if(O8-$O$4=1,1,0),if(P8-$P$4=1,1,0),if(Q8-$Q$4=1,1,0),if(R8-$R$4=1,1,0),if(S8-$S$4=1,1,0),if(T8-$T$4=1,1,0),if(U8-$U$4=1,1,0))} -> 5 | AE8: {=sum(if(D8-$D$4=2,1,0),if(E8-$E$4=2,1,0),if(F8-$F$4=2,1,0),if(G8-$G$4=2,1,0),if(H8-$H$4=2,1,0),if(I8-$I$4=2,1,0),if(J8-$J$4=2,1,0),if(K8-$K$4=2,1,0),if(L8-$L$4=2,1,0),if(M8-$M$4=2,1,0),if(N8-$N$4=2,1,0),if(O8-$O$4=2,1,0),if(P8-$P$4=2,1,0),if(Q8-$Q$4=2,1,0),if(R8-$R$4=2,1,0),if(S8-$S$4=2,1,0),if(T8-$T$4=2,1,0),if(U8-$U$4=2,1,0))} -> 3 | AF8: {=sum(if(D8-$D$4=3,1,0),if(E8-$E$4=3,1,0),if(F8-$F$4=3,1,0),if(G8-$G$4=3,1,0),if(H8-$H$4=3,1,0),if(I8-$I$4=3,1,0),if(J8-$J$4=3,1,0),if(K8-$K$4=3,1,0),if(L8-$L$4=3,1,0),if(M8-$M$4=3,1,0),if(N8-$N$4=3,1,0),if(O8-$O$4=3,1,0),if(P8-$P$4=3,1,0),if(Q8-$Q$4=3,1,0),if(R8-$R$4=3,1,0),if(S8-$S$4=3,1,0),if(T8-$T$4=3,1,0),if(U8-$U$4=3,1,0))} -> 2 | AG8: {=sum(if(D8-$D$4>3,1,0),if(E8-$E$4>3,1,0),if(F8-$F$4>3,1,0),if(G8-$G$4>3,1,0),if(H8-$H$4>3,1,0),if(I8-$I$4>3,1,0),if(J8-$J$4>3,1,0),if(K8-$K$4>3,1,0),if(L8-$L$4>3,1,0),if(M8-$M$4>3,1,0),if(N8-$N$4>3,1,0),if(O8-$O$4>3,1,0),if(P8-$P$4>3,1,0),if(Q8-$Q$4>3,1,0),if(R8-$R$4>3,1,0),if(S8-$S$4>3,1,0),if(T8-$T$4>3,1,0),if(U8-$U$4>3,1,0))} -> 0 | AH8: =sum(Z8:AG8) -> 18
A9: =SETUP!A9 -> Dave K | B9: {=if(A9="","",index(SETUP!C:C,match(A9,SETUP!A:A,0)))} -> 20 | D9: 5 | E9: 5 | F9: 4 | G9: 8 | H9: 4 | I9: 5 | J9: 8 | K9: 4 | L9: 5 | M9: 5 | N9: 5 | O9: 5 | P9: 5 | Q9: 5 | R9: 5 | S9: 7 | T9: 4 | U9: 4 | V9: =if(C9="WD","WD", SUM(D9:L9)) -> 48 | W9: =if(C9="WD","WD",SUM(M9:U9)) -> 45 | X9: =if(C9="WD","WD",IF(W9>0,V9+W9,"")) -> 93 | Y9: =if(C9="WD","WD",IF(W9=0,"",X9-B9)) -> 73 | Z9: {=sum(if(D9-$D$4=-3,1,0),if(E9-$E$4=-3,1,0),if(F9-$F$4=-3,1,0),if(G9-$G$4=-3,1,0),if(H9-$H$4=-3,1,0),if(I9-$I$4=-3,1,0),if(J9-$J$4=-3,1,0),if(K9-$K$4=-3,1,0),if(L9-$L$4=-3,1,0),if(M9-$M$4=-3,1,0),if(N9-$N$4=-3,1,0),if(O9-$O$4=-3,1,0),if(P9-$P$4=-3,1,0),if(Q9-$Q$4=-3,1,0),if(R9-$R$4=-3,1,0),if(S9-$S$4=-3,1,0),if(T9-$T$4=-3,1,0),if(U9-$U$4=-3,1,0))} -> 0 | AA9: {=sum(if(D9-$D$4=-2,1,0),if(E9-$E$4=-2,1,0),if(F9-$F$4=-2,1,0),if(G9-$G$4=-2,1,0),if(H9-$H$4=-2,1,0),if(I9-$I$4=-2,1,0),if(J9-$J$4=-2,1,0),if(K9-$K$4=-2,1,0),if(L9-$L$4=-2,1,0),if(M9-$M$4=-2,1,0),if(N9-$N$4=-2,1,0),if(O9-$O$4=-2,1,0),if(P9-$P$4=-2,1,0),if(Q9-$Q$4=-2,1,0),if(R9-$R$4=-2,1,0),if(S9-$S$4=-2,1,0),if(T9-$T$4=-2,1,0),if(U9-$U$4=-2,1,0))} -> 0 | AB9: {=sum(if(D9-$D$4=-1,1,0),if(E9-$E$4=-1,1,0),if(F9-$F$4=-1,1,0),if(G9-$G$4=-1,1,0),if(H9-$H$4=-1,1,0),if(I9-$I$4=-1,1,0),if(J9-$J$4=-1,1,0),if(K9-$K$4=-1,1,0),if(L9-$L$4=-1,1,0),if(M9-$M$4=-1,1,0),if(N9-$N$4=-1,1,0),if(O9-$O$4=-1,1,0),if(P9-$P$4=-1,1,0),if(Q9-$Q$4=-1,1,0),if(R9-$R$4=-1,1,0),if(S9-$S$4=-1,1,0),if(T9-$T$4=-1,1,0),if(U9-$U$4=-1,1,0))} -> 0 | AC9: {=sum(if(D9-$D$4=0,1,0),if(E9-$E$4=0,1,0),if(F9-$F$4=0,1,0),if(G9-$G$4=0,1,0),if(H9-$H$4=0,1,0),if(I9-$I$4=0,1,0),if(J9-$J$4=0,1,0),if(K9-$K$4=0,1,0),if(L9-$L$4=0,1,0),if(M9-$M$4=0,1,0),if(N9-$N$4=0,1,0),if(O9-$O$4=0,1,0),if(P9-$P$4=0,1,0),if(Q9-$Q$4=0,1,0),if(R9-$R$4=0,1,0),if(S9-$S$4=0,1,0),if(T9-$T$4=0,1,0),if(U9-$U$4=0,1,0))} -> 5 | AD9: {=sum(if(D9-$D$4=1,1,0),if(E9-$E$4=1,1,0),if(F9-$F$4=1,1,0),if(G9-$G$4=1,1,0),if(H9-$H$4=1,1,0),if(I9-$I$4=1,1,0),if(J9-$J$4=1,1,0),if(K9-$K$4=1,1,0),if(L9-$L$4=1,1,0),if(M9-$M$4=1,1,0),if(N9-$N$4=1,1,0),if(O9-$O$4=1,1,0),if(P9-$P$4=1,1,0),if(Q9-$Q$4=1,1,0),if(R9-$R$4=1,1,0),if(S9-$S$4=1,1,0),if(T9-$T$4=1,1,0),if(U9-$U$4=1,1,0))} -> 7 | AE9: {=sum(if(D9-$D$4=2,1,0),if(E9-$E$4=2,1,0),if(F9-$F$4=2,1,0),if(G9-$G$4=2,1,0),if(H9-$H$4=2,1,0),if(I9-$I$4=2,1,0),if(J9-$J$4=2,1,0),if(K9-$K$4=2,1,0),if(L9-$L$4=2,1,0),if(M9-$M$4=2,1,0),if(N9-$N$4=2,1,0),if(O9-$O$4=2,1,0),if(P9-$P$4=2,1,0),if(Q9-$Q$4=2,1,0),if(R9-$R$4=2,1,0),if(S9-$S$4=2,1,0),if(T9-$T$4=2,1,0),if(U9-$U$4=2,1,0))} -> 4 | AF9: {=sum(if(D9-$D$4=3,1,0),if(E9-$E$4=3,1,0),if(F9-$F$4=3,1,0),if(G9-$G$4=3,1,0),if(H9-$H$4=3,1,0),if(I9-$I$4=3,1,0),if(J9-$J$4=3,1,0),if(K9-$K$4=3,1,0),if(L9-$L$4=3,1,0),if(M9-$M$4=3,1,0),if(N9-$N$4=3,1,0),if(O9-$O$4=3,1,0),if(P9-$P$4=3,1,0),if(Q9-$Q$4=3,1,0),if(R9-$R$4=3,1,0),if(S9-$S$4=3,1,0),if(T9-$T$4=3,1,0),if(U9-$U$4=3,1,0))} -> 2 | AG9: {=sum(if(D9-$D$4>3,1,0),if(E9-$E$4>3,1,0),if(F9-$F$4>3,1,0),if(G9-$G$4>3,1,0),if(H9-$H$4>3,1,0),if(I9-$I$4>3,1,0),if(J9-$J$4>3,1,0),if(K9-$K$4>3,1,0),if(L9-$L$4>3,1,0),if(M9-$M$4>3,1,0),if(N9-$N$4>3,1,0),if(O9-$O$4>3,1,0),if(P9-$P$4>3,1,0),if(Q9-$Q$4>3,1,0),if(R9-$R$4>3,1,0),if(S9-$S$4>3,1,0),if(T9-$T$4>3,1,0),if(U9-$U$4>3,1,0))} -> 0 | AH9: =sum(Z9:AG9) -> 18
A10: =SETUP!A10 -> Eric O | B10: {=if(A10="","",index(SETUP!C:C,match(A10,SETUP!A:A,0)))} -> 19 | D10: 4 | E10: 4 | F10: 5 | G10: 6 | H10: 6 | I10: 5 | J10: 7 | K10: 8 | L10: 4 | M10: 5 | N10: 6 | O10: 7 | P10: 6 | Q10: 4 | R10: 6 | S10: 7 | T10: 4 | U10: 7 | V10: =if(C10="WD","WD", SUM(D10:L10)) -> 49 | W10: =if(C10="WD","WD",SUM(M10:U10)) -> 52 | X10: =if(C10="WD","WD",IF(W10>0,V10+W10,"")) -> 101 | Y10: =if(C10="WD","WD",IF(W10=0,"",X10-B10)) -> 82 | Z10: {=sum(if(D10-$D$4=-3,1,0),if(E10-$E$4=-3,1,0),if(F10-$F$4=-3,1,0),if(G10-$G$4=-3,1,0),if(H10-$H$4=-3,1,0),if(I10-$I$4=-3,1,0),if(J10-$J$4=-3,1,0),if(K10-$K$4=-3,1,0),if(L10-$L$4=-3,1,0),if(M10-$M$4=-3,1,0),if(N10-$N$4=-3,1,0),if(O10-$O$4=-3,1,0),if(P10-$P$4=-3,1,0),if(Q10-$Q$4=-3,1,0),if(R10-$R$4=-3,1,0),if(S10-$S$4=-3,1,0),if(T10-$T$4=-3,1,0),if(U10-$U$4=-3,1,0))} -> 0 | AA10: {=sum(if(D10-$D$4=-2,1,0),if(E10-$E$4=-2,1,0),if(F10-$F$4=-2,1,0),if(G10-$G$4=-2,1,0),if(H10-$H$4=-2,1,0),if(I10-$I$4=-2,1,0),if(J10-$J$4=-2,1,0),if(K10-$K$4=-2,1,0),if(L10-$L$4=-2,1,0),if(M10-$M$4=-2,1,0),if(N10-$N$4=-2,1,0),if(O10-$O$4=-2,1,0),if(P10-$P$4=-2,1,0),if(Q10-$Q$4=-2,1,0),if(R10-$R$4=-2,1,0),if(S10-$S$4=-2,1,0),if(T10-$T$4=-2,1,0),if(U10-$U$4=-2,1,0))} -> 0 | AB10: {=sum(if(D10-$D$4=-1,1,0),if(E10-$E$4=-1,1,0),if(F10-$F$4=-1,1,0),if(G10-$G$4=-1,1,0),if(H10-$H$4=-1,1,0),if(I10-$I$4=-1,1,0),if(J10-$J$4=-1,1,0),if(K10-$K$4=-1,1,0),if(L10-$L$4=-1,1,0),if(M10-$M$4=-1,1,0),if(N10-$N$4=-1,1,0),if(O10-$O$4=-1,1,0),if(P10-$P$4=-1,1,0),if(Q10-$Q$4=-1,1,0),if(R10-$R$4=-1,1,0),if(S10-$S$4=-1,1,0),if(T10-$T$4=-1,1,0),if(U10-$U$4=-1,1,0))} -> 0 | AC10: {=sum(if(D10-$D$4=0,1,0),if(E10-$E$4=0,1,0),if(F10-$F$4=0,1,0),if(G10-$G$4=0,1,0),if(H10-$H$4=0,1,0),if(I10-$I$4=0,1,0),if(J10-$J$4=0,1,0),if(K10-$K$4=0,1,0),if(L10-$L$4=0,1,0),if(M10-$M$4=0,1,0),if(N10-$N$4=0,1,0),if(O10-$O$4=0,1,0),if(P10-$P$4=0,1,0),if(Q10-$Q$4=0,1,0),if(R10-$R$4=0,1,0),if(S10-$S$4=0,1,0),if(T10-$T$4=0,1,0),if(U10-$U$4=0,1,0))} -> 3 | AD10: {=sum(if(D10-$D$4=1,1,0),if(E10-$E$4=1,1,0),if(F10-$F$4=1,1,0),if(G10-$G$4=1,1,0),if(H10-$H$4=1,1,0),if(I10-$I$4=1,1,0),if(J10-$J$4=1,1,0),if(K10-$K$4=1,1,0),if(L10-$L$4=1,1,0),if(M10-$M$4=1,1,0),if(N10-$N$4=1,1,0),if(O10-$O$4=1,1,0),if(P10-$P$4=1,1,0),if(Q10-$Q$4=1,1,0),if(R10-$R$4=1,1,0),if(S10-$S$4=1,1,0),if(T10-$T$4=1,1,0),if(U10-$U$4=1,1,0))} -> 6 | AE10: {=sum(if(D10-$D$4=2,1,0),if(E10-$E$4=2,1,0),if(F10-$F$4=2,1,0),if(G10-$G$4=2,1,0),if(H10-$H$4=2,1,0),if(I10-$I$4=2,1,0),if(J10-$J$4=2,1,0),if(K10-$K$4=2,1,0),if(L10-$L$4=2,1,0),if(M10-$M$4=2,1,0),if(N10-$N$4=2,1,0),if(O10-$O$4=2,1,0),if(P10-$P$4=2,1,0),if(Q10-$Q$4=2,1,0),if(R10-$R$4=2,1,0),if(S10-$S$4=2,1,0),if(T10-$T$4=2,1,0),if(U10-$U$4=2,1,0))} -> 5 | AF10: {=sum(if(D10-$D$4=3,1,0),if(E10-$E$4=3,1,0),if(F10-$F$4=3,1,0),if(G10-$G$4=3,1,0),if(H10-$H$4=3,1,0),if(I10-$I$4=3,1,0),if(J10-$J$4=3,1,0),if(K10-$K$4=3,1,0),if(L10-$L$4=3,1,0),if(M10-$M$4=3,1,0),if(N10-$N$4=3,1,0),if(O10-$O$4=3,1,0),if(P10-$P$4=3,1,0),if(Q10-$Q$4=3,1,0),if(R10-$R$4=3,1,0),if(S10-$S$4=3,1,0),if(T10-$T$4=3,1,0),if(U10-$U$4=3,1,0))} -> 3 | AG10: {=sum(if(D10-$D$4>3,1,0),if(E10-$E$4>3,1,0),if(F10-$F$4>3,1,0),if(G10-$G$4>3,1,0),if(H10-$H$4>3,1,0),if(I10-$I$4>3,1,0),if(J10-$J$4>3,1,0),if(K10-$K$4>3,1,0),if(L10-$L$4>3,1,0),if(M10-$M$4>3,1,0),if(N10-$N$4>3,1,0),if(O10-$O$4>3,1,0),if(P10-$P$4>3,1,0),if(Q10-$Q$4>3,1,0),if(R10-$R$4>3,1,0),if(S10-$S$4>3,1,0),if(T10-$T$4>3,1,0),if(U10-$U$4>3,1,0))} -> 1 | AH10: =sum(Z10:AG10) -> 18
A11: =SETUP!A11 -> Jeff B | B11: {=if(A11="","",index(SETUP!C:C,match(A11,SETUP!A:A,0)))} -> 22 | D11: 4 | E11: 6 | F11: 6 | G11: 5 | H11: 6 | I11: 4 | J11: 9 | K11: 5 | L11: 4 | M11: 4 | N11: 5 | O11: 6 | P11: 4 | Q11: 8 | R11: 6 | S11: 7 | T11: 5 | U11: 5 | V11: =if(C11="WD","WD", SUM(D11:L11)) -> 49 | W11: =if(C11="WD","WD",SUM(M11:U11)) -> 50 | X11: =if(C11="WD","WD",IF(W11>0,V11+W11,"")) -> 99 | Y11: =if(C11="WD","WD",IF(W11=0,"",X11-B11)) -> 77 | Z11: {=sum(if(D11-$D$4=-3,1,0),if(E11-$E$4=-3,1,0),if(F11-$F$4=-3,1,0),if(G11-$G$4=-3,1,0),if(H11-$H$4=-3,1,0),if(I11-$I$4=-3,1,0),if(J11-$J$4=-3,1,0),if(K11-$K$4=-3,1,0),if(L11-$L$4=-3,1,0),if(M11-$M$4=-3,1,0),if(N11-$N$4=-3,1,0),if(O11-$O$4=-3,1,0),if(P11-$P$4=-3,1,0),if(Q11-$Q$4=-3,1,0),if(R11-$R$4=-3,1,0),if(S11-$S$4=-3,1,0),if(T11-$T$4=-3,1,0),if(U11-$U$4=-3,1,0))} -> 0 | AA11: {=sum(if(D11-$D$4=-2,1,0),if(E11-$E$4=-2,1,0),if(F11-$F$4=-2,1,0),if(G11-$G$4=-2,1,0),if(H11-$H$4=-2,1,0),if(I11-$I$4=-2,1,0),if(J11-$J$4=-2,1,0),if(K11-$K$4=-2,1,0),if(L11-$L$4=-2,1,0),if(M11-$M$4=-2,1,0),if(N11-$N$4=-2,1,0),if(O11-$O$4=-2,1,0),if(P11-$P$4=-2,1,0),if(Q11-$Q$4=-2,1,0),if(R11-$R$4=-2,1,0),if(S11-$S$4=-2,1,0),if(T11-$T$4=-2,1,0),if(U11-$U$4=-2,1,0))} -> 0 | AB11: {=sum(if(D11-$D$4=-1,1,0),if(E11-$E$4=-1,1,0),if(F11-$F$4=-1,1,0),if(G11-$G$4=-1,1,0),if(H11-$H$4=-1,1,0),if(I11-$I$4=-1,1,0),if(J11-$J$4=-1,1,0),if(K11-$K$4=-1,1,0),if(L11-$L$4=-1,1,0),if(M11-$M$4=-1,1,0),if(N11-$N$4=-1,1,0),if(O11-$O$4=-1,1,0),if(P11-$P$4=-1,1,0),if(Q11-$Q$4=-1,1,0),if(R11-$R$4=-1,1,0),if(S11-$S$4=-1,1,0),if(T11-$T$4=-1,1,0),if(U11-$U$4=-1,1,0))} -> 0 | AC11: {=sum(if(D11-$D$4=0,1,0),if(E11-$E$4=0,1,0),if(F11-$F$4=0,1,0),if(G11-$G$4=0,1,0),if(H11-$H$4=0,1,0),if(I11-$I$4=0,1,0),if(J11-$J$4=0,1,0),if(K11-$K$4=0,1,0),if(L11-$L$4=0,1,0),if(M11-$M$4=0,1,0),if(N11-$N$4=0,1,0),if(O11-$O$4=0,1,0),if(P11-$P$4=0,1,0),if(Q11-$Q$4=0,1,0),if(R11-$R$4=0,1,0),if(S11-$S$4=0,1,0),if(T11-$T$4=0,1,0),if(U11-$U$4=0,1,0))} -> 4 | AD11: {=sum(if(D11-$D$4=1,1,0),if(E11-$E$4=1,1,0),if(F11-$F$4=1,1,0),if(G11-$G$4=1,1,0),if(H11-$H$4=1,1,0),if(I11-$I$4=1,1,0),if(J11-$J$4=1,1,0),if(K11-$K$4=1,1,0),if(L11-$L$4=1,1,0),if(M11-$M$4=1,1,0),if(N11-$N$4=1,1,0),if(O11-$O$4=1,1,0),if(P11-$P$4=1,1,0),if(Q11-$Q$4=1,1,0),if(R11-$R$4=1,1,0),if(S11-$S$4=1,1,0),if(T11-$T$4=1,1,0),if(U11-$U$4=1,1,0))} -> 5 | AE11: {=sum(if(D11-$D$4=2,1,0),if(E11-$E$4=2,1,0),if(F11-$F$4=2,1,0),if(G11-$G$4=2,1,0),if(H11-$H$4=2,1,0),if(I11-$I$4=2,1,0),if(J11-$J$4=2,1,0),if(K11-$K$4=2,1,0),if(L11-$L$4=2,1,0),if(M11-$M$4=2,1,0),if(N11-$N$4=2,1,0),if(O11-$O$4=2,1,0),if(P11-$P$4=2,1,0),if(Q11-$Q$4=2,1,0),if(R11-$R$4=2,1,0),if(S11-$S$4=2,1,0),if(T11-$T$4=2,1,0),if(U11-$U$4=2,1,0))} -> 7 | AF11: {=sum(if(D11-$D$4=3,1,0),if(E11-$E$4=3,1,0),if(F11-$F$4=3,1,0),if(G11-$G$4=3,1,0),if(H11-$H$4=3,1,0),if(I11-$I$4=3,1,0),if(J11-$J$4=3,1,0),if(K11-$K$4=3,1,0),if(L11-$L$4=3,1,0),if(M11-$M$4=3,1,0),if(N11-$N$4=3,1,0),if(O11-$O$4=3,1,0),if(P11-$P$4=3,1,0),if(Q11-$Q$4=3,1,0),if(R11-$R$4=3,1,0),if(S11-$S$4=3,1,0),if(T11-$T$4=3,1,0),if(U11-$U$4=3,1,0))} -> 0 | AG11: {=sum(if(D11-$D$4>3,1,0),if(E11-$E$4>3,1,0),if(F11-$F$4>3,1,0),if(G11-$G$4>3,1,0),if(H11-$H$4>3,1,0),if(I11-$I$4>3,1,0),if(J11-$J$4>3,1,0),if(K11-$K$4>3,1,0),if(L11-$L$4>3,1,0),if(M11-$M$4>3,1,0),if(N11-$N$4>3,1,0),if(O11-$O$4>3,1,0),if(P11-$P$4>3,1,0),if(Q11-$Q$4>3,1,0),if(R11-$R$4>3,1,0),if(S11-$S$4>3,1,0),if(T11-$T$4>3,1,0),if(U11-$U$4>3,1,0))} -> 2 | AH11: =sum(Z11:AG11) -> 18
A12: =SETUP!A12 -> Joe S | B12: {=if(A12="","",index(SETUP!C:C,match(A12,SETUP!A:A,0)))} -> 15 | D12: 5 | E12: 5 | F12: 5 | G12: 7 | H12: 5 | I12: 4 | J12: 6 | K12: 5 | L12: 5 | M12: 5 | N12: 4 | O12: 5 | P12: 4 | Q12: 6 | R12: 4 | S12: 5 | T12: 3 | U12: 4 | V12: =if(C12="WD","WD", SUM(D12:L12)) -> 47 | W12: =if(C12="WD","WD",SUM(M12:U12)) -> 40 | X12: =if(C12="WD","WD",IF(W12>0,V12+W12,"")) -> 87 | Y12: =if(C12="WD","WD",IF(W12=0,"",X12-B12)) -> 72 | Z12: {=sum(if(D12-$D$4=-3,1,0),if(E12-$E$4=-3,1,0),if(F12-$F$4=-3,1,0),if(G12-$G$4=-3,1,0),if(H12-$H$4=-3,1,0),if(I12-$I$4=-3,1,0),if(J12-$J$4=-3,1,0),if(K12-$K$4=-3,1,0),if(L12-$L$4=-3,1,0),if(M12-$M$4=-3,1,0),if(N12-$N$4=-3,1,0),if(O12-$O$4=-3,1,0),if(P12-$P$4=-3,1,0),if(Q12-$Q$4=-3,1,0),if(R12-$R$4=-3,1,0),if(S12-$S$4=-3,1,0),if(T12-$T$4=-3,1,0),if(U12-$U$4=-3,1,0))} -> 0 | AA12: {=sum(if(D12-$D$4=-2,1,0),if(E12-$E$4=-2,1,0),if(F12-$F$4=-2,1,0),if(G12-$G$4=-2,1,0),if(H12-$H$4=-2,1,0),if(I12-$I$4=-2,1,0),if(J12-$J$4=-2,1,0),if(K12-$K$4=-2,1,0),if(L12-$L$4=-2,1,0),if(M12-$M$4=-2,1,0),if(N12-$N$4=-2,1,0),if(O12-$O$4=-2,1,0),if(P12-$P$4=-2,1,0),if(Q12-$Q$4=-2,1,0),if(R12-$R$4=-2,1,0),if(S12-$S$4=-2,1,0),if(T12-$T$4=-2,1,0),if(U12-$U$4=-2,1,0))} -> 0 | AB12: {=sum(if(D12-$D$4=-1,1,0),if(E12-$E$4=-1,1,0),if(F12-$F$4=-1,1,0),if(G12-$G$4=-1,1,0),if(H12-$H$4=-1,1,0),if(I12-$I$4=-1,1,0),if(J12-$J$4=-1,1,0),if(K12-$K$4=-1,1,0),if(L12-$L$4=-1,1,0),if(M12-$M$4=-1,1,0),if(N12-$N$4=-1,1,0),if(O12-$O$4=-1,1,0),if(P12-$P$4=-1,1,0),if(Q12-$Q$4=-1,1,0),if(R12-$R$4=-1,1,0),if(S12-$S$4=-1,1,0),if(T12-$T$4=-1,1,0),if(U12-$U$4=-1,1,0))} -> 1 | AC12: {=sum(if(D12-$D$4=0,1,0),if(E12-$E$4=0,1,0),if(F12-$F$4=0,1,0),if(G12-$G$4=0,1,0),if(H12-$H$4=0,1,0),if(I12-$I$4=0,1,0),if(J12-$J$4=0,1,0),if(K12-$K$4=0,1,0),if(L12-$L$4=0,1,0),if(M12-$M$4=0,1,0),if(N12-$N$4=0,1,0),if(O12-$O$4=0,1,0),if(P12-$P$4=0,1,0),if(Q12-$Q$4=0,1,0),if(R12-$R$4=0,1,0),if(S12-$S$4=0,1,0),if(T12-$T$4=0,1,0),if(U12-$U$4=0,1,0))} -> 4 | AD12: {=sum(if(D12-$D$4=1,1,0),if(E12-$E$4=1,1,0),if(F12-$F$4=1,1,0),if(G12-$G$4=1,1,0),if(H12-$H$4=1,1,0),if(I12-$I$4=1,1,0),if(J12-$J$4=1,1,0),if(K12-$K$4=1,1,0),if(L12-$L$4=1,1,0),if(M12-$M$4=1,1,0),if(N12-$N$4=1,1,0),if(O12-$O$4=1,1,0),if(P12-$P$4=1,1,0),if(Q12-$Q$4=1,1,0),if(R12-$R$4=1,1,0),if(S12-$S$4=1,1,0),if(T12-$T$4=1,1,0),if(U12-$U$4=1,1,0))} -> 10 | AE12: {=sum(if(D12-$D$4=2,1,0),if(E12-$E$4=2,1,0),if(F12-$F$4=2,1,0),if(G12-$G$4=2,1,0),if(H12-$H$4=2,1,0),if(I12-$I$4=2,1,0),if(J12-$J$4=2,1,0),if(K12-$K$4=2,1,0),if(L12-$L$4=2,1,0),if(M12-$M$4=2,1,0),if(N12-$N$4=2,1,0),if(O12-$O$4=2,1,0),if(P12-$P$4=2,1,0),if(Q12-$Q$4=2,1,0),if(R12-$R$4=2,1,0),if(S12-$S$4=2,1,0),if(T12-$T$4=2,1,0),if(U12-$U$4=2,1,0))} -> 3 | AF12: {=sum(if(D12-$D$4=3,1,0),if(E12-$E$4=3,1,0),if(F12-$F$4=3,1,0),if(G12-$G$4=3,1,0),if(H12-$H$4=3,1,0),if(I12-$I$4=3,1,0),if(J12-$J$4=3,1,0),if(K12-$K$4=3,1,0),if(L12-$L$4=3,1,0),if(M12-$M$4=3,1,0),if(N12-$N$4=3,1,0),if(O12-$O$4=3,1,0),if(P12-$P$4=3,1,0),if(Q12-$Q$4=3,1,0),if(R12-$R$4=3,1,0),if(S12-$S$4=3,1,0),if(T12-$T$4=3,1,0),if(U12-$U$4=3,1,0))} -> 0 | AG12: {=sum(if(D12-$D$4>3,1,0),if(E12-$E$4>3,1,0),if(F12-$F$4>3,1,0),if(G12-$G$4>3,1,0),if(H12-$H$4>3,1,0),if(I12-$I$4>3,1,0),if(J12-$J$4>3,1,0),if(K12-$K$4>3,1,0),if(L12-$L$4>3,1,0),if(M12-$M$4>3,1,0),if(N12-$N$4>3,1,0),if(O12-$O$4>3,1,0),if(P12-$P$4>3,1,0),if(Q12-$Q$4>3,1,0),if(R12-$R$4>3,1,0),if(S12-$S$4>3,1,0),if(T12-$T$4>3,1,0),if(U12-$U$4>3,1,0))} -> 0 | AH12: =sum(Z12:AG12) -> 18
A13: =SETUP!A13 -> John C | B13: {=if(A13="","",index(SETUP!C:C,match(A13,SETUP!A:A,0)))} -> 23 | D13: 7 | E13: 6 | F13: 4 | G13: 7 | H13: 5 | I13: 3 | J13: 6 | K13: 4 | L13: 3 | M13: 7 | N13: 7 | O13: 5 | P13: 3 | Q13: 5 | R13: 5 | S13: 6 | T13: 5 | U13: 6 | V13: =if(C13="WD","WD", SUM(D13:L13)) -> 45 | W13: =if(C13="WD","WD",SUM(M13:U13)) -> 49 | X13: =if(C13="WD","WD",IF(W13>0,V13+W13,"")) -> 94 | Y13: =if(C13="WD","WD",IF(W13=0,"",X13-B13)) -> 71 | Z13: {=sum(if(D13-$D$4=-3,1,0),if(E13-$E$4=-3,1,0),if(F13-$F$4=-3,1,0),if(G13-$G$4=-3,1,0),if(H13-$H$4=-3,1,0),if(I13-$I$4=-3,1,0),if(J13-$J$4=-3,1,0),if(K13-$K$4=-3,1,0),if(L13-$L$4=-3,1,0),if(M13-$M$4=-3,1,0),if(N13-$N$4=-3,1,0),if(O13-$O$4=-3,1,0),if(P13-$P$4=-3,1,0),if(Q13-$Q$4=-3,1,0),if(R13-$R$4=-3,1,0),if(S13-$S$4=-3,1,0),if(T13-$T$4=-3,1,0),if(U13-$U$4=-3,1,0))} -> 0 | AA13: {=sum(if(D13-$D$4=-2,1,0),if(E13-$E$4=-2,1,0),if(F13-$F$4=-2,1,0),if(G13-$G$4=-2,1,0),if(H13-$H$4=-2,1,0),if(I13-$I$4=-2,1,0),if(J13-$J$4=-2,1,0),if(K13-$K$4=-2,1,0),if(L13-$L$4=-2,1,0),if(M13-$M$4=-2,1,0),if(N13-$N$4=-2,1,0),if(O13-$O$4=-2,1,0),if(P13-$P$4=-2,1,0),if(Q13-$Q$4=-2,1,0),if(R13-$R$4=-2,1,0),if(S13-$S$4=-2,1,0),if(T13-$T$4=-2,1,0),if(U13-$U$4=-2,1,0))} -> 0 | AB13: {=sum(if(D13-$D$4=-1,1,0),if(E13-$E$4=-1,1,0),if(F13-$F$4=-1,1,0),if(G13-$G$4=-1,1,0),if(H13-$H$4=-1,1,0),if(I13-$I$4=-1,1,0),if(J13-$J$4=-1,1,0),if(K13-$K$4=-1,1,0),if(L13-$L$4=-1,1,0),if(M13-$M$4=-1,1,0),if(N13-$N$4=-1,1,0),if(O13-$O$4=-1,1,0),if(P13-$P$4=-1,1,0),if(Q13-$Q$4=-1,1,0),if(R13-$R$4=-1,1,0),if(S13-$S$4=-1,1,0),if(T13-$T$4=-1,1,0),if(U13-$U$4=-1,1,0))} -> 0 | AC13: {=sum(if(D13-$D$4=0,1,0),if(E13-$E$4=0,1,0),if(F13-$F$4=0,1,0),if(G13-$G$4=0,1,0),if(H13-$H$4=0,1,0),if(I13-$I$4=0,1,0),if(J13-$J$4=0,1,0),if(K13-$K$4=0,1,0),if(L13-$L$4=0,1,0),if(M13-$M$4=0,1,0),if(N13-$N$4=0,1,0),if(O13-$O$4=0,1,0),if(P13-$P$4=0,1,0),if(Q13-$Q$4=0,1,0),if(R13-$R$4=0,1,0),if(S13-$S$4=0,1,0),if(T13-$T$4=0,1,0),if(U13-$U$4=0,1,0))} -> 5 | AD13: {=sum(if(D13-$D$4=1,1,0),if(E13-$E$4=1,1,0),if(F13-$F$4=1,1,0),if(G13-$G$4=1,1,0),if(H13-$H$4=1,1,0),if(I13-$I$4=1,1,0),if(J13-$J$4=1,1,0),if(K13-$K$4=1,1,0),if(L13-$L$4=1,1,0),if(M13-$M$4=1,1,0),if(N13-$N$4=1,1,0),if(O13-$O$4=1,1,0),if(P13-$P$4=1,1,0),if(Q13-$Q$4=1,1,0),if(R13-$R$4=1,1,0),if(S13-$S$4=1,1,0),if(T13-$T$4=1,1,0),if(U13-$U$4=1,1,0))} -> 6 | AE13: {=sum(if(D13-$D$4=2,1,0),if(E13-$E$4=2,1,0),if(F13-$F$4=2,1,0),if(G13-$G$4=2,1,0),if(H13-$H$4=2,1,0),if(I13-$I$4=2,1,0),if(J13-$J$4=2,1,0),if(K13-$K$4=2,1,0),if(L13-$L$4=2,1,0),if(M13-$M$4=2,1,0),if(N13-$N$4=2,1,0),if(O13-$O$4=2,1,0),if(P13-$P$4=2,1,0),if(Q13-$Q$4=2,1,0),if(R13-$R$4=2,1,0),if(S13-$S$4=2,1,0),if(T13-$T$4=2,1,0),if(U13-$U$4=2,1,0))} -> 5 | AF13: {=sum(if(D13-$D$4=3,1,0),if(E13-$E$4=3,1,0),if(F13-$F$4=3,1,0),if(G13-$G$4=3,1,0),if(H13-$H$4=3,1,0),if(I13-$I$4=3,1,0),if(J13-$J$4=3,1,0),if(K13-$K$4=3,1,0),if(L13-$L$4=3,1,0),if(M13-$M$4=3,1,0),if(N13-$N$4=3,1,0),if(O13-$O$4=3,1,0),if(P13-$P$4=3,1,0),if(Q13-$Q$4=3,1,0),if(R13-$R$4=3,1,0),if(S13-$S$4=3,1,0),if(T13-$T$4=3,1,0),if(U13-$U$4=3,1,0))} -> 2 | AG13: {=sum(if(D13-$D$4>3,1,0),if(E13-$E$4>3,1,0),if(F13-$F$4>3,1,0),if(G13-$G$4>3,1,0),if(H13-$H$4>3,1,0),if(I13-$I$4>3,1,0),if(J13-$J$4>3,1,0),if(K13-$K$4>3,1,0),if(L13-$L$4>3,1,0),if(M13-$M$4>3,1,0),if(N13-$N$4>3,1,0),if(O13-$O$4>3,1,0),if(P13-$P$4>3,1,0),if(Q13-$Q$4>3,1,0),if(R13-$R$4>3,1,0),if(S13-$S$4>3,1,0),if(T13-$T$4>3,1,0),if(U13-$U$4>3,1,0))} -> 0 | AH13: =sum(Z13:AG13) -> 18
A14: =SETUP!A14 -> Ray H | B14: {=if(A14="","",index(SETUP!C:C,match(A14,SETUP!A:A,0)))} -> 23 | D14: 4 | E14: 7 | F14: 7 | G14: 7 | H14: 8 | I14: 5 | J14: 7 | K14: 7 | L14: 5 | M14: 5 | N14: 6 | O14: 4 | P14: 5 | Q14: 6 | R14: 6 | S14: 7 | T14: 5 | U14: 7 | V14: =if(C14="WD","WD", SUM(D14:L14)) -> 57 | W14: =if(C14="WD","WD",SUM(M14:U14)) -> 51 | X14: =if(C14="WD","WD",IF(W14>0,V14+W14,"")) -> 108 | Y14: =if(C14="WD","WD",IF(W14=0,"",X14-B14)) -> 85 | Z14: {=sum(if(D14-$D$4=-3,1,0),if(E14-$E$4=-3,1,0),if(F14-$F$4=-3,1,0),if(G14-$G$4=-3,1,0),if(H14-$H$4=-3,1,0),if(I14-$I$4=-3,1,0),if(J14-$J$4=-3,1,0),if(K14-$K$4=-3,1,0),if(L14-$L$4=-3,1,0),if(M14-$M$4=-3,1,0),if(N14-$N$4=-3,1,0),if(O14-$O$4=-3,1,0),if(P14-$P$4=-3,1,0),if(Q14-$Q$4=-3,1,0),if(R14-$R$4=-3,1,0),if(S14-$S$4=-3,1,0),if(T14-$T$4=-3,1,0),if(U14-$U$4=-3,1,0))} -> 0 | AA14: {=sum(if(D14-$D$4=-2,1,0),if(E14-$E$4=-2,1,0),if(F14-$F$4=-2,1,0),if(G14-$G$4=-2,1,0),if(H14-$H$4=-2,1,0),if(I14-$I$4=-2,1,0),if(J14-$J$4=-2,1,0),if(K14-$K$4=-2,1,0),if(L14-$L$4=-2,1,0),if(M14-$M$4=-2,1,0),if(N14-$N$4=-2,1,0),if(O14-$O$4=-2,1,0),if(P14-$P$4=-2,1,0),if(Q14-$Q$4=-2,1,0),if(R14-$R$4=-2,1,0),if(S14-$S$4=-2,1,0),if(T14-$T$4=-2,1,0),if(U14-$U$4=-2,1,0))} -> 0 | AB14: {=sum(if(D14-$D$4=-1,1,0),if(E14-$E$4=-1,1,0),if(F14-$F$4=-1,1,0),if(G14-$G$4=-1,1,0),if(H14-$H$4=-1,1,0),if(I14-$I$4=-1,1,0),if(J14-$J$4=-1,1,0),if(K14-$K$4=-1,1,0),if(L14-$L$4=-1,1,0),if(M14-$M$4=-1,1,0),if(N14-$N$4=-1,1,0),if(O14-$O$4=-1,1,0),if(P14-$P$4=-1,1,0),if(Q14-$Q$4=-1,1,0),if(R14-$R$4=-1,1,0),if(S14-$S$4=-1,1,0),if(T14-$T$4=-1,1,0),if(U14-$U$4=-1,1,0))} -> 0 | AC14: {=sum(if(D14-$D$4=0,1,0),if(E14-$E$4=0,1,0),if(F14-$F$4=0,1,0),if(G14-$G$4=0,1,0),if(H14-$H$4=0,1,0),if(I14-$I$4=0,1,0),if(J14-$J$4=0,1,0),if(K14-$K$4=0,1,0),if(L14-$L$4=0,1,0),if(M14-$M$4=0,1,0),if(N14-$N$4=0,1,0),if(O14-$O$4=0,1,0),if(P14-$P$4=0,1,0),if(Q14-$Q$4=0,1,0),if(R14-$R$4=0,1,0),if(S14-$S$4=0,1,0),if(T14-$T$4=0,1,0),if(U14-$U$4=0,1,0))} -> 2 | AD14: {=sum(if(D14-$D$4=1,1,0),if(E14-$E$4=1,1,0),if(F14-$F$4=1,1,0),if(G14-$G$4=1,1,0),if(H14-$H$4=1,1,0),if(I14-$I$4=1,1,0),if(J14-$J$4=1,1,0),if(K14-$K$4=1,1,0),if(L14-$L$4=1,1,0),if(M14-$M$4=1,1,0),if(N14-$N$4=1,1,0),if(O14-$O$4=1,1,0),if(P14-$P$4=1,1,0),if(Q14-$Q$4=1,1,0),if(R14-$R$4=1,1,0),if(S14-$S$4=1,1,0),if(T14-$T$4=1,1,0),if(U14-$U$4=1,1,0))} -> 2 | AE14: {=sum(if(D14-$D$4=2,1,0),if(E14-$E$4=2,1,0),if(F14-$F$4=2,1,0),if(G14-$G$4=2,1,0),if(H14-$H$4=2,1,0),if(I14-$I$4=2,1,0),if(J14-$J$4=2,1,0),if(K14-$K$4=2,1,0),if(L14-$L$4=2,1,0),if(M14-$M$4=2,1,0),if(N14-$N$4=2,1,0),if(O14-$O$4=2,1,0),if(P14-$P$4=2,1,0),if(Q14-$Q$4=2,1,0),if(R14-$R$4=2,1,0),if(S14-$S$4=2,1,0),if(T14-$T$4=2,1,0),if(U14-$U$4=2,1,0))} -> 9 | AF14: {=sum(if(D14-$D$4=3,1,0),if(E14-$E$4=3,1,0),if(F14-$F$4=3,1,0),if(G14-$G$4=3,1,0),if(H14-$H$4=3,1,0),if(I14-$I$4=3,1,0),if(J14-$J$4=3,1,0),if(K14-$K$4=3,1,0),if(L14-$L$4=3,1,0),if(M14-$M$4=3,1,0),if(N14-$N$4=3,1,0),if(O14-$O$4=3,1,0),if(P14-$P$4=3,1,0),if(Q14-$Q$4=3,1,0),if(R14-$R$4=3,1,0),if(S14-$S$4=3,1,0),if(T14-$T$4=3,1,0),if(U14-$U$4=3,1,0))} -> 4 | AG14: {=sum(if(D14-$D$4>3,1,0),if(E14-$E$4>3,1,0),if(F14-$F$4>3,1,0),if(G14-$G$4>3,1,0),if(H14-$H$4>3,1,0),if(I14-$I$4>3,1,0),if(J14-$J$4>3,1,0),if(K14-$K$4>3,1,0),if(L14-$L$4>3,1,0),if(M14-$M$4>3,1,0),if(N14-$N$4>3,1,0),if(O14-$O$4>3,1,0),if(P14-$P$4>3,1,0),if(Q14-$Q$4>3,1,0),if(R14-$R$4>3,1,0),if(S14-$S$4>3,1,0),if(T14-$T$4>3,1,0),if(U14-$U$4>3,1,0))} -> 1 | AH14: =sum(Z14:AG14) -> 18
A15: =SETUP!A15 -> Russ W | B15: {=if(A15="","",index(SETUP!C:C,match(A15,SETUP!A:A,0)))} -> 17 | D15: 5 | E15: 5 | F15: 6 | G15: 8 | H15: 4 | I15: 3 | J15: 7 | K15: 4 | L15: 4 | M15: 4 | N15: 5 | O15: 5 | P15: 4 | Q15: 5 | R15: 4 | S15: 6 | T15: 4 | U15: 5 | V15: =if(C15="WD","WD", SUM(D15:L15)) -> 46 | W15: =if(C15="WD","WD",SUM(M15:U15)) -> 42 | X15: =if(C15="WD","WD",IF(W15>0,V15+W15,"")) -> 88 | Y15: =if(C15="WD","WD",IF(W15=0,"",X15-B15)) -> 71 | Z15: {=sum(if(D15-$D$4=-3,1,0),if(E15-$E$4=-3,1,0),if(F15-$F$4=-3,1,0),if(G15-$G$4=-3,1,0),if(H15-$H$4=-3,1,0),if(I15-$I$4=-3,1,0),if(J15-$J$4=-3,1,0),if(K15-$K$4=-3,1,0),if(L15-$L$4=-3,1,0),if(M15-$M$4=-3,1,0),if(N15-$N$4=-3,1,0),if(O15-$O$4=-3,1,0),if(P15-$P$4=-3,1,0),if(Q15-$Q$4=-3,1,0),if(R15-$R$4=-3,1,0),if(S15-$S$4=-3,1,0),if(T15-$T$4=-3,1,0),if(U15-$U$4=-3,1,0))} -> 0 | AA15: {=sum(if(D15-$D$4=-2,1,0),if(E15-$E$4=-2,1,0),if(F15-$F$4=-2,1,0),if(G15-$G$4=-2,1,0),if(H15-$H$4=-2,1,0),if(I15-$I$4=-2,1,0),if(J15-$J$4=-2,1,0),if(K15-$K$4=-2,1,0),if(L15-$L$4=-2,1,0),if(M15-$M$4=-2,1,0),if(N15-$N$4=-2,1,0),if(O15-$O$4=-2,1,0),if(P15-$P$4=-2,1,0),if(Q15-$Q$4=-2,1,0),if(R15-$R$4=-2,1,0),if(S15-$S$4=-2,1,0),if(T15-$T$4=-2,1,0),if(U15-$U$4=-2,1,0))} -> 0 | AB15: {=sum(if(D15-$D$4=-1,1,0),if(E15-$E$4=-1,1,0),if(F15-$F$4=-1,1,0),if(G15-$G$4=-1,1,0),if(H15-$H$4=-1,1,0),if(I15-$I$4=-1,1,0),if(J15-$J$4=-1,1,0),if(K15-$K$4=-1,1,0),if(L15-$L$4=-1,1,0),if(M15-$M$4=-1,1,0),if(N15-$N$4=-1,1,0),if(O15-$O$4=-1,1,0),if(P15-$P$4=-1,1,0),if(Q15-$Q$4=-1,1,0),if(R15-$R$4=-1,1,0),if(S15-$S$4=-1,1,0),if(T15-$T$4=-1,1,0),if(U15-$U$4=-1,1,0))} -> 0 | AC15: {=sum(if(D15-$D$4=0,1,0),if(E15-$E$4=0,1,0),if(F15-$F$4=0,1,0),if(G15-$G$4=0,1,0),if(H15-$H$4=0,1,0),if(I15-$I$4=0,1,0),if(J15-$J$4=0,1,0),if(K15-$K$4=0,1,0),if(L15-$L$4=0,1,0),if(M15-$M$4=0,1,0),if(N15-$N$4=0,1,0),if(O15-$O$4=0,1,0),if(P15-$P$4=0,1,0),if(Q15-$Q$4=0,1,0),if(R15-$R$4=0,1,0),if(S15-$S$4=0,1,0),if(T15-$T$4=0,1,0),if(U15-$U$4=0,1,0))} -> 6 | AD15: {=sum(if(D15-$D$4=1,1,0),if(E15-$E$4=1,1,0),if(F15-$F$4=1,1,0),if(G15-$G$4=1,1,0),if(H15-$H$4=1,1,0),if(I15-$I$4=1,1,0),if(J15-$J$4=1,1,0),if(K15-$K$4=1,1,0),if(L15-$L$4=1,1,0),if(M15-$M$4=1,1,0),if(N15-$N$4=1,1,0),if(O15-$O$4=1,1,0),if(P15-$P$4=1,1,0),if(Q15-$Q$4=1,1,0),if(R15-$R$4=1,1,0),if(S15-$S$4=1,1,0),if(T15-$T$4=1,1,0),if(U15-$U$4=1,1,0))} -> 9 | AE15: {=sum(if(D15-$D$4=2,1,0),if(E15-$E$4=2,1,0),if(F15-$F$4=2,1,0),if(G15-$G$4=2,1,0),if(H15-$H$4=2,1,0),if(I15-$I$4=2,1,0),if(J15-$J$4=2,1,0),if(K15-$K$4=2,1,0),if(L15-$L$4=2,1,0),if(M15-$M$4=2,1,0),if(N15-$N$4=2,1,0),if(O15-$O$4=2,1,0),if(P15-$P$4=2,1,0),if(Q15-$Q$4=2,1,0),if(R15-$R$4=2,1,0),if(S15-$S$4=2,1,0),if(T15-$T$4=2,1,0),if(U15-$U$4=2,1,0))} -> 2 | AF15: {=sum(if(D15-$D$4=3,1,0),if(E15-$E$4=3,1,0),if(F15-$F$4=3,1,0),if(G15-$G$4=3,1,0),if(H15-$H$4=3,1,0),if(I15-$I$4=3,1,0),if(J15-$J$4=3,1,0),if(K15-$K$4=3,1,0),if(L15-$L$4=3,1,0),if(M15-$M$4=3,1,0),if(N15-$N$4=3,1,0),if(O15-$O$4=3,1,0),if(P15-$P$4=3,1,0),if(Q15-$Q$4=3,1,0),if(R15-$R$4=3,1,0),if(S15-$S$4=3,1,0),if(T15-$T$4=3,1,0),if(U15-$U$4=3,1,0))} -> 1 | AG15: {=sum(if(D15-$D$4>3,1,0),if(E15-$E$4>3,1,0),if(F15-$F$4>3,1,0),if(G15-$G$4>3,1,0),if(H15-$H$4>3,1,0),if(I15-$I$4>3,1,0),if(J15-$J$4>3,1,0),if(K15-$K$4>3,1,0),if(L15-$L$4>3,1,0),if(M15-$M$4>3,1,0),if(N15-$N$4>3,1,0),if(O15-$O$4>3,1,0),if(P15-$P$4>3,1,0),if(Q15-$Q$4>3,1,0),if(R15-$R$4>3,1,0),if(S15-$S$4>3,1,0),if(T15-$T$4>3,1,0),if(U15-$U$4>3,1,0))} -> 0 | AH15: =sum(Z15:AG15) -> 18
A16: =SETUP!A16 -> Scott R | B16: {=if(A16="","",index(SETUP!C:C,match(A16,SETUP!A:A,0)))} -> 10 | D16: 5 | E16: 4 | F16: 5 | G16: 6 | H16: 6 | I16: 3 | J16: 6 | K16: 4 | L16: 4 | M16: 5 | N16: 5 | O16: 5 | P16: 5 | Q16: 4 | R16: 4 | S16: 6 | T16: 3 | U16: 6 | V16: =if(C16="WD","WD", SUM(D16:L16)) -> 43 | W16: =if(C16="WD","WD",SUM(M16:U16)) -> 43 | X16: =if(C16="WD","WD",IF(W16>0,V16+W16,"")) -> 86 | Y16: =if(C16="WD","WD",IF(W16=0,"",X16-B16)) -> 76 | Z16: {=sum(if(D16-$D$4=-3,1,0),if(E16-$E$4=-3,1,0),if(F16-$F$4=-3,1,0),if(G16-$G$4=-3,1,0),if(H16-$H$4=-3,1,0),if(I16-$I$4=-3,1,0),if(J16-$J$4=-3,1,0),if(K16-$K$4=-3,1,0),if(L16-$L$4=-3,1,0),if(M16-$M$4=-3,1,0),if(N16-$N$4=-3,1,0),if(O16-$O$4=-3,1,0),if(P16-$P$4=-3,1,0),if(Q16-$Q$4=-3,1,0),if(R16-$R$4=-3,1,0),if(S16-$S$4=-3,1,0),if(T16-$T$4=-3,1,0),if(U16-$U$4=-3,1,0))} -> 0 | AA16: {=sum(if(D16-$D$4=-2,1,0),if(E16-$E$4=-2,1,0),if(F16-$F$4=-2,1,0),if(G16-$G$4=-2,1,0),if(H16-$H$4=-2,1,0),if(I16-$I$4=-2,1,0),if(J16-$J$4=-2,1,0),if(K16-$K$4=-2,1,0),if(L16-$L$4=-2,1,0),if(M16-$M$4=-2,1,0),if(N16-$N$4=-2,1,0),if(O16-$O$4=-2,1,0),if(P16-$P$4=-2,1,0),if(Q16-$Q$4=-2,1,0),if(R16-$R$4=-2,1,0),if(S16-$S$4=-2,1,0),if(T16-$T$4=-2,1,0),if(U16-$U$4=-2,1,0))} -> 0 | AB16: {=sum(if(D16-$D$4=-1,1,0),if(E16-$E$4=-1,1,0),if(F16-$F$4=-1,1,0),if(G16-$G$4=-1,1,0),if(H16-$H$4=-1,1,0),if(I16-$I$4=-1,1,0),if(J16-$J$4=-1,1,0),if(K16-$K$4=-1,1,0),if(L16-$L$4=-1,1,0),if(M16-$M$4=-1,1,0),if(N16-$N$4=-1,1,0),if(O16-$O$4=-1,1,0),if(P16-$P$4=-1,1,0),if(Q16-$Q$4=-1,1,0),if(R16-$R$4=-1,1,0),if(S16-$S$4=-1,1,0),if(T16-$T$4=-1,1,0),if(U16-$U$4=-1,1,0))} -> 0 | AC16: {=sum(if(D16-$D$4=0,1,0),if(E16-$E$4=0,1,0),if(F16-$F$4=0,1,0),if(G16-$G$4=0,1,0),if(H16-$H$4=0,1,0),if(I16-$I$4=0,1,0),if(J16-$J$4=0,1,0),if(K16-$K$4=0,1,0),if(L16-$L$4=0,1,0),if(M16-$M$4=0,1,0),if(N16-$N$4=0,1,0),if(O16-$O$4=0,1,0),if(P16-$P$4=0,1,0),if(Q16-$Q$4=0,1,0),if(R16-$R$4=0,1,0),if(S16-$S$4=0,1,0),if(T16-$T$4=0,1,0),if(U16-$U$4=0,1,0))} -> 7 | AD16: {=sum(if(D16-$D$4=1,1,0),if(E16-$E$4=1,1,0),if(F16-$F$4=1,1,0),if(G16-$G$4=1,1,0),if(H16-$H$4=1,1,0),if(I16-$I$4=1,1,0),if(J16-$J$4=1,1,0),if(K16-$K$4=1,1,0),if(L16-$L$4=1,1,0),if(M16-$M$4=1,1,0),if(N16-$N$4=1,1,0),if(O16-$O$4=1,1,0),if(P16-$P$4=1,1,0),if(Q16-$Q$4=1,1,0),if(R16-$R$4=1,1,0),if(S16-$S$4=1,1,0),if(T16-$T$4=1,1,0),if(U16-$U$4=1,1,0))} -> 8 | AE16: {=sum(if(D16-$D$4=2,1,0),if(E16-$E$4=2,1,0),if(F16-$F$4=2,1,0),if(G16-$G$4=2,1,0),if(H16-$H$4=2,1,0),if(I16-$I$4=2,1,0),if(J16-$J$4=2,1,0),if(K16-$K$4=2,1,0),if(L16-$L$4=2,1,0),if(M16-$M$4=2,1,0),if(N16-$N$4=2,1,0),if(O16-$O$4=2,1,0),if(P16-$P$4=2,1,0),if(Q16-$Q$4=2,1,0),if(R16-$R$4=2,1,0),if(S16-$S$4=2,1,0),if(T16-$T$4=2,1,0),if(U16-$U$4=2,1,0))} -> 3 | AF16: {=sum(if(D16-$D$4=3,1,0),if(E16-$E$4=3,1,0),if(F16-$F$4=3,1,0),if(G16-$G$4=3,1,0),if(H16-$H$4=3,1,0),if(I16-$I$4=3,1,0),if(J16-$J$4=3,1,0),if(K16-$K$4=3,1,0),if(L16-$L$4=3,1,0),if(M16-$M$4=3,1,0),if(N16-$N$4=3,1,0),if(O16-$O$4=3,1,0),if(P16-$P$4=3,1,0),if(Q16-$Q$4=3,1,0),if(R16-$R$4=3,1,0),if(S16-$S$4=3,1,0),if(T16-$T$4=3,1,0),if(U16-$U$4=3,1,0))} -> 0 | AG16: {=sum(if(D16-$D$4>3,1,0),if(E16-$E$4>3,1,0),if(F16-$F$4>3,1,0),if(G16-$G$4>3,1,0),if(H16-$H$4>3,1,0),if(I16-$I$4>3,1,0),if(J16-$J$4>3,1,0),if(K16-$K$4>3,1,0),if(L16-$L$4>3,1,0),if(M16-$M$4>3,1,0),if(N16-$N$4>3,1,0),if(O16-$O$4>3,1,0),if(P16-$P$4>3,1,0),if(Q16-$Q$4>3,1,0),if(R16-$R$4>3,1,0),if(S16-$S$4>3,1,0),if(T16-$T$4>3,1,0),if(U16-$U$4>3,1,0))} -> 0 | AH16: =sum(Z16:AG16) -> 18
C17: SKIN | D17: {=IF(SUM(IF(IF('Betting SETUP'!$D$5:$D$16="Y", D5:D16, 10)=MIN(IF('Betting SETUP'!$D$5:$D$16="Y", D5:D16, 10)), 1, 0)) > 1, "", INDEX('Betting SETUP'!$A$5:$A$16,MATCH(MIN(IF('Betting SETUP'!$D$5:$D$16="Y",D5:D16,10)),IF('Betting SETUP'!$D$5:$D$16="Y",D5:D16,10),0)))} | E17: {=IF(SUM(IF(IF('Betting SETUP'!$D$5:$D$16="Y", E5:E16, 10)=MIN(IF('Betting SETUP'!$D$5:$D$16="Y", E5:E16, 10)), 1, 0)) > 1, "", INDEX('Betting SETUP'!$A$5:$A$16,MATCH(MIN(IF('Betting SETUP'!$D$5:$D$16="Y",E5:E16,10)),IF('Betting SETUP'!$D$5:$D$16="Y",E5:E16,10),0)))} | F17: {=IF(SUM(IF(IF('Betting SETUP'!$D$5:$D$16="Y", F5:F16, 10)=MIN(IF('Betting SETUP'!$D$5:$D$16="Y", F5:F16, 10)), 1, 0)) > 1, "", INDEX('Betting SETUP'!$A$5:$A$16,MATCH(MIN(IF('Betting SETUP'!$D$5:$D$16="Y",F5:F16,10)),IF('Betting SETUP'!$D$5:$D$16="Y",F5:F16,10),0)))} | G17: {=IF(SUM(IF(IF('Betting SETUP'!$D$5:$D$16="Y", G5:G16, 10)=MIN(IF('Betting SETUP'!$D$5:$D$16="Y", G5:G16, 10)), 1, 0)) > 1, "", INDEX('Betting SETUP'!$A$5:$A$16,MATCH(MIN(IF('Betting SETUP'!$D$5:$D$16="Y",G5:G16,10)),IF('Betting SETUP'!$D$5:$D$16="Y",G5:G16,10),0)))} -> Jeff B | H17: {=IF(SUM(IF(IF('Betting SETUP'!$D$5:$D$16="Y", H5:H16, 10)=MIN(IF('Betting SETUP'!$D$5:$D$16="Y", H5:H16, 10)), 1, 0)) > 1, "", INDEX('Betting SETUP'!$A$5:$A$16,MATCH(MIN(IF('Betting SETUP'!$D$5:$D$16="Y",H5:H16,10)),IF('Betting SETUP'!$D$5:$D$16="Y",H5:H16,10),0)))} | I17: {=IF(SUM(IF(IF('Betting SETUP'!$D$5:$D$16="Y", I5:I16, 10)=MIN(IF('Betting SETUP'!$D$5:$D$16="Y", I5:I16, 10)), 1, 0)) > 1, "", INDEX('Betting SETUP'!$A$5:$A$16,MATCH(MIN(IF('Betting SETUP'!$D$5:$D$16="Y",I5:I16,10)),IF('Betting SETUP'!$D$5:$D$16="Y",I5:I16,10),0)))} | J17: {=IF(SUM(IF(IF('Betting SETUP'!$D$5:$D$16="Y", J5:J16, 10)=MIN(IF('Betting SETUP'!$D$5:$D$16="Y", J5:J16, 10)), 1, 0)) > 1, "", INDEX('Betting SETUP'!$A$5:$A$16,MATCH(MIN(IF('Betting SETUP'!$D$5:$D$16="Y",J5:J16,10)),IF('Betting SETUP'!$D$5:$D$16="Y",J5:J16,10),0)))} | K17: {=IF(SUM(IF(IF('Betting SETUP'!$D$5:$D$16="Y", K5:K16, 10)=MIN(IF('Betting SETUP'!$D$5:$D$16="Y", K5:K16, 10)), 1, 0)) > 1, "", INDEX('Betting SETUP'!$A$5:$A$16,MATCH(MIN(IF('Betting SETUP'!$D$5:$D$16="Y",K5:K16,10)),IF('Betting SETUP'!$D$5:$D$16="Y",K5:K16,10),0)))} | ... U17: {=IF(SUM(IF(IF('Betting SETUP'!$D$5:$D$16="Y", U5:U16, 10)=MIN(IF('Betting SETUP'!$D$5:$D$16="Y", U5:U16, 10)), 1, 0)) > 1, "", INDEX('Betting SETUP'!$A$5:$A$16,MATCH(MIN(IF('Betting SETUP'!$D$5:$D$16="Y",U5:U16,10)),IF('Betting SETUP'!$D$5:$D$16="Y",U5:U16,10),0)))} | X17: =18-COUNTBLANK(D17:U17) -> 4
C18: CTP | I18: Bob B | L18: Jeff B | P18: Brian K | T18: Brian K | X18: =COUNTA(D18:U18) -> 4
C20: =SETUP!D1 -> THE PREMIER | X20: =SETUP!D2 -> 71 | Y20: =SETUP!D3 -> 132
C21: Hole | D21: 1 | E21: 2 | F21: 3 | G21: 4 | H21: 5 | I21: 6 | J21: 7 | K21: 8 | L21: 9 | M21: 10 | N21: 11 | O21: 12 | P21: 13 | Q21: 14 | R21: 15 | S21: 16 | T21: 17 | U21: 18 | V21: OUT | W21: IN | X21: TOTAL | Y21: NET
C22: Handi | D22: =SETUP!I7 -> 5 | E22: =SETUP!J7 -> 11 | F22: =SETUP!K7 -> 1 | G22: =SETUP!L7 -> 13 | H22: =SETUP!M7 -> 17 | I22: =SETUP!N7 -> 15 | J22: =SETUP!O7 -> 3 | K22: =SETUP!P7 -> 7 | ... U22: =SETUP!Z7 -> 6
A23: Player | B23: Handi | C23: Par | D23: =SETUP!I8 -> 4 | E23: =SETUP!J8 -> 5 | F23: =SETUP!K8 -> 4 | G23: =SETUP!L8 -> 3 | H23: =SETUP!M8 -> 4 | I23: =SETUP!N8 -> 5 | J23: =SETUP!O8 -> 4 | K23: =SETUP!P8 -> 3 | ... U23: =SETUP!Z8 -> 4 | V23: =SUM(D23:L23) -> 36 | W23: =SUM(M23:U23) -> 36 | X23: =V23+W23 -> 72 | Z23: Alb | AA23: Eagle | AB23: Birdie | AC23: Par | AD23: Bogey | AE23: Double | AF23: Triple | AG23: Quad+
A24: =SETUP!A5 -> Aaron J | B24: {=if(A24="","",index(SETUP!D:D,match(A24,SETUP!A:A,0)))} -> 7 | D24: 5 | E24: 4 | F24: 4 | G24: 4 | H24: 4 | I24: 5 | J24: 6 | K24: 4 | L24: 5 | M24: 4 | N24: 4 | O24: 5 | P24: 4 | Q24: 4 | R24: 4 | S24: 7 | T24: 4 | U24: 7 | V24: =if(C24="WD","WD", SUM(D24:L24)) -> 41 | W24: =if(C24="WD","WD",SUM(M24:U24)) -> 43 | X24: =if(C24="WD","WD",IF(W24>0,V24+W24,"")) -> 84 | Y24: =if(C24="WD","WD",IF(W24=0,"",X24-B24)) -> 77 | Z24: {=sum(if(D24-$D$23=-3,1,0),if(E24-$E$23=-3,1,0),if(F24-$F$23=-3,1,0),if(G24-$G$23=-3,1,0),if(H24-$H$23=-3,1,0),if(I24-$I$23=-3,1,0),if(J24-$J$23=-3,1,0),if(K24-$K$23=-3,1,0),if(L24-$L$23=-3,1,0),if(M24-$M$23=-3,1,0),if(N24-$N$23=-3,1,0),if(O24-$O$23=-3,1,0),if(P24-$P$23=-3,1,0),if(Q24-$Q$23=-3,1,0),if(R24-$R$23=-3,1,0),if(S24-$S$23=-3,1,0),if(T24-$T$23=-3,1,0),if(U24-$U$23=-3,1,0))} -> 0 | AA24: {=sum(if(D24-$D$23=-2,1,0),if(E24-$E$23=-2,1,0),if(F24-$F$23=-2,1,0),if(G24-$G$23=-2,1,0),if(H24-$H$23=-2,1,0),if(I24-$I$23=-2,1,0),if(J24-$J$23=-2,1,0),if(K24-$K$23=-2,1,0),if(L24-$L$23=-2,1,0),if(M24-$M$23=-2,1,0),if(N24-$N$23=-2,1,0),if(O24-$O$23=-2,1,0),if(P24-$P$23=-2,1,0),if(Q24-$Q$23=-2,1,0),if(R24-$R$23=-2,1,0),if(S24-$S$23=-2,1,0),if(T24-$T$23=-2,1,0),if(U24-$U$23=-2,1,0))} -> 0 | AB24: {=sum(if(D24-$D$23=-1,1,0),if(E24-$E$23=-1,1,0),if(F24-$F$23=-1,1,0),if(G24-$G$23=-1,1,0),if(H24-$H$23=-1,1,0),if(I24-$I$23=-1,1,0),if(J24-$J$23=-1,1,0),if(K24-$K$23=-1,1,0),if(L24-$L$23=-1,1,0),if(M24-$M$23=-1,1,0),if(N24-$N$23=-1,1,0),if(O24-$O$23=-1,1,0),if(P24-$P$23=-1,1,0),if(Q24-$Q$23=-1,1,0),if(R24-$R$23=-1,1,0),if(S24-$S$23=-1,1,0),if(T24-$T$23=-1,1,0),if(U24-$U$23=-1,1,0))} -> 1 | AC24: {=sum(if(D24-$D$23=0,1,0),if(E24-$E$23=0,1,0),if(F24-$F$23=0,1,0),if(G24-$G$23=0,1,0),if(H24-$H$23=0,1,0),if(I24-$I$23=0,1,0),if(J24-$J$23=0,1,0),if(K24-$K$23=0,1,0),if(L24-$L$23=0,1,0),if(M24-$M$23=0,1,0),if(N24-$N$23=0,1,0),if(O24-$O$23=0,1,0),if(P24-$P$23=0,1,0),if(Q24-$Q$23=0,1,0),if(R24-$R$23=0,1,0),if(S24-$S$23=0,1,0),if(T24-$T$23=0,1,0),if(U24-$U$23=0,1,0))} -> 8 | AD24: {=sum(if(D24-$D$23=1,1,0),if(E24-$E$23=1,1,0),if(F24-$F$23=1,1,0),if(G24-$G$23=1,1,0),if(H24-$H$23=1,1,0),if(I24-$I$23=1,1,0),if(J24-$J$23=1,1,0),if(K24-$K$23=1,1,0),if(L24-$L$23=1,1,0),if(M24-$M$23=1,1,0),if(N24-$N$23=1,1,0),if(O24-$O$23=1,1,0),if(P24-$P$23=1,1,0),if(Q24-$Q$23=1,1,0),if(R24-$R$23=1,1,0),if(S24-$S$23=1,1,0),if(T24-$T$23=1,1,0),if(U24-$U$23=1,1,0))} -> 6 | AE24: {=sum(if(D24-$D$23=2,1,0),if(E24-$E$23=2,1,0),if(F24-$F$23=2,1,0),if(G24-$G$23=2,1,0),if(H24-$H$23=2,1,0),if(I24-$I$23=2,1,0),if(J24-$J$23=2,1,0),if(K24-$K$23=2,1,0),if(L24-$L$23=2,1,0),if(M24-$M$23=2,1,0),if(N24-$N$23=2,1,0),if(O24-$O$23=2,1,0),if(P24-$P$23=2,1,0),if(Q24-$Q$23=2,1,0),if(R24-$R$23=2,1,0),if(S24-$S$23=2,1,0),if(T24-$T$23=2,1,0),if(U24-$U$23=2,1,0))} -> 2 | AF24: {=sum(if(D24-$D$23=3,1,0),if(E24-$E$23=3,1,0),if(F24-$F$23=3,1,0),if(G24-$G$23=3,1,0),if(H24-$H$23=3,1,0),if(I24-$I$23=3,1,0),if(J24-$J$23=3,1,0),if(K24-$K$23=3,1,0),if(L24-$L$23=3,1,0),if(M24-$M$23=3,1,0),if(N24-$N$23=3,1,0),if(O24-$O$23=3,1,0),if(P24-$P$23=3,1,0),if(Q24-$Q$23=3,1,0),if(R24-$R$23=3,1,0),if(S24-$S$23=3,1,0),if(T24-$T$23=3,1,0),if(U24-$U$23=3,1,0))} -> 1 | AG24: {=sum(if(D24-$D$23>3,1,0),if(E24-$E$23>3,1,0),if(F24-$F$23>3,1,0),if(G24-$G$23>3,1,0),if(H24-$H$23>3,1,0),if(I24-$I$23>3,1,0),if(J24-$J$23>3,1,0),if(K24-$K$23>3,1,0),if(L24-$L$23>3,1,0),if(M24-$M$23>3,1,0),if(N24-$N$23>3,1,0),if(O24-$O$23>3,1,0),if(P24-$P$23>3,1,0),if(Q24-$Q$23>3,1,0),if(R24-$R$23>3,1,0),if(S24-$S$23>3,1,0),if(T24-$T$23>3,1,0),if(U24-$U$23>3,1,0))} -> 0 | AH24: =sum(Z24:AG24) -> 18
A25: =SETUP!A6 -> Andy V | B25: {=if(A25="","",index(SETUP!D:D,match(A25,SETUP!A:A,0)))} -> 19 | D25: 5 | E25: 7 | F25: 5 | G25: 3 | H25: 4 | I25: 7 | J25: 6 | K25: 7 | L25: 5 | M25: 4 | N25: 4 | O25: 6 | P25: 4 | Q25: 5 | R25: 5 | S25: 6 | T25: 4 | U25: 6 | V25: =if(C25="WD","WD", SUM(D25:L25)) -> 49 | W25: =if(C25="WD","WD",SUM(M25:U25)) -> 44 | X25: =if(C25="WD","WD",IF(W25>0,V25+W25,"")) -> 93 | Y25: =if(C25="WD","WD",IF(W25=0,"",X25-B25)) -> 74 | Z25: {=sum(if(D25-$D$23=-3,1,0),if(E25-$E$23=-3,1,0),if(F25-$F$23=-3,1,0),if(G25-$G$23=-3,1,0),if(H25-$H$23=-3,1,0),if(I25-$I$23=-3,1,0),if(J25-$J$23=-3,1,0),if(K25-$K$23=-3,1,0),if(L25-$L$23=-3,1,0),if(M25-$M$23=-3,1,0),if(N25-$N$23=-3,1,0),if(O25-$O$23=-3,1,0),if(P25-$P$23=-3,1,0),if(Q25-$Q$23=-3,1,0),if(R25-$R$23=-3,1,0),if(S25-$S$23=-3,1,0),if(T25-$T$23=-3,1,0),if(U25-$U$23=-3,1,0))} -> 0 | AA25: {=sum(if(D25-$D$23=-2,1,0),if(E25-$E$23=-2,1,0),if(F25-$F$23=-2,1,0),if(G25-$G$23=-2,1,0),if(H25-$H$23=-2,1,0),if(I25-$I$23=-2,1,0),if(J25-$J$23=-2,1,0),if(K25-$K$23=-2,1,0),if(L25-$L$23=-2,1,0),if(M25-$M$23=-2,1,0),if(N25-$N$23=-2,1,0),if(O25-$O$23=-2,1,0),if(P25-$P$23=-2,1,0),if(Q25-$Q$23=-2,1,0),if(R25-$R$23=-2,1,0),if(S25-$S$23=-2,1,0),if(T25-$T$23=-2,1,0),if(U25-$U$23=-2,1,0))} -> 0 | AB25: {=sum(if(D25-$D$23=-1,1,0),if(E25-$E$23=-1,1,0),if(F25-$F$23=-1,1,0),if(G25-$G$23=-1,1,0),if(H25-$H$23=-1,1,0),if(I25-$I$23=-1,1,0),if(J25-$J$23=-1,1,0),if(K25-$K$23=-1,1,0),if(L25-$L$23=-1,1,0),if(M25-$M$23=-1,1,0),if(N25-$N$23=-1,1,0),if(O25-$O$23=-1,1,0),if(P25-$P$23=-1,1,0),if(Q25-$Q$23=-1,1,0),if(R25-$R$23=-1,1,0),if(S25-$S$23=-1,1,0),if(T25-$T$23=-1,1,0),if(U25-$U$23=-1,1,0))} -> 0 | AC25: {=sum(if(D25-$D$23=0,1,0),if(E25-$E$23=0,1,0),if(F25-$F$23=0,1,0),if(G25-$G$23=0,1,0),if(H25-$H$23=0,1,0),if(I25-$I$23=0,1,0),if(J25-$J$23=0,1,0),if(K25-$K$23=0,1,0),if(L25-$L$23=0,1,0),if(M25-$M$23=0,1,0),if(N25-$N$23=0,1,0),if(O25-$O$23=0,1,0),if(P25-$P$23=0,1,0),if(Q25-$Q$23=0,1,0),if(R25-$R$23=0,1,0),if(S25-$S$23=0,1,0),if(T25-$T$23=0,1,0),if(U25-$U$23=0,1,0))} -> 4 | AD25: {=sum(if(D25-$D$23=1,1,0),if(E25-$E$23=1,1,0),if(F25-$F$23=1,1,0),if(G25-$G$23=1,1,0),if(H25-$H$23=1,1,0),if(I25-$I$23=1,1,0),if(J25-$J$23=1,1,0),if(K25-$K$23=1,1,0),if(L25-$L$23=1,1,0),if(M25-$M$23=1,1,0),if(N25-$N$23=1,1,0),if(O25-$O$23=1,1,0),if(P25-$P$23=1,1,0),if(Q25-$Q$23=1,1,0),if(R25-$R$23=1,1,0),if(S25-$S$23=1,1,0),if(T25-$T$23=1,1,0),if(U25-$U$23=1,1,0))} -> 9 | AE25: {=sum(if(D25-$D$23=2,1,0),if(E25-$E$23=2,1,0),if(F25-$F$23=2,1,0),if(G25-$G$23=2,1,0),if(H25-$H$23=2,1,0),if(I25-$I$23=2,1,0),if(J25-$J$23=2,1,0),if(K25-$K$23=2,1,0),if(L25-$L$23=2,1,0),if(M25-$M$23=2,1,0),if(N25-$N$23=2,1,0),if(O25-$O$23=2,1,0),if(P25-$P$23=2,1,0),if(Q25-$Q$23=2,1,0),if(R25-$R$23=2,1,0),if(S25-$S$23=2,1,0),if(T25-$T$23=2,1,0),if(U25-$U$23=2,1,0))} -> 4 | AF25: {=sum(if(D25-$D$23=3,1,0),if(E25-$E$23=3,1,0),if(F25-$F$23=3,1,0),if(G25-$G$23=3,1,0),if(H25-$H$23=3,1,0),if(I25-$I$23=3,1,0),if(J25-$J$23=3,1,0),if(K25-$K$23=3,1,0),if(L25-$L$23=3,1,0),if(M25-$M$23=3,1,0),if(N25-$N$23=3,1,0),if(O25-$O$23=3,1,0),if(P25-$P$23=3,1,0),if(Q25-$Q$23=3,1,0),if(R25-$R$23=3,1,0),if(S25-$S$23=3,1,0),if(T25-$T$23=3,1,0),if(U25-$U$23=3,1,0))} -> 0 | AG25: {=sum(if(D25-$D$23>3,1,0),if(E25-$E$23>3,1,0),if(F25-$F$23>3,1,0),if(G25-$G$23>3,1,0),if(H25-$H$23>3,1,0),if(I25-$I$23>3,1,0),if(J25-$J$23>3,1,0),if(K25-$K$23>3,1,0),if(L25-$L$23>3,1,0),if(M25-$M$23>3,1,0),if(N25-$N$23>3,1,0),if(O25-$O$23>3,1,0),if(P25-$P$23>3,1,0),if(Q25-$Q$23>3,1,0),if(R25-$R$23>3,1,0),if(S25-$S$23>3,1,0),if(T25-$T$23>3,1,0),if(U25-$U$23>3,1,0))} -> 1 | AH25: =sum(Z25:AG25) -> 18
A26: =SETUP!A7 -> Bob B | B26: {=if(A26="","",index(SETUP!D:D,match(A26,SETUP!A:A,0)))} -> 18 | D26: 6 | E26: 5 | F26: 4 | G26: 3 | H26: 7 | I26: 5 | J26: 4 | K26: 3 | L26: 5 | M26: 6 | N26: 4 | O26: 6 | P26: 5 | Q26: 5 | R26: 5 | S26: 5 | T26: 3 | U26: 6 | V26: =if(C26="WD","WD", SUM(D26:L26)) -> 42 | W26: =if(C26="WD","WD",SUM(M26:U26)) -> 45 | X26: =if(C26="WD","WD",IF(W26>0,V26+W26,"")) -> 87 | Y26: =if(C26="WD","WD",IF(W26=0,"",X26-B26)) -> 69 | Z26: {=sum(if(D26-$D$23=-3,1,0),if(E26-$E$23=-3,1,0),if(F26-$F$23=-3,1,0),if(G26-$G$23=-3,1,0),if(H26-$H$23=-3,1,0),if(I26-$I$23=-3,1,0),if(J26-$J$23=-3,1,0),if(K26-$K$23=-3,1,0),if(L26-$L$23=-3,1,0),if(M26-$M$23=-3,1,0),if(N26-$N$23=-3,1,0),if(O26-$O$23=-3,1,0),if(P26-$P$23=-3,1,0),if(Q26-$Q$23=-3,1,0),if(R26-$R$23=-3,1,0),if(S26-$S$23=-3,1,0),if(T26-$T$23=-3,1,0),if(U26-$U$23=-3,1,0))} -> 0 | AA26: {=sum(if(D26-$D$23=-2,1,0),if(E26-$E$23=-2,1,0),if(F26-$F$23=-2,1,0),if(G26-$G$23=-2,1,0),if(H26-$H$23=-2,1,0),if(I26-$I$23=-2,1,0),if(J26-$J$23=-2,1,0),if(K26-$K$23=-2,1,0),if(L26-$L$23=-2,1,0),if(M26-$M$23=-2,1,0),if(N26-$N$23=-2,1,0),if(O26-$O$23=-2,1,0),if(P26-$P$23=-2,1,0),if(Q26-$Q$23=-2,1,0),if(R26-$R$23=-2,1,0),if(S26-$S$23=-2,1,0),if(T26-$T$23=-2,1,0),if(U26-$U$23=-2,1,0))} -> 0 | AB26: {=sum(if(D26-$D$23=-1,1,0),if(E26-$E$23=-1,1,0),if(F26-$F$23=-1,1,0),if(G26-$G$23=-1,1,0),if(H26-$H$23=-1,1,0),if(I26-$I$23=-1,1,0),if(J26-$J$23=-1,1,0),if(K26-$K$23=-1,1,0),if(L26-$L$23=-1,1,0),if(M26-$M$23=-1,1,0),if(N26-$N$23=-1,1,0),if(O26-$O$23=-1,1,0),if(P26-$P$23=-1,1,0),if(Q26-$Q$23=-1,1,0),if(R26-$R$23=-1,1,0),if(S26-$S$23=-1,1,0),if(T26-$T$23=-1,1,0),if(U26-$U$23=-1,1,0))} -> 0 | AC26: {=sum(if(D26-$D$23=0,1,0),if(E26-$E$23=0,1,0),if(F26-$F$23=0,1,0),if(G26-$G$23=0,1,0),if(H26-$H$23=0,1,0),if(I26-$I$23=0,1,0),if(J26-$J$23=0,1,0),if(K26-$K$23=0,1,0),if(L26-$L$23=0,1,0),if(M26-$M$23=0,1,0),if(N26-$N$23=0,1,0),if(O26-$O$23=0,1,0),if(P26-$P$23=0,1,0),if(Q26-$Q$23=0,1,0),if(R26-$R$23=0,1,0),if(S26-$S$23=0,1,0),if(T26-$T$23=0,1,0),if(U26-$U$23=0,1,0))} -> 8 | AD26: {=sum(if(D26-$D$23=1,1,0),if(E26-$E$23=1,1,0),if(F26-$F$23=1,1,0),if(G26-$G$23=1,1,0),if(H26-$H$23=1,1,0),if(I26-$I$23=1,1,0),if(J26-$J$23=1,1,0),if(K26-$K$23=1,1,0),if(L26-$L$23=1,1,0),if(M26-$M$23=1,1,0),if(N26-$N$23=1,1,0),if(O26-$O$23=1,1,0),if(P26-$P$23=1,1,0),if(Q26-$Q$23=1,1,0),if(R26-$R$23=1,1,0),if(S26-$S$23=1,1,0),if(T26-$T$23=1,1,0),if(U26-$U$23=1,1,0))} -> 6 | AE26: {=sum(if(D26-$D$23=2,1,0),if(E26-$E$23=2,1,0),if(F26-$F$23=2,1,0),if(G26-$G$23=2,1,0),if(H26-$H$23=2,1,0),if(I26-$I$23=2,1,0),if(J26-$J$23=2,1,0),if(K26-$K$23=2,1,0),if(L26-$L$23=2,1,0),if(M26-$M$23=2,1,0),if(N26-$N$23=2,1,0),if(O26-$O$23=2,1,0),if(P26-$P$23=2,1,0),if(Q26-$Q$23=2,1,0),if(R26-$R$23=2,1,0),if(S26-$S$23=2,1,0),if(T26-$T$23=2,1,0),if(U26-$U$23=2,1,0))} -> 3 | AF26: {=sum(if(D26-$D$23=3,1,0),if(E26-$E$23=3,1,0),if(F26-$F$23=3,1,0),if(G26-$G$23=3,1,0),if(H26-$H$23=3,1,0),if(I26-$I$23=3,1,0),if(J26-$J$23=3,1,0),if(K26-$K$23=3,1,0),if(L26-$L$23=3,1,0),if(M26-$M$23=3,1,0),if(N26-$N$23=3,1,0),if(O26-$O$23=3,1,0),if(P26-$P$23=3,1,0),if(Q26-$Q$23=3,1,0),if(R26-$R$23=3,1,0),if(S26-$S$23=3,1,0),if(T26-$T$23=3,1,0),if(U26-$U$23=3,1,0))} -> 1 | AG26: {=sum(if(D26-$D$23>3,1,0),if(E26-$E$23>3,1,0),if(F26-$F$23>3,1,0),if(G26-$G$23>3,1,0),if(H26-$H$23>3,1,0),if(I26-$I$23>3,1,0),if(J26-$J$23>3,1,0),if(K26-$K$23>3,1,0),if(L26-$L$23>3,1,0),if(M26-$M$23>3,1,0),if(N26-$N$23>3,1,0),if(O26-$O$23>3,1,0),if(P26-$P$23>3,1,0),if(Q26-$Q$23>3,1,0),if(R26-$R$23>3,1,0),if(S26-$S$23>3,1,0),if(T26-$T$23>3,1,0),if(U26-$U$23>3,1,0))} -> 0 | AH26: =sum(Z26:AG26) -> 18
A27: =SETUP!A8 -> Brian K | B27: {=if(A27="","",index(SETUP!D:D,match(A27,SETUP!A:A,0)))} -> 10 | D27: 4 | E27: 5 | F27: 6 | G27: 3 | H27: 4 | I27: 6 | J27: 5 | K27: 4 | L27: 5 | M27: 5 | N27: 3 | O27: 6 | P27: 5 | Q27: 5 | R27: 4 | S27: 5 | T27: 4 | U27: 6 | V27: =if(C27="WD","WD", SUM(D27:L27)) -> 42 | W27: =if(C27="WD","WD",SUM(M27:U27)) -> 43 | X27: =if(C27="WD","WD",IF(W27>0,V27+W27,"")) -> 85 | Y27: =if(C27="WD","WD",IF(W27=0,"",X27-B27)) -> 75 | Z27: {=sum(if(D27-$D$23=-3,1,0),if(E27-$E$23=-3,1,0),if(F27-$F$23=-3,1,0),if(G27-$G$23=-3,1,0),if(H27-$H$23=-3,1,0),if(I27-$I$23=-3,1,0),if(J27-$J$23=-3,1,0),if(K27-$K$23=-3,1,0),if(L27-$L$23=-3,1,0),if(M27-$M$23=-3,1,0),if(N27-$N$23=-3,1,0),if(O27-$O$23=-3,1,0),if(P27-$P$23=-3,1,0),if(Q27-$Q$23=-3,1,0),if(R27-$R$23=-3,1,0),if(S27-$S$23=-3,1,0),if(T27-$T$23=-3,1,0),if(U27-$U$23=-3,1,0))} -> 0 | AA27: {=sum(if(D27-$D$23=-2,1,0),if(E27-$E$23=-2,1,0),if(F27-$F$23=-2,1,0),if(G27-$G$23=-2,1,0),if(H27-$H$23=-2,1,0),if(I27-$I$23=-2,1,0),if(J27-$J$23=-2,1,0),if(K27-$K$23=-2,1,0),if(L27-$L$23=-2,1,0),if(M27-$M$23=-2,1,0),if(N27-$N$23=-2,1,0),if(O27-$O$23=-2,1,0),if(P27-$P$23=-2,1,0),if(Q27-$Q$23=-2,1,0),if(R27-$R$23=-2,1,0),if(S27-$S$23=-2,1,0),if(T27-$T$23=-2,1,0),if(U27-$U$23=-2,1,0))} -> 0 | AB27: {=sum(if(D27-$D$23=-1,1,0),if(E27-$E$23=-1,1,0),if(F27-$F$23=-1,1,0),if(G27-$G$23=-1,1,0),if(H27-$H$23=-1,1,0),if(I27-$I$23=-1,1,0),if(J27-$J$23=-1,1,0),if(K27-$K$23=-1,1,0),if(L27-$L$23=-1,1,0),if(M27-$M$23=-1,1,0),if(N27-$N$23=-1,1,0),if(O27-$O$23=-1,1,0),if(P27-$P$23=-1,1,0),if(Q27-$Q$23=-1,1,0),if(R27-$R$23=-1,1,0),if(S27-$S$23=-1,1,0),if(T27-$T$23=-1,1,0),if(U27-$U$23=-1,1,0))} -> 0 | AC27: {=sum(if(D27-$D$23=0,1,0),if(E27-$E$23=0,1,0),if(F27-$F$23=0,1,0),if(G27-$G$23=0,1,0),if(H27-$H$23=0,1,0),if(I27-$I$23=0,1,0),if(J27-$J$23=0,1,0),if(K27-$K$23=0,1,0),if(L27-$L$23=0,1,0),if(M27-$M$23=0,1,0),if(N27-$N$23=0,1,0),if(O27-$O$23=0,1,0),if(P27-$P$23=0,1,0),if(Q27-$Q$23=0,1,0),if(R27-$R$23=0,1,0),if(S27-$S$23=0,1,0),if(T27-$T$23=0,1,0),if(U27-$U$23=0,1,0))} -> 7 | AD27: {=sum(if(D27-$D$23=1,1,0),if(E27-$E$23=1,1,0),if(F27-$F$23=1,1,0),if(G27-$G$23=1,1,0),if(H27-$H$23=1,1,0),if(I27-$I$23=1,1,0),if(J27-$J$23=1,1,0),if(K27-$K$23=1,1,0),if(L27-$L$23=1,1,0),if(M27-$M$23=1,1,0),if(N27-$N$23=1,1,0),if(O27-$O$23=1,1,0),if(P27-$P$23=1,1,0),if(Q27-$Q$23=1,1,0),if(R27-$R$23=1,1,0),if(S27-$S$23=1,1,0),if(T27-$T$23=1,1,0),if(U27-$U$23=1,1,0))} -> 9 | AE27: {=sum(if(D27-$D$23=2,1,0),if(E27-$E$23=2,1,0),if(F27-$F$23=2,1,0),if(G27-$G$23=2,1,0),if(H27-$H$23=2,1,0),if(I27-$I$23=2,1,0),if(J27-$J$23=2,1,0),if(K27-$K$23=2,1,0),if(L27-$L$23=2,1,0),if(M27-$M$23=2,1,0),if(N27-$N$23=2,1,0),if(O27-$O$23=2,1,0),if(P27-$P$23=2,1,0),if(Q27-$Q$23=2,1,0),if(R27-$R$23=2,1,0),if(S27-$S$23=2,1,0),if(T27-$T$23=2,1,0),if(U27-$U$23=2,1,0))} -> 2 | AF27: {=sum(if(D27-$D$23=3,1,0),if(E27-$E$23=3,1,0),if(F27-$F$23=3,1,0),if(G27-$G$23=3,1,0),if(H27-$H$23=3,1,0),if(I27-$I$23=3,1,0),if(J27-$J$23=3,1,0),if(K27-$K$23=3,1,0),if(L27-$L$23=3,1,0),if(M27-$M$23=3,1,0),if(N27-$N$23=3,1,0),if(O27-$O$23=3,1,0),if(P27-$P$23=3,1,0),if(Q27-$Q$23=3,1,0),if(R27-$R$23=3,1,0),if(S27-$S$23=3,1,0),if(T27-$T$23=3,1,0),if(U27-$U$23=3,1,0))} -> 0 | AG27: {=sum(if(D27-$D$23>3,1,0),if(E27-$E$23>3,1,0),if(F27-$F$23>3,1,0),if(G27-$G$23>3,1,0),if(H27-$H$23>3,1,0),if(I27-$I$23>3,1,0),if(J27-$J$23>3,1,0),if(K27-$K$23>3,1,0),if(L27-$L$23>3,1,0),if(M27-$M$23>3,1,0),if(N27-$N$23>3,1,0),if(O27-$O$23>3,1,0),if(P27-$P$23>3,1,0),if(Q27-$Q$23>3,1,0),if(R27-$R$23>3,1,0),if(S27-$S$23>3,1,0),if(T27-$T$23>3,1,0),if(U27-$U$23>3,1,0))} -> 0 | AH27: =sum(Z27:AG27) -> 18
A28: =SETUP!A9 -> Dave K | B28: {=if(A28="","",index(SETUP!D:D,match(A28,SETUP!A:A,0)))} -> 18 | D28: 7 | E28: 8 | F28: 5 | G28: 3 | H28: 4 | I28: 5 | J28: 7 | K28: 3 | L28: 4 | M28: 5 | N28: 3 | O28: 7 | P28: 6 | Q28: 5 | R28: 4 | S28: 6 | T28: 7 | U28: 8 | V28: =if(C28="WD","WD", SUM(D28:L28)) -> 46 | W28: =if(C28="WD","WD",SUM(M28:U28)) -> 51 | X28: =if(C28="WD","WD",IF(W28>0,V28+W28,"")) -> 97 | Y28: =if(C28="WD","WD",IF(W28=0,"",X28-B28)) -> 79 | Z28: {=sum(if(D28-$D$23=-3,1,0),if(E28-$E$23=-3,1,0),if(F28-$F$23=-3,1,0),if(G28-$G$23=-3,1,0),if(H28-$H$23=-3,1,0),if(I28-$I$23=-3,1,0),if(J28-$J$23=-3,1,0),if(K28-$K$23=-3,1,0),if(L28-$L$23=-3,1,0),if(M28-$M$23=-3,1,0),if(N28-$N$23=-3,1,0),if(O28-$O$23=-3,1,0),if(P28-$P$23=-3,1,0),if(Q28-$Q$23=-3,1,0),if(R28-$R$23=-3,1,0),if(S28-$S$23=-3,1,0),if(T28-$T$23=-3,1,0),if(U28-$U$23=-3,1,0))} -> 0 | AA28: {=sum(if(D28-$D$23=-2,1,0),if(E28-$E$23=-2,1,0),if(F28-$F$23=-2,1,0),if(G28-$G$23=-2,1,0),if(H28-$H$23=-2,1,0),if(I28-$I$23=-2,1,0),if(J28-$J$23=-2,1,0),if(K28-$K$23=-2,1,0),if(L28-$L$23=-2,1,0),if(M28-$M$23=-2,1,0),if(N28-$N$23=-2,1,0),if(O28-$O$23=-2,1,0),if(P28-$P$23=-2,1,0),if(Q28-$Q$23=-2,1,0),if(R28-$R$23=-2,1,0),if(S28-$S$23=-2,1,0),if(T28-$T$23=-2,1,0),if(U28-$U$23=-2,1,0))} -> 0 | AB28: {=sum(if(D28-$D$23=-1,1,0),if(E28-$E$23=-1,1,0),if(F28-$F$23=-1,1,0),if(G28-$G$23=-1,1,0),if(H28-$H$23=-1,1,0),if(I28-$I$23=-1,1,0),if(J28-$J$23=-1,1,0),if(K28-$K$23=-1,1,0),if(L28-$L$23=-1,1,0),if(M28-$M$23=-1,1,0),if(N28-$N$23=-1,1,0),if(O28-$O$23=-1,1,0),if(P28-$P$23=-1,1,0),if(Q28-$Q$23=-1,1,0),if(R28-$R$23=-1,1,0),if(S28-$S$23=-1,1,0),if(T28-$T$23=-1,1,0),if(U28-$U$23=-1,1,0))} -> 0 | AC28: {=sum(if(D28-$D$23=0,1,0),if(E28-$E$23=0,1,0),if(F28-$F$23=0,1,0),if(G28-$G$23=0,1,0),if(H28-$H$23=0,1,0),if(I28-$I$23=0,1,0),if(J28-$J$23=0,1,0),if(K28-$K$23=0,1,0),if(L28-$L$23=0,1,0),if(M28-$M$23=0,1,0),if(N28-$N$23=0,1,0),if(O28-$O$23=0,1,0),if(P28-$P$23=0,1,0),if(Q28-$Q$23=0,1,0),if(R28-$R$23=0,1,0),if(S28-$S$23=0,1,0),if(T28-$T$23=0,1,0),if(U28-$U$23=0,1,0))} -> 7 | AD28: {=sum(if(D28-$D$23=1,1,0),if(E28-$E$23=1,1,0),if(F28-$F$23=1,1,0),if(G28-$G$23=1,1,0),if(H28-$H$23=1,1,0),if(I28-$I$23=1,1,0),if(J28-$J$23=1,1,0),if(K28-$K$23=1,1,0),if(L28-$L$23=1,1,0),if(M28-$M$23=1,1,0),if(N28-$N$23=1,1,0),if(O28-$O$23=1,1,0),if(P28-$P$23=1,1,0),if(Q28-$Q$23=1,1,0),if(R28-$R$23=1,1,0),if(S28-$S$23=1,1,0),if(T28-$T$23=1,1,0),if(U28-$U$23=1,1,0))} -> 4 | AE28: {=sum(if(D28-$D$23=2,1,0),if(E28-$E$23=2,1,0),if(F28-$F$23=2,1,0),if(G28-$G$23=2,1,0),if(H28-$H$23=2,1,0),if(I28-$I$23=2,1,0),if(J28-$J$23=2,1,0),if(K28-$K$23=2,1,0),if(L28-$L$23=2,1,0),if(M28-$M$23=2,1,0),if(N28-$N$23=2,1,0),if(O28-$O$23=2,1,0),if(P28-$P$23=2,1,0),if(Q28-$Q$23=2,1,0),if(R28-$R$23=2,1,0),if(S28-$S$23=2,1,0),if(T28-$T$23=2,1,0),if(U28-$U$23=2,1,0))} -> 2 | AF28: {=sum(if(D28-$D$23=3,1,0),if(E28-$E$23=3,1,0),if(F28-$F$23=3,1,0),if(G28-$G$23=3,1,0),if(H28-$H$23=3,1,0),if(I28-$I$23=3,1,0),if(J28-$J$23=3,1,0),if(K28-$K$23=3,1,0),if(L28-$L$23=3,1,0),if(M28-$M$23=3,1,0),if(N28-$N$23=3,1,0),if(O28-$O$23=3,1,0),if(P28-$P$23=3,1,0),if(Q28-$Q$23=3,1,0),if(R28-$R$23=3,1,0),if(S28-$S$23=3,1,0),if(T28-$T$23=3,1,0),if(U28-$U$23=3,1,0))} -> 3 | AG28: {=sum(if(D28-$D$23>3,1,0),if(E28-$E$23>3,1,0),if(F28-$F$23>3,1,0),if(G28-$G$23>3,1,0),if(H28-$H$23>3,1,0),if(I28-$I$23>3,1,0),if(J28-$J$23>3,1,0),if(K28-$K$23>3,1,0),if(L28-$L$23>3,1,0),if(M28-$M$23>3,1,0),if(N28-$N$23>3,1,0),if(O28-$O$23>3,1,0),if(P28-$P$23>3,1,0),if(Q28-$Q$23>3,1,0),if(R28-$R$23>3,1,0),if(S28-$S$23>3,1,0),if(T28-$T$23>3,1,0),if(U28-$U$23>3,1,0))} -> 2 | AH28: =sum(Z28:AG28) -> 18
A29: =SETUP!A10 -> Eric O | B29: {=if(A29="","",index(SETUP!D:D,match(A29,SETUP!A:A,0)))} -> 17 | D29: 7 | E29: 5 | F29: 5 | G29: 3 | H29: 5 | I29: 6 | J29: 5 | K29: 4 | L29: 7 | M29: 6 | N29: 8 | O29: 5 | P29: 7 | Q29: 5 | R29: 4 | S29: 5 | T29: 5 | U29: 5 | V29: =if(C29="WD","WD", SUM(D29:L29)) -> 47 | W29: =if(C29="WD","WD",SUM(M29:U29)) -> 50 | X29: =if(C29="WD","WD",IF(W29>0,V29+W29,"")) -> 97 | Y29: =if(C29="WD","WD",IF(W29=0,"",X29-B29)) -> 80 | Z29: {=sum(if(D29-$D$23=-3,1,0),if(E29-$E$23=-3,1,0),if(F29-$F$23=-3,1,0),if(G29-$G$23=-3,1,0),if(H29-$H$23=-3,1,0),if(I29-$I$23=-3,1,0),if(J29-$J$23=-3,1,0),if(K29-$K$23=-3,1,0),if(L29-$L$23=-3,1,0),if(M29-$M$23=-3,1,0),if(N29-$N$23=-3,1,0),if(O29-$O$23=-3,1,0),if(P29-$P$23=-3,1,0),if(Q29-$Q$23=-3,1,0),if(R29-$R$23=-3,1,0),if(S29-$S$23=-3,1,0),if(T29-$T$23=-3,1,0),if(U29-$U$23=-3,1,0))} -> 0 | AA29: {=sum(if(D29-$D$23=-2,1,0),if(E29-$E$23=-2,1,0),if(F29-$F$23=-2,1,0),if(G29-$G$23=-2,1,0),if(H29-$H$23=-2,1,0),if(I29-$I$23=-2,1,0),if(J29-$J$23=-2,1,0),if(K29-$K$23=-2,1,0),if(L29-$L$23=-2,1,0),if(M29-$M$23=-2,1,0),if(N29-$N$23=-2,1,0),if(O29-$O$23=-2,1,0),if(P29-$P$23=-2,1,0),if(Q29-$Q$23=-2,1,0),if(R29-$R$23=-2,1,0),if(S29-$S$23=-2,1,0),if(T29-$T$23=-2,1,0),if(U29-$U$23=-2,1,0))} -> 0 | AB29: {=sum(if(D29-$D$23=-1,1,0),if(E29-$E$23=-1,1,0),if(F29-$F$23=-1,1,0),if(G29-$G$23=-1,1,0),if(H29-$H$23=-1,1,0),if(I29-$I$23=-1,1,0),if(J29-$J$23=-1,1,0),if(K29-$K$23=-1,1,0),if(L29-$L$23=-1,1,0),if(M29-$M$23=-1,1,0),if(N29-$N$23=-1,1,0),if(O29-$O$23=-1,1,0),if(P29-$P$23=-1,1,0),if(Q29-$Q$23=-1,1,0),if(R29-$R$23=-1,1,0),if(S29-$S$23=-1,1,0),if(T29-$T$23=-1,1,0),if(U29-$U$23=-1,1,0))} -> 0 | AC29: {=sum(if(D29-$D$23=0,1,0),if(E29-$E$23=0,1,0),if(F29-$F$23=0,1,0),if(G29-$G$23=0,1,0),if(H29-$H$23=0,1,0),if(I29-$I$23=0,1,0),if(J29-$J$23=0,1,0),if(K29-$K$23=0,1,0),if(L29-$L$23=0,1,0),if(M29-$M$23=0,1,0),if(N29-$N$23=0,1,0),if(O29-$O$23=0,1,0),if(P29-$P$23=0,1,0),if(Q29-$Q$23=0,1,0),if(R29-$R$23=0,1,0),if(S29-$S$23=0,1,0),if(T29-$T$23=0,1,0),if(U29-$U$23=0,1,0))} -> 5 | AD29: {=sum(if(D29-$D$23=1,1,0),if(E29-$E$23=1,1,0),if(F29-$F$23=1,1,0),if(G29-$G$23=1,1,0),if(H29-$H$23=1,1,0),if(I29-$I$23=1,1,0),if(J29-$J$23=1,1,0),if(K29-$K$23=1,1,0),if(L29-$L$23=1,1,0),if(M29-$M$23=1,1,0),if(N29-$N$23=1,1,0),if(O29-$O$23=1,1,0),if(P29-$P$23=1,1,0),if(Q29-$Q$23=1,1,0),if(R29-$R$23=1,1,0),if(S29-$S$23=1,1,0),if(T29-$T$23=1,1,0),if(U29-$U$23=1,1,0))} -> 7 | AE29: {=sum(if(D29-$D$23=2,1,0),if(E29-$E$23=2,1,0),if(F29-$F$23=2,1,0),if(G29-$G$23=2,1,0),if(H29-$H$23=2,1,0),if(I29-$I$23=2,1,0),if(J29-$J$23=2,1,0),if(K29-$K$23=2,1,0),if(L29-$L$23=2,1,0),if(M29-$M$23=2,1,0),if(N29-$N$23=2,1,0),if(O29-$O$23=2,1,0),if(P29-$P$23=2,1,0),if(Q29-$Q$23=2,1,0),if(R29-$R$23=2,1,0),if(S29-$S$23=2,1,0),if(T29-$T$23=2,1,0),if(U29-$U$23=2,1,0))} -> 2 | AF29: {=sum(if(D29-$D$23=3,1,0),if(E29-$E$23=3,1,0),if(F29-$F$23=3,1,0),if(G29-$G$23=3,1,0),if(H29-$H$23=3,1,0),if(I29-$I$23=3,1,0),if(J29-$J$23=3,1,0),if(K29-$K$23=3,1,0),if(L29-$L$23=3,1,0),if(M29-$M$23=3,1,0),if(N29-$N$23=3,1,0),if(O29-$O$23=3,1,0),if(P29-$P$23=3,1,0),if(Q29-$Q$23=3,1,0),if(R29-$R$23=3,1,0),if(S29-$S$23=3,1,0),if(T29-$T$23=3,1,0),if(U29-$U$23=3,1,0))} -> 3 | AG29: {=sum(if(D29-$D$23>3,1,0),if(E29-$E$23>3,1,0),if(F29-$F$23>3,1,0),if(G29-$G$23>3,1,0),if(H29-$H$23>3,1,0),if(I29-$I$23>3,1,0),if(J29-$J$23>3,1,0),if(K29-$K$23>3,1,0),if(L29-$L$23>3,1,0),if(M29-$M$23>3,1,0),if(N29-$N$23>3,1,0),if(O29-$O$23>3,1,0),if(P29-$P$23>3,1,0),if(Q29-$Q$23>3,1,0),if(R29-$R$23>3,1,0),if(S29-$S$23>3,1,0),if(T29-$T$23>3,1,0),if(U29-$U$23>3,1,0))} -> 1 | AH29: =sum(Z29:AG29) -> 18
A30: =SETUP!A11 -> Jeff B | B30: {=if(A30="","",index(SETUP!D:D,match(A30,SETUP!A:A,0)))} -> 20 | D30: 6 | E30: 8 | F30: 5 | G30: 4 | H30: 6 | I30: 6 | J30: 6 | K30: 4 | L30: 5 | M30: 5 | N30: 4 | O30: 7 | P30: 5 | Q30: 6 | R30: 6 | S30: 6 | T30: 4 | U30: 4 | V30: =if(C30="WD","WD", SUM(D30:L30)) -> 50 | W30: =if(C30="WD","WD",SUM(M30:U30)) -> 47 | X30: =if(C30="WD","WD",IF(W30>0,V30+W30,"")) -> 97 | Y30: =if(C30="WD","WD",IF(W30=0,"",X30-B30)) -> 77 | Z30: {=sum(if(D30-$D$23=-3,1,0),if(E30-$E$23=-3,1,0),if(F30-$F$23=-3,1,0),if(G30-$G$23=-3,1,0),if(H30-$H$23=-3,1,0),if(I30-$I$23=-3,1,0),if(J30-$J$23=-3,1,0),if(K30-$K$23=-3,1,0),if(L30-$L$23=-3,1,0),if(M30-$M$23=-3,1,0),if(N30-$N$23=-3,1,0),if(O30-$O$23=-3,1,0),if(P30-$P$23=-3,1,0),if(Q30-$Q$23=-3,1,0),if(R30-$R$23=-3,1,0),if(S30-$S$23=-3,1,0),if(T30-$T$23=-3,1,0),if(U30-$U$23=-3,1,0))} -> 0 | AA30: {=sum(if(D30-$D$23=-2,1,0),if(E30-$E$23=-2,1,0),if(F30-$F$23=-2,1,0),if(G30-$G$23=-2,1,0),if(H30-$H$23=-2,1,0),if(I30-$I$23=-2,1,0),if(J30-$J$23=-2,1,0),if(K30-$K$23=-2,1,0),if(L30-$L$23=-2,1,0),if(M30-$M$23=-2,1,0),if(N30-$N$23=-2,1,0),if(O30-$O$23=-2,1,0),if(P30-$P$23=-2,1,0),if(Q30-$Q$23=-2,1,0),if(R30-$R$23=-2,1,0),if(S30-$S$23=-2,1,0),if(T30-$T$23=-2,1,0),if(U30-$U$23=-2,1,0))} -> 0 | AB30: {=sum(if(D30-$D$23=-1,1,0),if(E30-$E$23=-1,1,0),if(F30-$F$23=-1,1,0),if(G30-$G$23=-1,1,0),if(H30-$H$23=-1,1,0),if(I30-$I$23=-1,1,0),if(J30-$J$23=-1,1,0),if(K30-$K$23=-1,1,0),if(L30-$L$23=-1,1,0),if(M30-$M$23=-1,1,0),if(N30-$N$23=-1,1,0),if(O30-$O$23=-1,1,0),if(P30-$P$23=-1,1,0),if(Q30-$Q$23=-1,1,0),if(R30-$R$23=-1,1,0),if(S30-$S$23=-1,1,0),if(T30-$T$23=-1,1,0),if(U30-$U$23=-1,1,0))} -> 0 | AC30: {=sum(if(D30-$D$23=0,1,0),if(E30-$E$23=0,1,0),if(F30-$F$23=0,1,0),if(G30-$G$23=0,1,0),if(H30-$H$23=0,1,0),if(I30-$I$23=0,1,0),if(J30-$J$23=0,1,0),if(K30-$K$23=0,1,0),if(L30-$L$23=0,1,0),if(M30-$M$23=0,1,0),if(N30-$N$23=0,1,0),if(O30-$O$23=0,1,0),if(P30-$P$23=0,1,0),if(Q30-$Q$23=0,1,0),if(R30-$R$23=0,1,0),if(S30-$S$23=0,1,0),if(T30-$T$23=0,1,0),if(U30-$U$23=0,1,0))} -> 1 | AD30: {=sum(if(D30-$D$23=1,1,0),if(E30-$E$23=1,1,0),if(F30-$F$23=1,1,0),if(G30-$G$23=1,1,0),if(H30-$H$23=1,1,0),if(I30-$I$23=1,1,0),if(J30-$J$23=1,1,0),if(K30-$K$23=1,1,0),if(L30-$L$23=1,1,0),if(M30-$M$23=1,1,0),if(N30-$N$23=1,1,0),if(O30-$O$23=1,1,0),if(P30-$P$23=1,1,0),if(Q30-$Q$23=1,1,0),if(R30-$R$23=1,1,0),if(S30-$S$23=1,1,0),if(T30-$T$23=1,1,0),if(U30-$U$23=1,1,0))} -> 10 | AE30: {=sum(if(D30-$D$23=2,1,0),if(E30-$E$23=2,1,0),if(F30-$F$23=2,1,0),if(G30-$G$23=2,1,0),if(H30-$H$23=2,1,0),if(I30-$I$23=2,1,0),if(J30-$J$23=2,1,0),if(K30-$K$23=2,1,0),if(L30-$L$23=2,1,0),if(M30-$M$23=2,1,0),if(N30-$N$23=2,1,0),if(O30-$O$23=2,1,0),if(P30-$P$23=2,1,0),if(Q30-$Q$23=2,1,0),if(R30-$R$23=2,1,0),if(S30-$S$23=2,1,0),if(T30-$T$23=2,1,0),if(U30-$U$23=2,1,0))} -> 6 | AF30: {=sum(if(D30-$D$23=3,1,0),if(E30-$E$23=3,1,0),if(F30-$F$23=3,1,0),if(G30-$G$23=3,1,0),if(H30-$H$23=3,1,0),if(I30-$I$23=3,1,0),if(J30-$J$23=3,1,0),if(K30-$K$23=3,1,0),if(L30-$L$23=3,1,0),if(M30-$M$23=3,1,0),if(N30-$N$23=3,1,0),if(O30-$O$23=3,1,0),if(P30-$P$23=3,1,0),if(Q30-$Q$23=3,1,0),if(R30-$R$23=3,1,0),if(S30-$S$23=3,1,0),if(T30-$T$23=3,1,0),if(U30-$U$23=3,1,0))} -> 1 | AG30: {=sum(if(D30-$D$23>3,1,0),if(E30-$E$23>3,1,0),if(F30-$F$23>3,1,0),if(G30-$G$23>3,1,0),if(H30-$H$23>3,1,0),if(I30-$I$23>3,1,0),if(J30-$J$23>3,1,0),if(K30-$K$23>3,1,0),if(L30-$L$23>3,1,0),if(M30-$M$23>3,1,0),if(N30-$N$23>3,1,0),if(O30-$O$23>3,1,0),if(P30-$P$23>3,1,0),if(Q30-$Q$23>3,1,0),if(R30-$R$23>3,1,0),if(S30-$S$23>3,1,0),if(T30-$T$23>3,1,0),if(U30-$U$23>3,1,0))} -> 0 | AH30: =sum(Z30:AG30) -> 18
A31: =SETUP!A12 -> Joe S | B31: {=if(A31="","",index(SETUP!D:D,match(A31,SETUP!A:A,0)))} -> 13 | D31: 6 | E31: 6 | F31: 6 | G31: 3 | H31: 6 | I31: 6 | J31: 4 | K31: 1 | L31: 4 | M31: 6 | N31: 3 | O31: 6 | P31: 4 | Q31: 5 | R31: 4 | S31: 6 | T31: 4 | U31: 5 | V31: =if(C31="WD","WD", SUM(D31:L31)) -> 42 | W31: =if(C31="WD","WD",SUM(M31:U31)) -> 43 | X31: =if(C31="WD","WD",IF(W31>0,V31+W31,"")) -> 85 | Y31: =if(C31="WD","WD",IF(W31=0,"",X31-B31)) -> 72 | Z31: {=sum(if(D31-$D$23=-3,1,0),if(E31-$E$23=-3,1,0),if(F31-$F$23=-3,1,0),if(G31-$G$23=-3,1,0),if(H31-$H$23=-3,1,0),if(I31-$I$23=-3,1,0),if(J31-$J$23=-3,1,0),if(K31-$K$23=-3,1,0),if(L31-$L$23=-3,1,0),if(M31-$M$23=-3,1,0),if(N31-$N$23=-3,1,0),if(O31-$O$23=-3,1,0),if(P31-$P$23=-3,1,0),if(Q31-$Q$23=-3,1,0),if(R31-$R$23=-3,1,0),if(S31-$S$23=-3,1,0),if(T31-$T$23=-3,1,0),if(U31-$U$23=-3,1,0))} -> 0 | AA31: {=sum(if(D31-$D$23=-2,1,0),if(E31-$E$23=-2,1,0),if(F31-$F$23=-2,1,0),if(G31-$G$23=-2,1,0),if(H31-$H$23=-2,1,0),if(I31-$I$23=-2,1,0),if(J31-$J$23=-2,1,0),if(K31-$K$23=-2,1,0),if(L31-$L$23=-2,1,0),if(M31-$M$23=-2,1,0),if(N31-$N$23=-2,1,0),if(O31-$O$23=-2,1,0),if(P31-$P$23=-2,1,0),if(Q31-$Q$23=-2,1,0),if(R31-$R$23=-2,1,0),if(S31-$S$23=-2,1,0),if(T31-$T$23=-2,1,0),if(U31-$U$23=-2,1,0))} -> 1 | AB31: {=sum(if(D31-$D$23=-1,1,0),if(E31-$E$23=-1,1,0),if(F31-$F$23=-1,1,0),if(G31-$G$23=-1,1,0),if(H31-$H$23=-1,1,0),if(I31-$I$23=-1,1,0),if(J31-$J$23=-1,1,0),if(K31-$K$23=-1,1,0),if(L31-$L$23=-1,1,0),if(M31-$M$23=-1,1,0),if(N31-$N$23=-1,1,0),if(O31-$O$23=-1,1,0),if(P31-$P$23=-1,1,0),if(Q31-$Q$23=-1,1,0),if(R31-$R$23=-1,1,0),if(S31-$S$23=-1,1,0),if(T31-$T$23=-1,1,0),if(U31-$U$23=-1,1,0))} -> 0 | AC31: {=sum(if(D31-$D$23=0,1,0),if(E31-$E$23=0,1,0),if(F31-$F$23=0,1,0),if(G31-$G$23=0,1,0),if(H31-$H$23=0,1,0),if(I31-$I$23=0,1,0),if(J31-$J$23=0,1,0),if(K31-$K$23=0,1,0),if(L31-$L$23=0,1,0),if(M31-$M$23=0,1,0),if(N31-$N$23=0,1,0),if(O31-$O$23=0,1,0),if(P31-$P$23=0,1,0),if(Q31-$Q$23=0,1,0),if(R31-$R$23=0,1,0),if(S31-$S$23=0,1,0),if(T31-$T$23=0,1,0),if(U31-$U$23=0,1,0))} -> 6 | AD31: {=sum(if(D31-$D$23=1,1,0),if(E31-$E$23=1,1,0),if(F31-$F$23=1,1,0),if(G31-$G$23=1,1,0),if(H31-$H$23=1,1,0),if(I31-$I$23=1,1,0),if(J31-$J$23=1,1,0),if(K31-$K$23=1,1,0),if(L31-$L$23=1,1,0),if(M31-$M$23=1,1,0),if(N31-$N$23=1,1,0),if(O31-$O$23=1,1,0),if(P31-$P$23=1,1,0),if(Q31-$Q$23=1,1,0),if(R31-$R$23=1,1,0),if(S31-$S$23=1,1,0),if(T31-$T$23=1,1,0),if(U31-$U$23=1,1,0))} -> 7 | AE31: {=sum(if(D31-$D$23=2,1,0),if(E31-$E$23=2,1,0),if(F31-$F$23=2,1,0),if(G31-$G$23=2,1,0),if(H31-$H$23=2,1,0),if(I31-$I$23=2,1,0),if(J31-$J$23=2,1,0),if(K31-$K$23=2,1,0),if(L31-$L$23=2,1,0),if(M31-$M$23=2,1,0),if(N31-$N$23=2,1,0),if(O31-$O$23=2,1,0),if(P31-$P$23=2,1,0),if(Q31-$Q$23=2,1,0),if(R31-$R$23=2,1,0),if(S31-$S$23=2,1,0),if(T31-$T$23=2,1,0),if(U31-$U$23=2,1,0))} -> 4 | AF31: {=sum(if(D31-$D$23=3,1,0),if(E31-$E$23=3,1,0),if(F31-$F$23=3,1,0),if(G31-$G$23=3,1,0),if(H31-$H$23=3,1,0),if(I31-$I$23=3,1,0),if(J31-$J$23=3,1,0),if(K31-$K$23=3,1,0),if(L31-$L$23=3,1,0),if(M31-$M$23=3,1,0),if(N31-$N$23=3,1,0),if(O31-$O$23=3,1,0),if(P31-$P$23=3,1,0),if(Q31-$Q$23=3,1,0),if(R31-$R$23=3,1,0),if(S31-$S$23=3,1,0),if(T31-$T$23=3,1,0),if(U31-$U$23=3,1,0))} -> 0 | AG31: {=sum(if(D31-$D$23>3,1,0),if(E31-$E$23>3,1,0),if(F31-$F$23>3,1,0),if(G31-$G$23>3,1,0),if(H31-$H$23>3,1,0),if(I31-$I$23>3,1,0),if(J31-$J$23>3,1,0),if(K31-$K$23>3,1,0),if(L31-$L$23>3,1,0),if(M31-$M$23>3,1,0),if(N31-$N$23>3,1,0),if(O31-$O$23>3,1,0),if(P31-$P$23>3,1,0),if(Q31-$Q$23>3,1,0),if(R31-$R$23>3,1,0),if(S31-$S$23>3,1,0),if(T31-$T$23>3,1,0),if(U31-$U$23>3,1,0))} -> 0 | AH31: =sum(Z31:AG31) -> 18
A32: =SETUP!A13 -> John C | B32: {=if(A32="","",index(SETUP!D:D,match(A32,SETUP!A:A,0)))} -> 20 | D32: 6 | E32: 6 | F32: 7 | G32: 3 | H32: 5 | I32: 5 | J32: 6 | K32: 5 | L32: 6 | M32: 5 | N32: 10 | O32: 6 | P32: 5 | Q32: 6 | R32: 6 | S32: 7 | T32: 6 | U32: 6 | V32: =if(C32="WD","WD", SUM(D32:L32)) -> 49 | W32: =if(C32="WD","WD",SUM(M32:U32)) -> 57 | X32: =if(C32="WD","WD",IF(W32>0,V32+W32,"")) -> 106 | Y32: =if(C32="WD","WD",IF(W32=0,"",X32-B32)) -> 86 | Z32: {=sum(if(D32-$D$23=-3,1,0),if(E32-$E$23=-3,1,0),if(F32-$F$23=-3,1,0),if(G32-$G$23=-3,1,0),if(H32-$H$23=-3,1,0),if(I32-$I$23=-3,1,0),if(J32-$J$23=-3,1,0),if(K32-$K$23=-3,1,0),if(L32-$L$23=-3,1,0),if(M32-$M$23=-3,1,0),if(N32-$N$23=-3,1,0),if(O32-$O$23=-3,1,0),if(P32-$P$23=-3,1,0),if(Q32-$Q$23=-3,1,0),if(R32-$R$23=-3,1,0),if(S32-$S$23=-3,1,0),if(T32-$T$23=-3,1,0),if(U32-$U$23=-3,1,0))} -> 0 | AA32: {=sum(if(D32-$D$23=-2,1,0),if(E32-$E$23=-2,1,0),if(F32-$F$23=-2,1,0),if(G32-$G$23=-2,1,0),if(H32-$H$23=-2,1,0),if(I32-$I$23=-2,1,0),if(J32-$J$23=-2,1,0),if(K32-$K$23=-2,1,0),if(L32-$L$23=-2,1,0),if(M32-$M$23=-2,1,0),if(N32-$N$23=-2,1,0),if(O32-$O$23=-2,1,0),if(P32-$P$23=-2,1,0),if(Q32-$Q$23=-2,1,0),if(R32-$R$23=-2,1,0),if(S32-$S$23=-2,1,0),if(T32-$T$23=-2,1,0),if(U32-$U$23=-2,1,0))} -> 0 | AB32: {=sum(if(D32-$D$23=-1,1,0),if(E32-$E$23=-1,1,0),if(F32-$F$23=-1,1,0),if(G32-$G$23=-1,1,0),if(H32-$H$23=-1,1,0),if(I32-$I$23=-1,1,0),if(J32-$J$23=-1,1,0),if(K32-$K$23=-1,1,0),if(L32-$L$23=-1,1,0),if(M32-$M$23=-1,1,0),if(N32-$N$23=-1,1,0),if(O32-$O$23=-1,1,0),if(P32-$P$23=-1,1,0),if(Q32-$Q$23=-1,1,0),if(R32-$R$23=-1,1,0),if(S32-$S$23=-1,1,0),if(T32-$T$23=-1,1,0),if(U32-$U$23=-1,1,0))} -> 0 | AC32: {=sum(if(D32-$D$23=0,1,0),if(E32-$E$23=0,1,0),if(F32-$F$23=0,1,0),if(G32-$G$23=0,1,0),if(H32-$H$23=0,1,0),if(I32-$I$23=0,1,0),if(J32-$J$23=0,1,0),if(K32-$K$23=0,1,0),if(L32-$L$23=0,1,0),if(M32-$M$23=0,1,0),if(N32-$N$23=0,1,0),if(O32-$O$23=0,1,0),if(P32-$P$23=0,1,0),if(Q32-$Q$23=0,1,0),if(R32-$R$23=0,1,0),if(S32-$S$23=0,1,0),if(T32-$T$23=0,1,0),if(U32-$U$23=0,1,0))} -> 2 | AD32: {=sum(if(D32-$D$23=1,1,0),if(E32-$E$23=1,1,0),if(F32-$F$23=1,1,0),if(G32-$G$23=1,1,0),if(H32-$H$23=1,1,0),if(I32-$I$23=1,1,0),if(J32-$J$23=1,1,0),if(K32-$K$23=1,1,0),if(L32-$L$23=1,1,0),if(M32-$M$23=1,1,0),if(N32-$N$23=1,1,0),if(O32-$O$23=1,1,0),if(P32-$P$23=1,1,0),if(Q32-$Q$23=1,1,0),if(R32-$R$23=1,1,0),if(S32-$S$23=1,1,0),if(T32-$T$23=1,1,0),if(U32-$U$23=1,1,0))} -> 5 | AE32: {=sum(if(D32-$D$23=2,1,0),if(E32-$E$23=2,1,0),if(F32-$F$23=2,1,0),if(G32-$G$23=2,1,0),if(H32-$H$23=2,1,0),if(I32-$I$23=2,1,0),if(J32-$J$23=2,1,0),if(K32-$K$23=2,1,0),if(L32-$L$23=2,1,0),if(M32-$M$23=2,1,0),if(N32-$N$23=2,1,0),if(O32-$O$23=2,1,0),if(P32-$P$23=2,1,0),if(Q32-$Q$23=2,1,0),if(R32-$R$23=2,1,0),if(S32-$S$23=2,1,0),if(T32-$T$23=2,1,0),if(U32-$U$23=2,1,0))} -> 8 | AF32: {=sum(if(D32-$D$23=3,1,0),if(E32-$E$23=3,1,0),if(F32-$F$23=3,1,0),if(G32-$G$23=3,1,0),if(H32-$H$23=3,1,0),if(I32-$I$23=3,1,0),if(J32-$J$23=3,1,0),if(K32-$K$23=3,1,0),if(L32-$L$23=3,1,0),if(M32-$M$23=3,1,0),if(N32-$N$23=3,1,0),if(O32-$O$23=3,1,0),if(P32-$P$23=3,1,0),if(Q32-$Q$23=3,1,0),if(R32-$R$23=3,1,0),if(S32-$S$23=3,1,0),if(T32-$T$23=3,1,0),if(U32-$U$23=3,1,0))} -> 2 | AG32: {=sum(if(D32-$D$23>3,1,0),if(E32-$E$23>3,1,0),if(F32-$F$23>3,1,0),if(G32-$G$23>3,1,0),if(H32-$H$23>3,1,0),if(I32-$I$23>3,1,0),if(J32-$J$23>3,1,0),if(K32-$K$23>3,1,0),if(L32-$L$23>3,1,0),if(M32-$M$23>3,1,0),if(N32-$N$23>3,1,0),if(O32-$O$23>3,1,0),if(P32-$P$23>3,1,0),if(Q32-$Q$23>3,1,0),if(R32-$R$23>3,1,0),if(S32-$S$23>3,1,0),if(T32-$T$23>3,1,0),if(U32-$U$23>3,1,0))} -> 1 | AH32: =sum(Z32:AG32) -> 18
A33: =SETUP!A14 -> Ray H | B33: {=if(A33="","",index(SETUP!D:D,match(A33,SETUP!A:A,0)))} -> 20 | D33: 6 | E33: 6 | F33: 5 | G33: 4 | H33: 5 | I33: 7 | J33: 5 | K33: 4 | L33: 10 | M33: 8 | N33: 4 | O33: 7 | P33: 7 | Q33: 5 | R33: 5 | S33: 8 | T33: 4 | U33: 8 | V33: =if(C33="WD","WD", SUM(D33:L33)) -> 52 | W33: =if(C33="WD","WD",SUM(M33:U33)) -> 56 | X33: =if(C33="WD","WD",IF(W33>0,V33+W33,"")) -> 108 | Y33: =if(C33="WD","WD",IF(W33=0,"",X33-B33)) -> 88 | Z33: {=sum(if(D33-$D$23=-3,1,0),if(E33-$E$23=-3,1,0),if(F33-$F$23=-3,1,0),if(G33-$G$23=-3,1,0),if(H33-$H$23=-3,1,0),if(I33-$I$23=-3,1,0),if(J33-$J$23=-3,1,0),if(K33-$K$23=-3,1,0),if(L33-$L$23=-3,1,0),if(M33-$M$23=-3,1,0),if(N33-$N$23=-3,1,0),if(O33-$O$23=-3,1,0),if(P33-$P$23=-3,1,0),if(Q33-$Q$23=-3,1,0),if(R33-$R$23=-3,1,0),if(S33-$S$23=-3,1,0),if(T33-$T$23=-3,1,0),if(U33-$U$23=-3,1,0))} -> 0 | AA33: {=sum(if(D33-$D$23=-2,1,0),if(E33-$E$23=-2,1,0),if(F33-$F$23=-2,1,0),if(G33-$G$23=-2,1,0),if(H33-$H$23=-2,1,0),if(I33-$I$23=-2,1,0),if(J33-$J$23=-2,1,0),if(K33-$K$23=-2,1,0),if(L33-$L$23=-2,1,0),if(M33-$M$23=-2,1,0),if(N33-$N$23=-2,1,0),if(O33-$O$23=-2,1,0),if(P33-$P$23=-2,1,0),if(Q33-$Q$23=-2,1,0),if(R33-$R$23=-2,1,0),if(S33-$S$23=-2,1,0),if(T33-$T$23=-2,1,0),if(U33-$U$23=-2,1,0))} -> 0 | AB33: {=sum(if(D33-$D$23=-1,1,0),if(E33-$E$23=-1,1,0),if(F33-$F$23=-1,1,0),if(G33-$G$23=-1,1,0),if(H33-$H$23=-1,1,0),if(I33-$I$23=-1,1,0),if(J33-$J$23=-1,1,0),if(K33-$K$23=-1,1,0),if(L33-$L$23=-1,1,0),if(M33-$M$23=-1,1,0),if(N33-$N$23=-1,1,0),if(O33-$O$23=-1,1,0),if(P33-$P$23=-1,1,0),if(Q33-$Q$23=-1,1,0),if(R33-$R$23=-1,1,0),if(S33-$S$23=-1,1,0),if(T33-$T$23=-1,1,0),if(U33-$U$23=-1,1,0))} -> 0 | AC33: {=sum(if(D33-$D$23=0,1,0),if(E33-$E$23=0,1,0),if(F33-$F$23=0,1,0),if(G33-$G$23=0,1,0),if(H33-$H$23=0,1,0),if(I33-$I$23=0,1,0),if(J33-$J$23=0,1,0),if(K33-$K$23=0,1,0),if(L33-$L$23=0,1,0),if(M33-$M$23=0,1,0),if(N33-$N$23=0,1,0),if(O33-$O$23=0,1,0),if(P33-$P$23=0,1,0),if(Q33-$Q$23=0,1,0),if(R33-$R$23=0,1,0),if(S33-$S$23=0,1,0),if(T33-$T$23=0,1,0),if(U33-$U$23=0,1,0))} -> 0 | AD33: {=sum(if(D33-$D$23=1,1,0),if(E33-$E$23=1,1,0),if(F33-$F$23=1,1,0),if(G33-$G$23=1,1,0),if(H33-$H$23=1,1,0),if(I33-$I$23=1,1,0),if(J33-$J$23=1,1,0),if(K33-$K$23=1,1,0),if(L33-$L$23=1,1,0),if(M33-$M$23=1,1,0),if(N33-$N$23=1,1,0),if(O33-$O$23=1,1,0),if(P33-$P$23=1,1,0),if(Q33-$Q$23=1,1,0),if(R33-$R$23=1,1,0),if(S33-$S$23=1,1,0),if(T33-$T$23=1,1,0),if(U33-$U$23=1,1,0))} -> 10 | AE33: {=sum(if(D33-$D$23=2,1,0),if(E33-$E$23=2,1,0),if(F33-$F$23=2,1,0),if(G33-$G$23=2,1,0),if(H33-$H$23=2,1,0),if(I33-$I$23=2,1,0),if(J33-$J$23=2,1,0),if(K33-$K$23=2,1,0),if(L33-$L$23=2,1,0),if(M33-$M$23=2,1,0),if(N33-$N$23=2,1,0),if(O33-$O$23=2,1,0),if(P33-$P$23=2,1,0),if(Q33-$Q$23=2,1,0),if(R33-$R$23=2,1,0),if(S33-$S$23=2,1,0),if(T33-$T$23=2,1,0),if(U33-$U$23=2,1,0))} -> 3 | AF33: {=sum(if(D33-$D$23=3,1,0),if(E33-$E$23=3,1,0),if(F33-$F$23=3,1,0),if(G33-$G$23=3,1,0),if(H33-$H$23=3,1,0),if(I33-$I$23=3,1,0),if(J33-$J$23=3,1,0),if(K33-$K$23=3,1,0),if(L33-$L$23=3,1,0),if(M33-$M$23=3,1,0),if(N33-$N$23=3,1,0),if(O33-$O$23=3,1,0),if(P33-$P$23=3,1,0),if(Q33-$Q$23=3,1,0),if(R33-$R$23=3,1,0),if(S33-$S$23=3,1,0),if(T33-$T$23=3,1,0),if(U33-$U$23=3,1,0))} -> 2 | AG33: {=sum(if(D33-$D$23>3,1,0),if(E33-$E$23>3,1,0),if(F33-$F$23>3,1,0),if(G33-$G$23>3,1,0),if(H33-$H$23>3,1,0),if(I33-$I$23>3,1,0),if(J33-$J$23>3,1,0),if(K33-$K$23>3,1,0),if(L33-$L$23>3,1,0),if(M33-$M$23>3,1,0),if(N33-$N$23>3,1,0),if(O33-$O$23>3,1,0),if(P33-$P$23>3,1,0),if(Q33-$Q$23>3,1,0),if(R33-$R$23>3,1,0),if(S33-$S$23>3,1,0),if(T33-$T$23>3,1,0),if(U33-$U$23>3,1,0))} -> 3 | AH33: =sum(Z33:AG33) -> 18
A34: =SETUP!A15 -> Russ W | B34: {=if(A34="","",index(SETUP!D:D,match(A34,SETUP!A:A,0)))} -> 14 | D34: 5 | E34: 6 | F34: 4 | G34: 3 | H34: 4 | I34: 5 | J34: 4 | K34: 4 | L34: 5 | M34: 5 | N34: 6 | O34: 5 | P34: 6 | Q34: 7 | R34: 5 | S34: 7 | T34: 7 | U34: 6 | V34: =if(C34="WD","WD", SUM(D34:L34)) -> 40 | W34: =if(C34="WD","WD",SUM(M34:U34)) -> 54 | X34: =if(C34="WD","WD",IF(W34>0,V34+W34,"")) -> 94 | Y34: =if(C34="WD","WD",IF(W34=0,"",X34-B34)) -> 80 | Z34: {=sum(if(D34-$D$23=-3,1,0),if(E34-$E$23=-3,1,0),if(F34-$F$23=-3,1,0),if(G34-$G$23=-3,1,0),if(H34-$H$23=-3,1,0),if(I34-$I$23=-3,1,0),if(J34-$J$23=-3,1,0),if(K34-$K$23=-3,1,0),if(L34-$L$23=-3,1,0),if(M34-$M$23=-3,1,0),if(N34-$N$23=-3,1,0),if(O34-$O$23=-3,1,0),if(P34-$P$23=-3,1,0),if(Q34-$Q$23=-3,1,0),if(R34-$R$23=-3,1,0),if(S34-$S$23=-3,1,0),if(T34-$T$23=-3,1,0),if(U34-$U$23=-3,1,0))} -> 0 | AA34: {=sum(if(D34-$D$23=-2,1,0),if(E34-$E$23=-2,1,0),if(F34-$F$23=-2,1,0),if(G34-$G$23=-2,1,0),if(H34-$H$23=-2,1,0),if(I34-$I$23=-2,1,0),if(J34-$J$23=-2,1,0),if(K34-$K$23=-2,1,0),if(L34-$L$23=-2,1,0),if(M34-$M$23=-2,1,0),if(N34-$N$23=-2,1,0),if(O34-$O$23=-2,1,0),if(P34-$P$23=-2,1,0),if(Q34-$Q$23=-2,1,0),if(R34-$R$23=-2,1,0),if(S34-$S$23=-2,1,0),if(T34-$T$23=-2,1,0),if(U34-$U$23=-2,1,0))} -> 0 | AB34: {=sum(if(D34-$D$23=-1,1,0),if(E34-$E$23=-1,1,0),if(F34-$F$23=-1,1,0),if(G34-$G$23=-1,1,0),if(H34-$H$23=-1,1,0),if(I34-$I$23=-1,1,0),if(J34-$J$23=-1,1,0),if(K34-$K$23=-1,1,0),if(L34-$L$23=-1,1,0),if(M34-$M$23=-1,1,0),if(N34-$N$23=-1,1,0),if(O34-$O$23=-1,1,0),if(P34-$P$23=-1,1,0),if(Q34-$Q$23=-1,1,0),if(R34-$R$23=-1,1,0),if(S34-$S$23=-1,1,0),if(T34-$T$23=-1,1,0),if(U34-$U$23=-1,1,0))} -> 0 | AC34: {=sum(if(D34-$D$23=0,1,0),if(E34-$E$23=0,1,0),if(F34-$F$23=0,1,0),if(G34-$G$23=0,1,0),if(H34-$H$23=0,1,0),if(I34-$I$23=0,1,0),if(J34-$J$23=0,1,0),if(K34-$K$23=0,1,0),if(L34-$L$23=0,1,0),if(M34-$M$23=0,1,0),if(N34-$N$23=0,1,0),if(O34-$O$23=0,1,0),if(P34-$P$23=0,1,0),if(Q34-$Q$23=0,1,0),if(R34-$R$23=0,1,0),if(S34-$S$23=0,1,0),if(T34-$T$23=0,1,0),if(U34-$U$23=0,1,0))} -> 6 | AD34: {=sum(if(D34-$D$23=1,1,0),if(E34-$E$23=1,1,0),if(F34-$F$23=1,1,0),if(G34-$G$23=1,1,0),if(H34-$H$23=1,1,0),if(I34-$I$23=1,1,0),if(J34-$J$23=1,1,0),if(K34-$K$23=1,1,0),if(L34-$L$23=1,1,0),if(M34-$M$23=1,1,0),if(N34-$N$23=1,1,0),if(O34-$O$23=1,1,0),if(P34-$P$23=1,1,0),if(Q34-$Q$23=1,1,0),if(R34-$R$23=1,1,0),if(S34-$S$23=1,1,0),if(T34-$T$23=1,1,0),if(U34-$U$23=1,1,0))} -> 6 | AE34: {=sum(if(D34-$D$23=2,1,0),if(E34-$E$23=2,1,0),if(F34-$F$23=2,1,0),if(G34-$G$23=2,1,0),if(H34-$H$23=2,1,0),if(I34-$I$23=2,1,0),if(J34-$J$23=2,1,0),if(K34-$K$23=2,1,0),if(L34-$L$23=2,1,0),if(M34-$M$23=2,1,0),if(N34-$N$23=2,1,0),if(O34-$O$23=2,1,0),if(P34-$P$23=2,1,0),if(Q34-$Q$23=2,1,0),if(R34-$R$23=2,1,0),if(S34-$S$23=2,1,0),if(T34-$T$23=2,1,0),if(U34-$U$23=2,1,0))} -> 3 | AF34: {=sum(if(D34-$D$23=3,1,0),if(E34-$E$23=3,1,0),if(F34-$F$23=3,1,0),if(G34-$G$23=3,1,0),if(H34-$H$23=3,1,0),if(I34-$I$23=3,1,0),if(J34-$J$23=3,1,0),if(K34-$K$23=3,1,0),if(L34-$L$23=3,1,0),if(M34-$M$23=3,1,0),if(N34-$N$23=3,1,0),if(O34-$O$23=3,1,0),if(P34-$P$23=3,1,0),if(Q34-$Q$23=3,1,0),if(R34-$R$23=3,1,0),if(S34-$S$23=3,1,0),if(T34-$T$23=3,1,0),if(U34-$U$23=3,1,0))} -> 2 | AG34: {=sum(if(D34-$D$23>3,1,0),if(E34-$E$23>3,1,0),if(F34-$F$23>3,1,0),if(G34-$G$23>3,1,0),if(H34-$H$23>3,1,0),if(I34-$I$23>3,1,0),if(J34-$J$23>3,1,0),if(K34-$K$23>3,1,0),if(L34-$L$23>3,1,0),if(M34-$M$23>3,1,0),if(N34-$N$23>3,1,0),if(O34-$O$23>3,1,0),if(P34-$P$23>3,1,0),if(Q34-$Q$23>3,1,0),if(R34-$R$23>3,1,0),if(S34-$S$23>3,1,0),if(T34-$T$23>3,1,0),if(U34-$U$23>3,1,0))} -> 1 | AH34: =sum(Z34:AG34) -> 18
A35: =SETUP!A16 -> Scott R | B35: {=if(A35="","",index(SETUP!D:D,match(A35,SETUP!A:A,0)))} -> 8 | D35: 4 | E35: 7 | F35: 4 | G35: 2 | H35: 4 | I35: 4 | J35: 4 | K35: 4 | L35: 6 | M35: 4 | N35: 3 | O35: 5 | P35: 4 | Q35: 5 | R35: 3 | S35: 5 | T35: 4 | U35: 7 | V35: =if(C35="WD","WD", SUM(D35:L35)) -> 39 | W35: =if(C35="WD","WD",SUM(M35:U35)) -> 40 | X35: =if(C35="WD","WD",IF(W35>0,V35+W35,"")) -> 79 | Y35: =if(C35="WD","WD",IF(W35=0,"",X35-B35)) -> 71 | Z35: {=sum(if(D35-$D$23=-3,1,0),if(E35-$E$23=-3,1,0),if(F35-$F$23=-3,1,0),if(G35-$G$23=-3,1,0),if(H35-$H$23=-3,1,0),if(I35-$I$23=-3,1,0),if(J35-$J$23=-3,1,0),if(K35-$K$23=-3,1,0),if(L35-$L$23=-3,1,0),if(M35-$M$23=-3,1,0),if(N35-$N$23=-3,1,0),if(O35-$O$23=-3,1,0),if(P35-$P$23=-3,1,0),if(Q35-$Q$23=-3,1,0),if(R35-$R$23=-3,1,0),if(S35-$S$23=-3,1,0),if(T35-$T$23=-3,1,0),if(U35-$U$23=-3,1,0))} -> 0 | AA35: {=sum(if(D35-$D$23=-2,1,0),if(E35-$E$23=-2,1,0),if(F35-$F$23=-2,1,0),if(G35-$G$23=-2,1,0),if(H35-$H$23=-2,1,0),if(I35-$I$23=-2,1,0),if(J35-$J$23=-2,1,0),if(K35-$K$23=-2,1,0),if(L35-$L$23=-2,1,0),if(M35-$M$23=-2,1,0),if(N35-$N$23=-2,1,0),if(O35-$O$23=-2,1,0),if(P35-$P$23=-2,1,0),if(Q35-$Q$23=-2,1,0),if(R35-$R$23=-2,1,0),if(S35-$S$23=-2,1,0),if(T35-$T$23=-2,1,0),if(U35-$U$23=-2,1,0))} -> 0 | AB35: {=sum(if(D35-$D$23=-1,1,0),if(E35-$E$23=-1,1,0),if(F35-$F$23=-1,1,0),if(G35-$G$23=-1,1,0),if(H35-$H$23=-1,1,0),if(I35-$I$23=-1,1,0),if(J35-$J$23=-1,1,0),if(K35-$K$23=-1,1,0),if(L35-$L$23=-1,1,0),if(M35-$M$23=-1,1,0),if(N35-$N$23=-1,1,0),if(O35-$O$23=-1,1,0),if(P35-$P$23=-1,1,0),if(Q35-$Q$23=-1,1,0),if(R35-$R$23=-1,1,0),if(S35-$S$23=-1,1,0),if(T35-$T$23=-1,1,0),if(U35-$U$23=-1,1,0))} -> 3 | AC35: {=sum(if(D35-$D$23=0,1,0),if(E35-$E$23=0,1,0),if(F35-$F$23=0,1,0),if(G35-$G$23=0,1,0),if(H35-$H$23=0,1,0),if(I35-$I$23=0,1,0),if(J35-$J$23=0,1,0),if(K35-$K$23=0,1,0),if(L35-$L$23=0,1,0),if(M35-$M$23=0,1,0),if(N35-$N$23=0,1,0),if(O35-$O$23=0,1,0),if(P35-$P$23=0,1,0),if(Q35-$Q$23=0,1,0),if(R35-$R$23=0,1,0),if(S35-$S$23=0,1,0),if(T35-$T$23=0,1,0),if(U35-$U$23=0,1,0))} -> 9 | AD35: {=sum(if(D35-$D$23=1,1,0),if(E35-$E$23=1,1,0),if(F35-$F$23=1,1,0),if(G35-$G$23=1,1,0),if(H35-$H$23=1,1,0),if(I35-$I$23=1,1,0),if(J35-$J$23=1,1,0),if(K35-$K$23=1,1,0),if(L35-$L$23=1,1,0),if(M35-$M$23=1,1,0),if(N35-$N$23=1,1,0),if(O35-$O$23=1,1,0),if(P35-$P$23=1,1,0),if(Q35-$Q$23=1,1,0),if(R35-$R$23=1,1,0),if(S35-$S$23=1,1,0),if(T35-$T$23=1,1,0),if(U35-$U$23=1,1,0))} -> 3 | AE35: {=sum(if(D35-$D$23=2,1,0),if(E35-$E$23=2,1,0),if(F35-$F$23=2,1,0),if(G35-$G$23=2,1,0),if(H35-$H$23=2,1,0),if(I35-$I$23=2,1,0),if(J35-$J$23=2,1,0),if(K35-$K$23=2,1,0),if(L35-$L$23=2,1,0),if(M35-$M$23=2,1,0),if(N35-$N$23=2,1,0),if(O35-$O$23=2,1,0),if(P35-$P$23=2,1,0),if(Q35-$Q$23=2,1,0),if(R35-$R$23=2,1,0),if(S35-$S$23=2,1,0),if(T35-$T$23=2,1,0),if(U35-$U$23=2,1,0))} -> 2 | AF35: {=sum(if(D35-$D$23=3,1,0),if(E35-$E$23=3,1,0),if(F35-$F$23=3,1,0),if(G35-$G$23=3,1,0),if(H35-$H$23=3,1,0),if(I35-$I$23=3,1,0),if(J35-$J$23=3,1,0),if(K35-$K$23=3,1,0),if(L35-$L$23=3,1,0),if(M35-$M$23=3,1,0),if(N35-$N$23=3,1,0),if(O35-$O$23=3,1,0),if(P35-$P$23=3,1,0),if(Q35-$Q$23=3,1,0),if(R35-$R$23=3,1,0),if(S35-$S$23=3,1,0),if(T35-$T$23=3,1,0),if(U35-$U$23=3,1,0))} -> 1 | AG35: {=sum(if(D35-$D$23>3,1,0),if(E35-$E$23>3,1,0),if(F35-$F$23>3,1,0),if(G35-$G$23>3,1,0),if(H35-$H$23>3,1,0),if(I35-$I$23>3,1,0),if(J35-$J$23>3,1,0),if(K35-$K$23>3,1,0),if(L35-$L$23>3,1,0),if(M35-$M$23>3,1,0),if(N35-$N$23>3,1,0),if(O35-$O$23>3,1,0),if(P35-$P$23>3,1,0),if(Q35-$Q$23>3,1,0),if(R35-$R$23>3,1,0),if(S35-$S$23>3,1,0),if(T35-$T$23>3,1,0),if(U35-$U$23>3,1,0))} -> 0 | AH35: =sum(Z35:AG35) -> 18
C36: SKIN | D36: {=IF(SUM(IF(IF('Betting SETUP'!$D$5:$D$16="Y", D24:D35, 10)=MIN(IF('Betting SETUP'!$D$5:$D$16="Y", D24:D35, 10)), 1, 0)) > 1, "", INDEX('Betting SETUP'!$A$5:$A$16,MATCH(MIN(IF('Betting SETUP'!$D$5:$D$16="Y",D24:D35,10)),IF('Betting SETUP'!$D$5:$D$16="Y",D24:D35,10),0)))} | E36: {=IF(SUM(IF(IF('Betting SETUP'!$D$5:$D$16="Y", E24:E35, 10)=MIN(IF('Betting SETUP'!$D$5:$D$16="Y", E24:E35, 10)), 1, 0)) > 1, "", INDEX('Betting SETUP'!$A$5:$A$16,MATCH(MIN(IF('Betting SETUP'!$D$5:$D$16="Y",E24:E35,10)),IF('Betting SETUP'!$D$5:$D$16="Y",E24:E35,10),0)))} -> Aaron J | F36: {=IF(SUM(IF(IF('Betting SETUP'!$D$5:$D$16="Y", F24:F35, 10)=MIN(IF('Betting SETUP'!$D$5:$D$16="Y", F24:F35, 10)), 1, 0)) > 1, "", INDEX('Betting SETUP'!$A$5:$A$16,MATCH(MIN(IF('Betting SETUP'!$D$5:$D$16="Y",F24:F35,10)),IF('Betting SETUP'!$D$5:$D$16="Y",F24:F35,10),0)))} | G36: {=IF(SUM(IF(IF('Betting SETUP'!$D$5:$D$16="Y", G24:G35, 10)=MIN(IF('Betting SETUP'!$D$5:$D$16="Y", G24:G35, 10)), 1, 0)) > 1, "", INDEX('Betting SETUP'!$A$5:$A$16,MATCH(MIN(IF('Betting SETUP'!$D$5:$D$16="Y",G24:G35,10)),IF('Betting SETUP'!$D$5:$D$16="Y",G24:G35,10),0)))} -> Scott R | H36: {=IF(SUM(IF(IF('Betting SETUP'!$D$5:$D$16="Y", H24:H35, 10)=MIN(IF('Betting SETUP'!$D$5:$D$16="Y", H24:H35, 10)), 1, 0)) > 1, "", INDEX('Betting SETUP'!$A$5:$A$16,MATCH(MIN(IF('Betting SETUP'!$D$5:$D$16="Y",H24:H35,10)),IF('Betting SETUP'!$D$5:$D$16="Y",H24:H35,10),0)))} | I36: {=IF(SUM(IF(IF('Betting SETUP'!$D$5:$D$16="Y", I24:I35, 10)=MIN(IF('Betting SETUP'!$D$5:$D$16="Y", I24:I35, 10)), 1, 0)) > 1, "", INDEX('Betting SETUP'!$A$5:$A$16,MATCH(MIN(IF('Betting SETUP'!$D$5:$D$16="Y",I24:I35,10)),IF('Betting SETUP'!$D$5:$D$16="Y",I24:I35,10),0)))} -> Scott R | J36: {=IF(SUM(IF(IF('Betting SETUP'!$D$5:$D$16="Y", J24:J35, 10)=MIN(IF('Betting SETUP'!$D$5:$D$16="Y", J24:J35, 10)), 1, 0)) > 1, "", INDEX('Betting SETUP'!$A$5:$A$16,MATCH(MIN(IF('Betting SETUP'!$D$5:$D$16="Y",J24:J35,10)),IF('Betting SETUP'!$D$5:$D$16="Y",J24:J35,10),0)))} | K36: {=IF(SUM(IF(IF('Betting SETUP'!$D$5:$D$16="Y", K24:K35, 10)=MIN(IF('Betting SETUP'!$D$5:$D$16="Y", K24:K35, 10)), 1, 0)) > 1, "", INDEX('Betting SETUP'!$A$5:$A$16,MATCH(MIN(IF('Betting SETUP'!$D$5:$D$16="Y",K24:K35,10)),IF('Betting SETUP'!$D$5:$D$16="Y",K24:K35,10),0)))} -> Joe S | ... U36: {=IF(SUM(IF(IF('Betting SETUP'!$D$5:$D$16="Y", U24:U35, 10)=MIN(IF('Betting SETUP'!$D$5:$D$16="Y", U24:U35, 10)), 1, 0)) > 1, "", INDEX('Betting SETUP'!$A$5:$A$16,MATCH(MIN(IF('Betting SETUP'!$D$5:$D$16="Y",U24:U35,10)),IF('Betting SETUP'!$D$5:$D$16="Y",U24:U35,10),0)))} -> Jeff B | X36: =18-COUNTBLANK(D36:U36) -> 8
C37: CTP | G37: Scott R | K37: Joe S | N37: Scott R | T37: Bob B | X37: =COUNTA(D37:U37) -> 4
C39: =SETUP!E1 -> THE LOON | X39: =SETUP!E2 -> 70.5 | Y39: =SETUP!E3 -> 134
C40: Hole | D40: 1 | E40: 2 | F40: 3 | G40: 4 | H40: 5 | I40: 6 | J40: 7 | K40: 8 | L40: 9 | M40: 10 | N40: 11 | O40: 12 | P40: 13 | Q40: 14 | R40: 15 | S40: 16 | T40: 17 | U40: 18 | V40: OUT | W40: IN | X40: TOTAL | Y40: NET
C41: Handi | D41: =SETUP!I11 -> 11 | E41: =SETUP!J11 -> 15 | F41: =SETUP!K11 -> 3 | G41: =SETUP!L11 -> 17 | H41: =SETUP!M11 -> 1 | I41: =SETUP!N11 -> 9 | J41: =SETUP!O11 -> 7 | K41: =SETUP!P11 -> 5 | ... U41: =SETUP!Z11 -> 8
A42: Player | B42: Handi | C42: Par | D42: =SETUP!I12 -> 4 | E42: =SETUP!J12 -> 3 | F42: =SETUP!K12 -> 5 | G42: =SETUP!L12 -> 3 | H42: =SETUP!M12 -> 5 | I42: =SETUP!N12 -> 4 | J42: =SETUP!O12 -> 4 | K42: =SETUP!P12 -> 5 | ... U42: =SETUP!Z12 -> 4 | V42: =SUM(D42:L42) -> 36 | W42: =SUM(M42:U42) -> 36 | X42: =V42+W42 -> 72 | Z42: Alb | AA42: Eagle | AB42: Birdie | AC42: Par | AD42: Bogey | AE42: Double | AF42: Triple | AG42: Quad+
A43: =SETUP!A5 -> Aaron J | B43: {=if(A43="","",index(SETUP!E:E,match(A43,SETUP!A:A,0)))} -> 6 | D43: 4 | E43: 6 | F43: 6 | G43: 3 | H43: 8 | I43: 6 | J43: 4 | K43: 5 | L43: 3 | M43: 5 | N43: 5 | O43: 3 | P43: 6 | Q43: 4 | R43: 6 | S43: 5 | T43: 6 | U43: 6 | V43: =if(C43="WD","WD", SUM(D43:L43)) -> 45 | W43: =if(C43="WD","WD",SUM(M43:U43)) -> 46 | X43: =if(C43="WD","WD",IF(W43>0,V43+W43,"")) -> 91 | Y43: =if(C43="WD","WD",IF(W43=0,"",X43-B43)) -> 85 | Z43: {=sum(if(D43-$D$42=-3,1,0),if(E43-$E$42=-3,1,0),if(F43-$F$42=-3,1,0),if(G43-$G$42=-3,1,0),if(H43-$H$42=-3,1,0),if(I43-$I$42=-3,1,0),if(J43-$J$42=-3,1,0),if(K43-$K$42=-3,1,0),if(L43-$L$42=-3,1,0),if(M43-$M$42=-3,1,0),if(N43-$N$42=-3,1,0),if(O43-$O$42=-3,1,0),if(P43-$P$42=-3,1,0),if(Q43-$Q$42=-3,1,0),if(R43-$R$42=-3,1,0),if(S43-$S$42=-3,1,0),if(T43-$T$42=-3,1,0),if(U43-$U$42=-3,1,0))} -> 0 | AA43: {=sum(if(D43-$D$42=-2,1,0),if(E43-$E$42=-2,1,0),if(F43-$F$42=-2,1,0),if(G43-$G$42=-2,1,0),if(H43-$H$42=-2,1,0),if(I43-$I$42=-2,1,0),if(J43-$J$42=-2,1,0),if(K43-$K$42=-2,1,0),if(L43-$L$42=-2,1,0),if(M43-$M$42=-2,1,0),if(N43-$N$42=-2,1,0),if(O43-$O$42=-2,1,0),if(P43-$P$42=-2,1,0),if(Q43-$Q$42=-2,1,0),if(R43-$R$42=-2,1,0),if(S43-$S$42=-2,1,0),if(T43-$T$42=-2,1,0),if(U43-$U$42=-2,1,0))} -> 0 | AB43: {=sum(if(D43-$D$42=-1,1,0),if(E43-$E$42=-1,1,0),if(F43-$F$42=-1,1,0),if(G43-$G$42=-1,1,0),if(H43-$H$42=-1,1,0),if(I43-$I$42=-1,1,0),if(J43-$J$42=-1,1,0),if(K43-$K$42=-1,1,0),if(L43-$L$42=-1,1,0),if(M43-$M$42=-1,1,0),if(N43-$N$42=-1,1,0),if(O43-$O$42=-1,1,0),if(P43-$P$42=-1,1,0),if(Q43-$Q$42=-1,1,0),if(R43-$R$42=-1,1,0),if(S43-$S$42=-1,1,0),if(T43-$T$42=-1,1,0),if(U43-$U$42=-1,1,0))} -> 0 | AC43: {=sum(if(D43-$D$42=0,1,0),if(E43-$E$42=0,1,0),if(F43-$F$42=0,1,0),if(G43-$G$42=0,1,0),if(H43-$H$42=0,1,0),if(I43-$I$42=0,1,0),if(J43-$J$42=0,1,0),if(K43-$K$42=0,1,0),if(L43-$L$42=0,1,0),if(M43-$M$42=0,1,0),if(N43-$N$42=0,1,0),if(O43-$O$42=0,1,0),if(P43-$P$42=0,1,0),if(Q43-$Q$42=0,1,0),if(R43-$R$42=0,1,0),if(S43-$S$42=0,1,0),if(T43-$T$42=0,1,0),if(U43-$U$42=0,1,0))} -> 7 | AD43: {=sum(if(D43-$D$42=1,1,0),if(E43-$E$42=1,1,0),if(F43-$F$42=1,1,0),if(G43-$G$42=1,1,0),if(H43-$H$42=1,1,0),if(I43-$I$42=1,1,0),if(J43-$J$42=1,1,0),if(K43-$K$42=1,1,0),if(L43-$L$42=1,1,0),if(M43-$M$42=1,1,0),if(N43-$N$42=1,1,0),if(O43-$O$42=1,1,0),if(P43-$P$42=1,1,0),if(Q43-$Q$42=1,1,0),if(R43-$R$42=1,1,0),if(S43-$S$42=1,1,0),if(T43-$T$42=1,1,0),if(U43-$U$42=1,1,0))} -> 5 | AE43: {=sum(if(D43-$D$42=2,1,0),if(E43-$E$42=2,1,0),if(F43-$F$42=2,1,0),if(G43-$G$42=2,1,0),if(H43-$H$42=2,1,0),if(I43-$I$42=2,1,0),if(J43-$J$42=2,1,0),if(K43-$K$42=2,1,0),if(L43-$L$42=2,1,0),if(M43-$M$42=2,1,0),if(N43-$N$42=2,1,0),if(O43-$O$42=2,1,0),if(P43-$P$42=2,1,0),if(Q43-$Q$42=2,1,0),if(R43-$R$42=2,1,0),if(S43-$S$42=2,1,0),if(T43-$T$42=2,1,0),if(U43-$U$42=2,1,0))} -> 4 | AF43: {=sum(if(D43-$D$42=3,1,0),if(E43-$E$42=3,1,0),if(F43-$F$42=3,1,0),if(G43-$G$42=3,1,0),if(H43-$H$42=3,1,0),if(I43-$I$42=3,1,0),if(J43-$J$42=3,1,0),if(K43-$K$42=3,1,0),if(L43-$L$42=3,1,0),if(M43-$M$42=3,1,0),if(N43-$N$42=3,1,0),if(O43-$O$42=3,1,0),if(P43-$P$42=3,1,0),if(Q43-$Q$42=3,1,0),if(R43-$R$42=3,1,0),if(S43-$S$42=3,1,0),if(T43-$T$42=3,1,0),if(U43-$U$42=3,1,0))} -> 2 | AG43: {=sum(if(D43-$D$42>3,1,0),if(E43-$E$42>3,1,0),if(F43-$F$42>3,1,0),if(G43-$G$42>3,1,0),if(H43-$H$42>3,1,0),if(I43-$I$42>3,1,0),if(J43-$J$42>3,1,0),if(K43-$K$42>3,1,0),if(L43-$L$42>3,1,0),if(M43-$M$42>3,1,0),if(N43-$N$42>3,1,0),if(O43-$O$42>3,1,0),if(P43-$P$42>3,1,0),if(Q43-$Q$42>3,1,0),if(R43-$R$42>3,1,0),if(S43-$S$42>3,1,0),if(T43-$T$42>3,1,0),if(U43-$U$42>3,1,0))} -> 0 | AH43: =sum(Z43:AG43) -> 18
A44: =SETUP!A6 -> Andy V | B44: {=if(A44="","",index(SETUP!E:E,match(A44,SETUP!A:A,0)))} -> 19 | D44: 6 | E44: 5 | F44: 6 | G44: 4 | H44: 4 | I44: 8 | J44: 5 | K44: 6 | L44: 4 | M44: 6 | N44: 7 | O44: 5 | P44: 6 | Q44: 4 | R44: 5 | S44: 5 | T44: 3 | U44: 4 | V44: =if(C44="WD","WD", SUM(D44:L44)) -> 48 | W44: =if(C44="WD","WD",SUM(M44:U44)) -> 45 | X44: =if(C44="WD","WD",IF(W44>0,V44+W44,"")) -> 93 | Y44: =if(C44="WD","WD",IF(W44=0,"",X44-B44)) -> 74 | Z44: {=sum(if(D44-$D$42=-3,1,0),if(E44-$E$42=-3,1,0),if(F44-$F$42=-3,1,0),if(G44-$G$42=-3,1,0),if(H44-$H$42=-3,1,0),if(I44-$I$42=-3,1,0),if(J44-$J$42=-3,1,0),if(K44-$K$42=-3,1,0),if(L44-$L$42=-3,1,0),if(M44-$M$42=-3,1,0),if(N44-$N$42=-3,1,0),if(O44-$O$42=-3,1,0),if(P44-$P$42=-3,1,0),if(Q44-$Q$42=-3,1,0),if(R44-$R$42=-3,1,0),if(S44-$S$42=-3,1,0),if(T44-$T$42=-3,1,0),if(U44-$U$42=-3,1,0))} -> 0 | AA44: {=sum(if(D44-$D$42=-2,1,0),if(E44-$E$42=-2,1,0),if(F44-$F$42=-2,1,0),if(G44-$G$42=-2,1,0),if(H44-$H$42=-2,1,0),if(I44-$I$42=-2,1,0),if(J44-$J$42=-2,1,0),if(K44-$K$42=-2,1,0),if(L44-$L$42=-2,1,0),if(M44-$M$42=-2,1,0),if(N44-$N$42=-2,1,0),if(O44-$O$42=-2,1,0),if(P44-$P$42=-2,1,0),if(Q44-$Q$42=-2,1,0),if(R44-$R$42=-2,1,0),if(S44-$S$42=-2,1,0),if(T44-$T$42=-2,1,0),if(U44-$U$42=-2,1,0))} -> 0 | AB44: {=sum(if(D44-$D$42=-1,1,0),if(E44-$E$42=-1,1,0),if(F44-$F$42=-1,1,0),if(G44-$G$42=-1,1,0),if(H44-$H$42=-1,1,0),if(I44-$I$42=-1,1,0),if(J44-$J$42=-1,1,0),if(K44-$K$42=-1,1,0),if(L44-$L$42=-1,1,0),if(M44-$M$42=-1,1,0),if(N44-$N$42=-1,1,0),if(O44-$O$42=-1,1,0),if(P44-$P$42=-1,1,0),if(Q44-$Q$42=-1,1,0),if(R44-$R$42=-1,1,0),if(S44-$S$42=-1,1,0),if(T44-$T$42=-1,1,0),if(U44-$U$42=-1,1,0))} -> 2 | AC44: {=sum(if(D44-$D$42=0,1,0),if(E44-$E$42=0,1,0),if(F44-$F$42=0,1,0),if(G44-$G$42=0,1,0),if(H44-$H$42=0,1,0),if(I44-$I$42=0,1,0),if(J44-$J$42=0,1,0),if(K44-$K$42=0,1,0),if(L44-$L$42=0,1,0),if(M44-$M$42=0,1,0),if(N44-$N$42=0,1,0),if(O44-$O$42=0,1,0),if(P44-$P$42=0,1,0),if(Q44-$Q$42=0,1,0),if(R44-$R$42=0,1,0),if(S44-$S$42=0,1,0),if(T44-$T$42=0,1,0),if(U44-$U$42=0,1,0))} -> 1 | AD44: {=sum(if(D44-$D$42=1,1,0),if(E44-$E$42=1,1,0),if(F44-$F$42=1,1,0),if(G44-$G$42=1,1,0),if(H44-$H$42=1,1,0),if(I44-$I$42=1,1,0),if(J44-$J$42=1,1,0),if(K44-$K$42=1,1,0),if(L44-$L$42=1,1,0),if(M44-$M$42=1,1,0),if(N44-$N$42=1,1,0),if(O44-$O$42=1,1,0),if(P44-$P$42=1,1,0),if(Q44-$Q$42=1,1,0),if(R44-$R$42=1,1,0),if(S44-$S$42=1,1,0),if(T44-$T$42=1,1,0),if(U44-$U$42=1,1,0))} -> 9 | AE44: {=sum(if(D44-$D$42=2,1,0),if(E44-$E$42=2,1,0),if(F44-$F$42=2,1,0),if(G44-$G$42=2,1,0),if(H44-$H$42=2,1,0),if(I44-$I$42=2,1,0),if(J44-$J$42=2,1,0),if(K44-$K$42=2,1,0),if(L44-$L$42=2,1,0),if(M44-$M$42=2,1,0),if(N44-$N$42=2,1,0),if(O44-$O$42=2,1,0),if(P44-$P$42=2,1,0),if(Q44-$Q$42=2,1,0),if(R44-$R$42=2,1,0),if(S44-$S$42=2,1,0),if(T44-$T$42=2,1,0),if(U44-$U$42=2,1,0))} -> 5 | AF44: {=sum(if(D44-$D$42=3,1,0),if(E44-$E$42=3,1,0),if(F44-$F$42=3,1,0),if(G44-$G$42=3,1,0),if(H44-$H$42=3,1,0),if(I44-$I$42=3,1,0),if(J44-$J$42=3,1,0),if(K44-$K$42=3,1,0),if(L44-$L$42=3,1,0),if(M44-$M$42=3,1,0),if(N44-$N$42=3,1,0),if(O44-$O$42=3,1,0),if(P44-$P$42=3,1,0),if(Q44-$Q$42=3,1,0),if(R44-$R$42=3,1,0),if(S44-$S$42=3,1,0),if(T44-$T$42=3,1,0),if(U44-$U$42=3,1,0))} -> 0 | AG44: {=sum(if(D44-$D$42>3,1,0),if(E44-$E$42>3,1,0),if(F44-$F$42>3,1,0),if(G44-$G$42>3,1,0),if(H44-$H$42>3,1,0),if(I44-$I$42>3,1,0),if(J44-$J$42>3,1,0),if(K44-$K$42>3,1,0),if(L44-$L$42>3,1,0),if(M44-$M$42>3,1,0),if(N44-$N$42>3,1,0),if(O44-$O$42>3,1,0),if(P44-$P$42>3,1,0),if(Q44-$Q$42>3,1,0),if(R44-$R$42>3,1,0),if(S44-$S$42>3,1,0),if(T44-$T$42>3,1,0),if(U44-$U$42>3,1,0))} -> 1 | AH44: =sum(Z44:AG44) -> 18
A45: =SETUP!A7 -> Bob B | B45: {=if(A45="","",index(SETUP!E:E,match(A45,SETUP!A:A,0)))} -> 17 | D45: 5 | E45: 3 | F45: 8 | G45: 5 | H45: 4 | I45: 4 | J45: 6 | K45: 6 | L45: 5 | M45: 7 | N45: 4 | O45: 5 | P45: 6 | Q45: 3 | R45: 5 | S45: 5 | T45: 6 | U45: 7 | V45: =if(C45="WD","WD", SUM(D45:L45)) -> 46 | W45: =if(C45="WD","WD",SUM(M45:U45)) -> 48 | X45: =if(C45="WD","WD",IF(W45>0,V45+W45,"")) -> 94 | Y45: =if(C45="WD","WD",IF(W45=0,"",X45-B45)) -> 77 | Z45: {=sum(if(D45-$D$42=-3,1,0),if(E45-$E$42=-3,1,0),if(F45-$F$42=-3,1,0),if(G45-$G$42=-3,1,0),if(H45-$H$42=-3,1,0),if(I45-$I$42=-3,1,0),if(J45-$J$42=-3,1,0),if(K45-$K$42=-3,1,0),if(L45-$L$42=-3,1,0),if(M45-$M$42=-3,1,0),if(N45-$N$42=-3,1,0),if(O45-$O$42=-3,1,0),if(P45-$P$42=-3,1,0),if(Q45-$Q$42=-3,1,0),if(R45-$R$42=-3,1,0),if(S45-$S$42=-3,1,0),if(T45-$T$42=-3,1,0),if(U45-$U$42=-3,1,0))} -> 0 | AA45: {=sum(if(D45-$D$42=-2,1,0),if(E45-$E$42=-2,1,0),if(F45-$F$42=-2,1,0),if(G45-$G$42=-2,1,0),if(H45-$H$42=-2,1,0),if(I45-$I$42=-2,1,0),if(J45-$J$42=-2,1,0),if(K45-$K$42=-2,1,0),if(L45-$L$42=-2,1,0),if(M45-$M$42=-2,1,0),if(N45-$N$42=-2,1,0),if(O45-$O$42=-2,1,0),if(P45-$P$42=-2,1,0),if(Q45-$Q$42=-2,1,0),if(R45-$R$42=-2,1,0),if(S45-$S$42=-2,1,0),if(T45-$T$42=-2,1,0),if(U45-$U$42=-2,1,0))} -> 0 | AB45: {=sum(if(D45-$D$42=-1,1,0),if(E45-$E$42=-1,1,0),if(F45-$F$42=-1,1,0),if(G45-$G$42=-1,1,0),if(H45-$H$42=-1,1,0),if(I45-$I$42=-1,1,0),if(J45-$J$42=-1,1,0),if(K45-$K$42=-1,1,0),if(L45-$L$42=-1,1,0),if(M45-$M$42=-1,1,0),if(N45-$N$42=-1,1,0),if(O45-$O$42=-1,1,0),if(P45-$P$42=-1,1,0),if(Q45-$Q$42=-1,1,0),if(R45-$R$42=-1,1,0),if(S45-$S$42=-1,1,0),if(T45-$T$42=-1,1,0),if(U45-$U$42=-1,1,0))} -> 2 | AC45: {=sum(if(D45-$D$42=0,1,0),if(E45-$E$42=0,1,0),if(F45-$F$42=0,1,0),if(G45-$G$42=0,1,0),if(H45-$H$42=0,1,0),if(I45-$I$42=0,1,0),if(J45-$J$42=0,1,0),if(K45-$K$42=0,1,0),if(L45-$L$42=0,1,0),if(M45-$M$42=0,1,0),if(N45-$N$42=0,1,0),if(O45-$O$42=0,1,0),if(P45-$P$42=0,1,0),if(Q45-$Q$42=0,1,0),if(R45-$R$42=0,1,0),if(S45-$S$42=0,1,0),if(T45-$T$42=0,1,0),if(U45-$U$42=0,1,0))} -> 3 | AD45: {=sum(if(D45-$D$42=1,1,0),if(E45-$E$42=1,1,0),if(F45-$F$42=1,1,0),if(G45-$G$42=1,1,0),if(H45-$H$42=1,1,0),if(I45-$I$42=1,1,0),if(J45-$J$42=1,1,0),if(K45-$K$42=1,1,0),if(L45-$L$42=1,1,0),if(M45-$M$42=1,1,0),if(N45-$N$42=1,1,0),if(O45-$O$42=1,1,0),if(P45-$P$42=1,1,0),if(Q45-$Q$42=1,1,0),if(R45-$R$42=1,1,0),if(S45-$S$42=1,1,0),if(T45-$T$42=1,1,0),if(U45-$U$42=1,1,0))} -> 5 | AE45: {=sum(if(D45-$D$42=2,1,0),if(E45-$E$42=2,1,0),if(F45-$F$42=2,1,0),if(G45-$G$42=2,1,0),if(H45-$H$42=2,1,0),if(I45-$I$42=2,1,0),if(J45-$J$42=2,1,0),if(K45-$K$42=2,1,0),if(L45-$L$42=2,1,0),if(M45-$M$42=2,1,0),if(N45-$N$42=2,1,0),if(O45-$O$42=2,1,0),if(P45-$P$42=2,1,0),if(Q45-$Q$42=2,1,0),if(R45-$R$42=2,1,0),if(S45-$S$42=2,1,0),if(T45-$T$42=2,1,0),if(U45-$U$42=2,1,0))} -> 5 | AF45: {=sum(if(D45-$D$42=3,1,0),if(E45-$E$42=3,1,0),if(F45-$F$42=3,1,0),if(G45-$G$42=3,1,0),if(H45-$H$42=3,1,0),if(I45-$I$42=3,1,0),if(J45-$J$42=3,1,0),if(K45-$K$42=3,1,0),if(L45-$L$42=3,1,0),if(M45-$M$42=3,1,0),if(N45-$N$42=3,1,0),if(O45-$O$42=3,1,0),if(P45-$P$42=3,1,0),if(Q45-$Q$42=3,1,0),if(R45-$R$42=3,1,0),if(S45-$S$42=3,1,0),if(T45-$T$42=3,1,0),if(U45-$U$42=3,1,0))} -> 3 | AG45: {=sum(if(D45-$D$42>3,1,0),if(E45-$E$42>3,1,0),if(F45-$F$42>3,1,0),if(G45-$G$42>3,1,0),if(H45-$H$42>3,1,0),if(I45-$I$42>3,1,0),if(J45-$J$42>3,1,0),if(K45-$K$42>3,1,0),if(L45-$L$42>3,1,0),if(M45-$M$42>3,1,0),if(N45-$N$42>3,1,0),if(O45-$O$42>3,1,0),if(P45-$P$42>3,1,0),if(Q45-$Q$42>3,1,0),if(R45-$R$42>3,1,0),if(S45-$S$42>3,1,0),if(T45-$T$42>3,1,0),if(U45-$U$42>3,1,0))} -> 0 | AH45: =sum(Z45:AG45) -> 18
A46: =SETUP!A8 -> Brian K | B46: {=if(A46="","",index(SETUP!E:E,match(A46,SETUP!A:A,0)))} -> 10 | D46: 7 | E46: 2 | F46: 5 | G46: 3 | H46: 9 | I46: 5 | J46: 5 | K46: 5 | L46: 3 | M46: 6 | N46: 6 | O46: 3 | P46: 5 | Q46: 7 | R46: 4 | S46: 4 | T46: 4 | U46: 5 | V46: =if(C46="WD","WD", SUM(D46:L46)) -> 44 | W46: =if(C46="WD","WD",SUM(M46:U46)) -> 44 | X46: =if(C46="WD","WD",IF(W46>0,V46+W46,"")) -> 88 | Y46: =if(C46="WD","WD",IF(W46=0,"",X46-B46)) -> 78 | Z46: {=sum(if(D46-$D$42=-3,1,0),if(E46-$E$42=-3,1,0),if(F46-$F$42=-3,1,0),if(G46-$G$42=-3,1,0),if(H46-$H$42=-3,1,0),if(I46-$I$42=-3,1,0),if(J46-$J$42=-3,1,0),if(K46-$K$42=-3,1,0),if(L46-$L$42=-3,1,0),if(M46-$M$42=-3,1,0),if(N46-$N$42=-3,1,0),if(O46-$O$42=-3,1,0),if(P46-$P$42=-3,1,0),if(Q46-$Q$42=-3,1,0),if(R46-$R$42=-3,1,0),if(S46-$S$42=-3,1,0),if(T46-$T$42=-3,1,0),if(U46-$U$42=-3,1,0))} -> 0 | AA46: {=sum(if(D46-$D$42=-2,1,0),if(E46-$E$42=-2,1,0),if(F46-$F$42=-2,1,0),if(G46-$G$42=-2,1,0),if(H46-$H$42=-2,1,0),if(I46-$I$42=-2,1,0),if(J46-$J$42=-2,1,0),if(K46-$K$42=-2,1,0),if(L46-$L$42=-2,1,0),if(M46-$M$42=-2,1,0),if(N46-$N$42=-2,1,0),if(O46-$O$42=-2,1,0),if(P46-$P$42=-2,1,0),if(Q46-$Q$42=-2,1,0),if(R46-$R$42=-2,1,0),if(S46-$S$42=-2,1,0),if(T46-$T$42=-2,1,0),if(U46-$U$42=-2,1,0))} -> 0 | AB46: {=sum(if(D46-$D$42=-1,1,0),if(E46-$E$42=-1,1,0),if(F46-$F$42=-1,1,0),if(G46-$G$42=-1,1,0),if(H46-$H$42=-1,1,0),if(I46-$I$42=-1,1,0),if(J46-$J$42=-1,1,0),if(K46-$K$42=-1,1,0),if(L46-$L$42=-1,1,0),if(M46-$M$42=-1,1,0),if(N46-$N$42=-1,1,0),if(O46-$O$42=-1,1,0),if(P46-$P$42=-1,1,0),if(Q46-$Q$42=-1,1,0),if(R46-$R$42=-1,1,0),if(S46-$S$42=-1,1,0),if(T46-$T$42=-1,1,0),if(U46-$U$42=-1,1,0))} -> 1 | AC46: {=sum(if(D46-$D$42=0,1,0),if(E46-$E$42=0,1,0),if(F46-$F$42=0,1,0),if(G46-$G$42=0,1,0),if(H46-$H$42=0,1,0),if(I46-$I$42=0,1,0),if(J46-$J$42=0,1,0),if(K46-$K$42=0,1,0),if(L46-$L$42=0,1,0),if(M46-$M$42=0,1,0),if(N46-$N$42=0,1,0),if(O46-$O$42=0,1,0),if(P46-$P$42=0,1,0),if(Q46-$Q$42=0,1,0),if(R46-$R$42=0,1,0),if(S46-$S$42=0,1,0),if(T46-$T$42=0,1,0),if(U46-$U$42=0,1,0))} -> 9 | AD46: {=sum(if(D46-$D$42=1,1,0),if(E46-$E$42=1,1,0),if(F46-$F$42=1,1,0),if(G46-$G$42=1,1,0),if(H46-$H$42=1,1,0),if(I46-$I$42=1,1,0),if(J46-$J$42=1,1,0),if(K46-$K$42=1,1,0),if(L46-$L$42=1,1,0),if(M46-$M$42=1,1,0),if(N46-$N$42=1,1,0),if(O46-$O$42=1,1,0),if(P46-$P$42=1,1,0),if(Q46-$Q$42=1,1,0),if(R46-$R$42=1,1,0),if(S46-$S$42=1,1,0),if(T46-$T$42=1,1,0),if(U46-$U$42=1,1,0))} -> 4 | AE46: {=sum(if(D46-$D$42=2,1,0),if(E46-$E$42=2,1,0),if(F46-$F$42=2,1,0),if(G46-$G$42=2,1,0),if(H46-$H$42=2,1,0),if(I46-$I$42=2,1,0),if(J46-$J$42=2,1,0),if(K46-$K$42=2,1,0),if(L46-$L$42=2,1,0),if(M46-$M$42=2,1,0),if(N46-$N$42=2,1,0),if(O46-$O$42=2,1,0),if(P46-$P$42=2,1,0),if(Q46-$Q$42=2,1,0),if(R46-$R$42=2,1,0),if(S46-$S$42=2,1,0),if(T46-$T$42=2,1,0),if(U46-$U$42=2,1,0))} -> 1 | AF46: {=sum(if(D46-$D$42=3,1,0),if(E46-$E$42=3,1,0),if(F46-$F$42=3,1,0),if(G46-$G$42=3,1,0),if(H46-$H$42=3,1,0),if(I46-$I$42=3,1,0),if(J46-$J$42=3,1,0),if(K46-$K$42=3,1,0),if(L46-$L$42=3,1,0),if(M46-$M$42=3,1,0),if(N46-$N$42=3,1,0),if(O46-$O$42=3,1,0),if(P46-$P$42=3,1,0),if(Q46-$Q$42=3,1,0),if(R46-$R$42=3,1,0),if(S46-$S$42=3,1,0),if(T46-$T$42=3,1,0),if(U46-$U$42=3,1,0))} -> 1 | AG46: {=sum(if(D46-$D$42>3,1,0),if(E46-$E$42>3,1,0),if(F46-$F$42>3,1,0),if(G46-$G$42>3,1,0),if(H46-$H$42>3,1,0),if(I46-$I$42>3,1,0),if(J46-$J$42>3,1,0),if(K46-$K$42>3,1,0),if(L46-$L$42>3,1,0),if(M46-$M$42>3,1,0),if(N46-$N$42>3,1,0),if(O46-$O$42>3,1,0),if(P46-$P$42>3,1,0),if(Q46-$Q$42>3,1,0),if(R46-$R$42>3,1,0),if(S46-$S$42>3,1,0),if(T46-$T$42>3,1,0),if(U46-$U$42>3,1,0))} -> 2 | AH46: =sum(Z46:AG46) -> 18
A47: =SETUP!A9 -> Dave K | B47: {=if(A47="","",index(SETUP!E:E,match(A47,SETUP!A:A,0)))} -> 17 | D47: 9 | E47: 5 | F47: 4 | G47: 4 | H47: 5 | I47: 5 | J47: 4 | K47: 8 | L47: 3 | M47: 7 | N47: 5 | O47: 4 | P47: 6 | Q47: 4 | R47: 5 | S47: 5 | T47: 4 | U47: 7 | V47: =if(C47="WD","WD", SUM(D47:L47)) -> 47 | W47: =if(C47="WD","WD",SUM(M47:U47)) -> 47 | X47: =if(C47="WD","WD",IF(W47>0,V47+W47,"")) -> 94 | Y47: =if(C47="WD","WD",IF(W47=0,"",X47-B47)) -> 77 | Z47: {=sum(if(D47-$D$42=-3,1,0),if(E47-$E$42=-3,1,0),if(F47-$F$42=-3,1,0),if(G47-$G$42=-3,1,0),if(H47-$H$42=-3,1,0),if(I47-$I$42=-3,1,0),if(J47-$J$42=-3,1,0),if(K47-$K$42=-3,1,0),if(L47-$L$42=-3,1,0),if(M47-$M$42=-3,1,0),if(N47-$N$42=-3,1,0),if(O47-$O$42=-3,1,0),if(P47-$P$42=-3,1,0),if(Q47-$Q$42=-3,1,0),if(R47-$R$42=-3,1,0),if(S47-$S$42=-3,1,0),if(T47-$T$42=-3,1,0),if(U47-$U$42=-3,1,0))} -> 0 | AA47: {=sum(if(D47-$D$42=-2,1,0),if(E47-$E$42=-2,1,0),if(F47-$F$42=-2,1,0),if(G47-$G$42=-2,1,0),if(H47-$H$42=-2,1,0),if(I47-$I$42=-2,1,0),if(J47-$J$42=-2,1,0),if(K47-$K$42=-2,1,0),if(L47-$L$42=-2,1,0),if(M47-$M$42=-2,1,0),if(N47-$N$42=-2,1,0),if(O47-$O$42=-2,1,0),if(P47-$P$42=-2,1,0),if(Q47-$Q$42=-2,1,0),if(R47-$R$42=-2,1,0),if(S47-$S$42=-2,1,0),if(T47-$T$42=-2,1,0),if(U47-$U$42=-2,1,0))} -> 0 | AB47: {=sum(if(D47-$D$42=-1,1,0),if(E47-$E$42=-1,1,0),if(F47-$F$42=-1,1,0),if(G47-$G$42=-1,1,0),if(H47-$H$42=-1,1,0),if(I47-$I$42=-1,1,0),if(J47-$J$42=-1,1,0),if(K47-$K$42=-1,1,0),if(L47-$L$42=-1,1,0),if(M47-$M$42=-1,1,0),if(N47-$N$42=-1,1,0),if(O47-$O$42=-1,1,0),if(P47-$P$42=-1,1,0),if(Q47-$Q$42=-1,1,0),if(R47-$R$42=-1,1,0),if(S47-$S$42=-1,1,0),if(T47-$T$42=-1,1,0),if(U47-$U$42=-1,1,0))} -> 1 | AC47: {=sum(if(D47-$D$42=0,1,0),if(E47-$E$42=0,1,0),if(F47-$F$42=0,1,0),if(G47-$G$42=0,1,0),if(H47-$H$42=0,1,0),if(I47-$I$42=0,1,0),if(J47-$J$42=0,1,0),if(K47-$K$42=0,1,0),if(L47-$L$42=0,1,0),if(M47-$M$42=0,1,0),if(N47-$N$42=0,1,0),if(O47-$O$42=0,1,0),if(P47-$P$42=0,1,0),if(Q47-$Q$42=0,1,0),if(R47-$R$42=0,1,0),if(S47-$S$42=0,1,0),if(T47-$T$42=0,1,0),if(U47-$U$42=0,1,0))} -> 5 | AD47: {=sum(if(D47-$D$42=1,1,0),if(E47-$E$42=1,1,0),if(F47-$F$42=1,1,0),if(G47-$G$42=1,1,0),if(H47-$H$42=1,1,0),if(I47-$I$42=1,1,0),if(J47-$J$42=1,1,0),if(K47-$K$42=1,1,0),if(L47-$L$42=1,1,0),if(M47-$M$42=1,1,0),if(N47-$N$42=1,1,0),if(O47-$O$42=1,1,0),if(P47-$P$42=1,1,0),if(Q47-$Q$42=1,1,0),if(R47-$R$42=1,1,0),if(S47-$S$42=1,1,0),if(T47-$T$42=1,1,0),if(U47-$U$42=1,1,0))} -> 7 | AE47: {=sum(if(D47-$D$42=2,1,0),if(E47-$E$42=2,1,0),if(F47-$F$42=2,1,0),if(G47-$G$42=2,1,0),if(H47-$H$42=2,1,0),if(I47-$I$42=2,1,0),if(J47-$J$42=2,1,0),if(K47-$K$42=2,1,0),if(L47-$L$42=2,1,0),if(M47-$M$42=2,1,0),if(N47-$N$42=2,1,0),if(O47-$O$42=2,1,0),if(P47-$P$42=2,1,0),if(Q47-$Q$42=2,1,0),if(R47-$R$42=2,1,0),if(S47-$S$42=2,1,0),if(T47-$T$42=2,1,0),if(U47-$U$42=2,1,0))} -> 1 | AF47: {=sum(if(D47-$D$42=3,1,0),if(E47-$E$42=3,1,0),if(F47-$F$42=3,1,0),if(G47-$G$42=3,1,0),if(H47-$H$42=3,1,0),if(I47-$I$42=3,1,0),if(J47-$J$42=3,1,0),if(K47-$K$42=3,1,0),if(L47-$L$42=3,1,0),if(M47-$M$42=3,1,0),if(N47-$N$42=3,1,0),if(O47-$O$42=3,1,0),if(P47-$P$42=3,1,0),if(Q47-$Q$42=3,1,0),if(R47-$R$42=3,1,0),if(S47-$S$42=3,1,0),if(T47-$T$42=3,1,0),if(U47-$U$42=3,1,0))} -> 3 | AG47: {=sum(if(D47-$D$42>3,1,0),if(E47-$E$42>3,1,0),if(F47-$F$42>3,1,0),if(G47-$G$42>3,1,0),if(H47-$H$42>3,1,0),if(I47-$I$42>3,1,0),if(J47-$J$42>3,1,0),if(K47-$K$42>3,1,0),if(L47-$L$42>3,1,0),if(M47-$M$42>3,1,0),if(N47-$N$42>3,1,0),if(O47-$O$42>3,1,0),if(P47-$P$42>3,1,0),if(Q47-$Q$42>3,1,0),if(R47-$R$42>3,1,0),if(S47-$S$42>3,1,0),if(T47-$T$42>3,1,0),if(U47-$U$42>3,1,0))} -> 1 | AH47: =sum(Z47:AG47) -> 18
A48: =SETUP!A10 -> Eric O | B48: {=if(A48="","",index(SETUP!E:E,match(A48,SETUP!A:A,0)))} -> 17 | D48: 5 | E48: 4 | F48: 5 | G48: 3 | H48: 6 | I48: 5 | J48: 7 | K48: 7 | L48: 6 | M48: 6 | N48: 6 | O48: 3 | P48: 5 | Q48: 5 | R48: 6 | S48: 5 | T48: 3 | U48: 4 | V48: =if(C48="WD","WD", SUM(D48:L48)) -> 48 | W48: =if(C48="WD","WD",SUM(M48:U48)) -> 43 | X48: =if(C48="WD","WD",IF(W48>0,V48+W48,"")) -> 91 | Y48: =if(C48="WD","WD",IF(W48=0,"",X48-B48)) -> 74 | Z48: {=sum(if(D48-$D$42=-3,1,0),if(E48-$E$42=-3,1,0),if(F48-$F$42=-3,1,0),if(G48-$G$42=-3,1,0),if(H48-$H$42=-3,1,0),if(I48-$I$42=-3,1,0),if(J48-$J$42=-3,1,0),if(K48-$K$42=-3,1,0),if(L48-$L$42=-3,1,0),if(M48-$M$42=-3,1,0),if(N48-$N$42=-3,1,0),if(O48-$O$42=-3,1,0),if(P48-$P$42=-3,1,0),if(Q48-$Q$42=-3,1,0),if(R48-$R$42=-3,1,0),if(S48-$S$42=-3,1,0),if(T48-$T$42=-3,1,0),if(U48-$U$42=-3,1,0))} -> 0 | AA48: {=sum(if(D48-$D$42=-2,1,0),if(E48-$E$42=-2,1,0),if(F48-$F$42=-2,1,0),if(G48-$G$42=-2,1,0),if(H48-$H$42=-2,1,0),if(I48-$I$42=-2,1,0),if(J48-$J$42=-2,1,0),if(K48-$K$42=-2,1,0),if(L48-$L$42=-2,1,0),if(M48-$M$42=-2,1,0),if(N48-$N$42=-2,1,0),if(O48-$O$42=-2,1,0),if(P48-$P$42=-2,1,0),if(Q48-$Q$42=-2,1,0),if(R48-$R$42=-2,1,0),if(S48-$S$42=-2,1,0),if(T48-$T$42=-2,1,0),if(U48-$U$42=-2,1,0))} -> 0 | AB48: {=sum(if(D48-$D$42=-1,1,0),if(E48-$E$42=-1,1,0),if(F48-$F$42=-1,1,0),if(G48-$G$42=-1,1,0),if(H48-$H$42=-1,1,0),if(I48-$I$42=-1,1,0),if(J48-$J$42=-1,1,0),if(K48-$K$42=-1,1,0),if(L48-$L$42=-1,1,0),if(M48-$M$42=-1,1,0),if(N48-$N$42=-1,1,0),if(O48-$O$42=-1,1,0),if(P48-$P$42=-1,1,0),if(Q48-$Q$42=-1,1,0),if(R48-$R$42=-1,1,0),if(S48-$S$42=-1,1,0),if(T48-$T$42=-1,1,0),if(U48-$U$42=-1,1,0))} -> 1 | AC48: {=sum(if(D48-$D$42=0,1,0),if(E48-$E$42=0,1,0),if(F48-$F$42=0,1,0),if(G48-$G$42=0,1,0),if(H48-$H$42=0,1,0),if(I48-$I$42=0,1,0),if(J48-$J$42=0,1,0),if(K48-$K$42=0,1,0),if(L48-$L$42=0,1,0),if(M48-$M$42=0,1,0),if(N48-$N$42=0,1,0),if(O48-$O$42=0,1,0),if(P48-$P$42=0,1,0),if(Q48-$Q$42=0,1,0),if(R48-$R$42=0,1,0),if(S48-$S$42=0,1,0),if(T48-$T$42=0,1,0),if(U48-$U$42=0,1,0))} -> 5 | AD48: {=sum(if(D48-$D$42=1,1,0),if(E48-$E$42=1,1,0),if(F48-$F$42=1,1,0),if(G48-$G$42=1,1,0),if(H48-$H$42=1,1,0),if(I48-$I$42=1,1,0),if(J48-$J$42=1,1,0),if(K48-$K$42=1,1,0),if(L48-$L$42=1,1,0),if(M48-$M$42=1,1,0),if(N48-$N$42=1,1,0),if(O48-$O$42=1,1,0),if(P48-$P$42=1,1,0),if(Q48-$Q$42=1,1,0),if(R48-$R$42=1,1,0),if(S48-$S$42=1,1,0),if(T48-$T$42=1,1,0),if(U48-$U$42=1,1,0))} -> 6 | AE48: {=sum(if(D48-$D$42=2,1,0),if(E48-$E$42=2,1,0),if(F48-$F$42=2,1,0),if(G48-$G$42=2,1,0),if(H48-$H$42=2,1,0),if(I48-$I$42=2,1,0),if(J48-$J$42=2,1,0),if(K48-$K$42=2,1,0),if(L48-$L$42=2,1,0),if(M48-$M$42=2,1,0),if(N48-$N$42=2,1,0),if(O48-$O$42=2,1,0),if(P48-$P$42=2,1,0),if(Q48-$Q$42=2,1,0),if(R48-$R$42=2,1,0),if(S48-$S$42=2,1,0),if(T48-$T$42=2,1,0),if(U48-$U$42=2,1,0))} -> 4 | AF48: {=sum(if(D48-$D$42=3,1,0),if(E48-$E$42=3,1,0),if(F48-$F$42=3,1,0),if(G48-$G$42=3,1,0),if(H48-$H$42=3,1,0),if(I48-$I$42=3,1,0),if(J48-$J$42=3,1,0),if(K48-$K$42=3,1,0),if(L48-$L$42=3,1,0),if(M48-$M$42=3,1,0),if(N48-$N$42=3,1,0),if(O48-$O$42=3,1,0),if(P48-$P$42=3,1,0),if(Q48-$Q$42=3,1,0),if(R48-$R$42=3,1,0),if(S48-$S$42=3,1,0),if(T48-$T$42=3,1,0),if(U48-$U$42=3,1,0))} -> 2 | AG48: {=sum(if(D48-$D$42>3,1,0),if(E48-$E$42>3,1,0),if(F48-$F$42>3,1,0),if(G48-$G$42>3,1,0),if(H48-$H$42>3,1,0),if(I48-$I$42>3,1,0),if(J48-$J$42>3,1,0),if(K48-$K$42>3,1,0),if(L48-$L$42>3,1,0),if(M48-$M$42>3,1,0),if(N48-$N$42>3,1,0),if(O48-$O$42>3,1,0),if(P48-$P$42>3,1,0),if(Q48-$Q$42>3,1,0),if(R48-$R$42>3,1,0),if(S48-$S$42>3,1,0),if(T48-$T$42>3,1,0),if(U48-$U$42>3,1,0))} -> 0 | AH48: =sum(Z48:AG48) -> 18
A49: =SETUP!A11 -> Jeff B | B49: {=if(A49="","",index(SETUP!E:E,match(A49,SETUP!A:A,0)))} -> 20 | D49: 7 | E49: 4 | F49: 7 | G49: 4 | H49: 6 | I49: 3 | J49: 7 | K49: 5 | L49: 4 | M49: 6 | N49: 9 | O49: 5 | P49: 7 | Q49: 5 | R49: 4 | S49: 5 | T49: 3 | U49: 5 | V49: =if(C49="WD","WD", SUM(D49:L49)) -> 47 | W49: =if(C49="WD","WD",SUM(M49:U49)) -> 49 | X49: =if(C49="WD","WD",IF(W49>0,V49+W49,"")) -> 96 | Y49: =if(C49="WD","WD",IF(W49=0,"",X49-B49)) -> 76 | Z49: {=sum(if(D49-$D$42=-3,1,0),if(E49-$E$42=-3,1,0),if(F49-$F$42=-3,1,0),if(G49-$G$42=-3,1,0),if(H49-$H$42=-3,1,0),if(I49-$I$42=-3,1,0),if(J49-$J$42=-3,1,0),if(K49-$K$42=-3,1,0),if(L49-$L$42=-3,1,0),if(M49-$M$42=-3,1,0),if(N49-$N$42=-3,1,0),if(O49-$O$42=-3,1,0),if(P49-$P$42=-3,1,0),if(Q49-$Q$42=-3,1,0),if(R49-$R$42=-3,1,0),if(S49-$S$42=-3,1,0),if(T49-$T$42=-3,1,0),if(U49-$U$42=-3,1,0))} -> 0 | AA49: {=sum(if(D49-$D$42=-2,1,0),if(E49-$E$42=-2,1,0),if(F49-$F$42=-2,1,0),if(G49-$G$42=-2,1,0),if(H49-$H$42=-2,1,0),if(I49-$I$42=-2,1,0),if(J49-$J$42=-2,1,0),if(K49-$K$42=-2,1,0),if(L49-$L$42=-2,1,0),if(M49-$M$42=-2,1,0),if(N49-$N$42=-2,1,0),if(O49-$O$42=-2,1,0),if(P49-$P$42=-2,1,0),if(Q49-$Q$42=-2,1,0),if(R49-$R$42=-2,1,0),if(S49-$S$42=-2,1,0),if(T49-$T$42=-2,1,0),if(U49-$U$42=-2,1,0))} -> 0 | AB49: {=sum(if(D49-$D$42=-1,1,0),if(E49-$E$42=-1,1,0),if(F49-$F$42=-1,1,0),if(G49-$G$42=-1,1,0),if(H49-$H$42=-1,1,0),if(I49-$I$42=-1,1,0),if(J49-$J$42=-1,1,0),if(K49-$K$42=-1,1,0),if(L49-$L$42=-1,1,0),if(M49-$M$42=-1,1,0),if(N49-$N$42=-1,1,0),if(O49-$O$42=-1,1,0),if(P49-$P$42=-1,1,0),if(Q49-$Q$42=-1,1,0),if(R49-$R$42=-1,1,0),if(S49-$S$42=-1,1,0),if(T49-$T$42=-1,1,0),if(U49-$U$42=-1,1,0))} -> 2 | AC49: {=sum(if(D49-$D$42=0,1,0),if(E49-$E$42=0,1,0),if(F49-$F$42=0,1,0),if(G49-$G$42=0,1,0),if(H49-$H$42=0,1,0),if(I49-$I$42=0,1,0),if(J49-$J$42=0,1,0),if(K49-$K$42=0,1,0),if(L49-$L$42=0,1,0),if(M49-$M$42=0,1,0),if(N49-$N$42=0,1,0),if(O49-$O$42=0,1,0),if(P49-$P$42=0,1,0),if(Q49-$Q$42=0,1,0),if(R49-$R$42=0,1,0),if(S49-$S$42=0,1,0),if(T49-$T$42=0,1,0),if(U49-$U$42=0,1,0))} -> 2 | AD49: {=sum(if(D49-$D$42=1,1,0),if(E49-$E$42=1,1,0),if(F49-$F$42=1,1,0),if(G49-$G$42=1,1,0),if(H49-$H$42=1,1,0),if(I49-$I$42=1,1,0),if(J49-$J$42=1,1,0),if(K49-$K$42=1,1,0),if(L49-$L$42=1,1,0),if(M49-$M$42=1,1,0),if(N49-$N$42=1,1,0),if(O49-$O$42=1,1,0),if(P49-$P$42=1,1,0),if(Q49-$Q$42=1,1,0),if(R49-$R$42=1,1,0),if(S49-$S$42=1,1,0),if(T49-$T$42=1,1,0),if(U49-$U$42=1,1,0))} -> 6 | AE49: {=sum(if(D49-$D$42=2,1,0),if(E49-$E$42=2,1,0),if(F49-$F$42=2,1,0),if(G49-$G$42=2,1,0),if(H49-$H$42=2,1,0),if(I49-$I$42=2,1,0),if(J49-$J$42=2,1,0),if(K49-$K$42=2,1,0),if(L49-$L$42=2,1,0),if(M49-$M$42=2,1,0),if(N49-$N$42=2,1,0),if(O49-$O$42=2,1,0),if(P49-$P$42=2,1,0),if(Q49-$Q$42=2,1,0),if(R49-$R$42=2,1,0),if(S49-$S$42=2,1,0),if(T49-$T$42=2,1,0),if(U49-$U$42=2,1,0))} -> 5 | AF49: {=sum(if(D49-$D$42=3,1,0),if(E49-$E$42=3,1,0),if(F49-$F$42=3,1,0),if(G49-$G$42=3,1,0),if(H49-$H$42=3,1,0),if(I49-$I$42=3,1,0),if(J49-$J$42=3,1,0),if(K49-$K$42=3,1,0),if(L49-$L$42=3,1,0),if(M49-$M$42=3,1,0),if(N49-$N$42=3,1,0),if(O49-$O$42=3,1,0),if(P49-$P$42=3,1,0),if(Q49-$Q$42=3,1,0),if(R49-$R$42=3,1,0),if(S49-$S$42=3,1,0),if(T49-$T$42=3,1,0),if(U49-$U$42=3,1,0))} -> 2 | AG49: {=sum(if(D49-$D$42>3,1,0),if(E49-$E$42>3,1,0),if(F49-$F$42>3,1,0),if(G49-$G$42>3,1,0),if(H49-$H$42>3,1,0),if(I49-$I$42>3,1,0),if(J49-$J$42>3,1,0),if(K49-$K$42>3,1,0),if(L49-$L$42>3,1,0),if(M49-$M$42>3,1,0),if(N49-$N$42>3,1,0),if(O49-$O$42>3,1,0),if(P49-$P$42>3,1,0),if(Q49-$Q$42>3,1,0),if(R49-$R$42>3,1,0),if(S49-$S$42>3,1,0),if(T49-$T$42>3,1,0),if(U49-$U$42>3,1,0))} -> 1 | AH49: =sum(Z49:AG49) -> 18
A50: =SETUP!A12 -> Joe S | B50: {=if(A50="","",index(SETUP!E:E,match(A50,SETUP!A:A,0)))} -> 13 | D50: 8 | E50: 5 | F50: 6 | G50: 3 | H50: 6 | I50: 5 | J50: 6 | K50: 5 | L50: 2 | M50: 6 | N50: 6 | O50: 4 | P50: 6 | Q50: 3 | R50: 4 | S50: 5 | T50: 5 | U50: 7 | V50: =if(C50="WD","WD", SUM(D50:L50)) -> 46 | W50: =if(C50="WD","WD",SUM(M50:U50)) -> 46 | X50: =if(C50="WD","WD",IF(W50>0,V50+W50,"")) -> 92 | Y50: =if(C50="WD","WD",IF(W50=0,"",X50-B50)) -> 79 | Z50: {=sum(if(D50-$D$42=-3,1,0),if(E50-$E$42=-3,1,0),if(F50-$F$42=-3,1,0),if(G50-$G$42=-3,1,0),if(H50-$H$42=-3,1,0),if(I50-$I$42=-3,1,0),if(J50-$J$42=-3,1,0),if(K50-$K$42=-3,1,0),if(L50-$L$42=-3,1,0),if(M50-$M$42=-3,1,0),if(N50-$N$42=-3,1,0),if(O50-$O$42=-3,1,0),if(P50-$P$42=-3,1,0),if(Q50-$Q$42=-3,1,0),if(R50-$R$42=-3,1,0),if(S50-$S$42=-3,1,0),if(T50-$T$42=-3,1,0),if(U50-$U$42=-3,1,0))} -> 0 | AA50: {=sum(if(D50-$D$42=-2,1,0),if(E50-$E$42=-2,1,0),if(F50-$F$42=-2,1,0),if(G50-$G$42=-2,1,0),if(H50-$H$42=-2,1,0),if(I50-$I$42=-2,1,0),if(J50-$J$42=-2,1,0),if(K50-$K$42=-2,1,0),if(L50-$L$42=-2,1,0),if(M50-$M$42=-2,1,0),if(N50-$N$42=-2,1,0),if(O50-$O$42=-2,1,0),if(P50-$P$42=-2,1,0),if(Q50-$Q$42=-2,1,0),if(R50-$R$42=-2,1,0),if(S50-$S$42=-2,1,0),if(T50-$T$42=-2,1,0),if(U50-$U$42=-2,1,0))} -> 0 | AB50: {=sum(if(D50-$D$42=-1,1,0),if(E50-$E$42=-1,1,0),if(F50-$F$42=-1,1,0),if(G50-$G$42=-1,1,0),if(H50-$H$42=-1,1,0),if(I50-$I$42=-1,1,0),if(J50-$J$42=-1,1,0),if(K50-$K$42=-1,1,0),if(L50-$L$42=-1,1,0),if(M50-$M$42=-1,1,0),if(N50-$N$42=-1,1,0),if(O50-$O$42=-1,1,0),if(P50-$P$42=-1,1,0),if(Q50-$Q$42=-1,1,0),if(R50-$R$42=-1,1,0),if(S50-$S$42=-1,1,0),if(T50-$T$42=-1,1,0),if(U50-$U$42=-1,1,0))} -> 1 | AC50: {=sum(if(D50-$D$42=0,1,0),if(E50-$E$42=0,1,0),if(F50-$F$42=0,1,0),if(G50-$G$42=0,1,0),if(H50-$H$42=0,1,0),if(I50-$I$42=0,1,0),if(J50-$J$42=0,1,0),if(K50-$K$42=0,1,0),if(L50-$L$42=0,1,0),if(M50-$M$42=0,1,0),if(N50-$N$42=0,1,0),if(O50-$O$42=0,1,0),if(P50-$P$42=0,1,0),if(Q50-$Q$42=0,1,0),if(R50-$R$42=0,1,0),if(S50-$S$42=0,1,0),if(T50-$T$42=0,1,0),if(U50-$U$42=0,1,0))} -> 4 | AD50: {=sum(if(D50-$D$42=1,1,0),if(E50-$E$42=1,1,0),if(F50-$F$42=1,1,0),if(G50-$G$42=1,1,0),if(H50-$H$42=1,1,0),if(I50-$I$42=1,1,0),if(J50-$J$42=1,1,0),if(K50-$K$42=1,1,0),if(L50-$L$42=1,1,0),if(M50-$M$42=1,1,0),if(N50-$N$42=1,1,0),if(O50-$O$42=1,1,0),if(P50-$P$42=1,1,0),if(Q50-$Q$42=1,1,0),if(R50-$R$42=1,1,0),if(S50-$S$42=1,1,0),if(T50-$T$42=1,1,0),if(U50-$U$42=1,1,0))} -> 8 | AE50: {=sum(if(D50-$D$42=2,1,0),if(E50-$E$42=2,1,0),if(F50-$F$42=2,1,0),if(G50-$G$42=2,1,0),if(H50-$H$42=2,1,0),if(I50-$I$42=2,1,0),if(J50-$J$42=2,1,0),if(K50-$K$42=2,1,0),if(L50-$L$42=2,1,0),if(M50-$M$42=2,1,0),if(N50-$N$42=2,1,0),if(O50-$O$42=2,1,0),if(P50-$P$42=2,1,0),if(Q50-$Q$42=2,1,0),if(R50-$R$42=2,1,0),if(S50-$S$42=2,1,0),if(T50-$T$42=2,1,0),if(U50-$U$42=2,1,0))} -> 3 | AF50: {=sum(if(D50-$D$42=3,1,0),if(E50-$E$42=3,1,0),if(F50-$F$42=3,1,0),if(G50-$G$42=3,1,0),if(H50-$H$42=3,1,0),if(I50-$I$42=3,1,0),if(J50-$J$42=3,1,0),if(K50-$K$42=3,1,0),if(L50-$L$42=3,1,0),if(M50-$M$42=3,1,0),if(N50-$N$42=3,1,0),if(O50-$O$42=3,1,0),if(P50-$P$42=3,1,0),if(Q50-$Q$42=3,1,0),if(R50-$R$42=3,1,0),if(S50-$S$42=3,1,0),if(T50-$T$42=3,1,0),if(U50-$U$42=3,1,0))} -> 1 | AG50: {=sum(if(D50-$D$42>3,1,0),if(E50-$E$42>3,1,0),if(F50-$F$42>3,1,0),if(G50-$G$42>3,1,0),if(H50-$H$42>3,1,0),if(I50-$I$42>3,1,0),if(J50-$J$42>3,1,0),if(K50-$K$42>3,1,0),if(L50-$L$42>3,1,0),if(M50-$M$42>3,1,0),if(N50-$N$42>3,1,0),if(O50-$O$42>3,1,0),if(P50-$P$42>3,1,0),if(Q50-$Q$42>3,1,0),if(R50-$R$42>3,1,0),if(S50-$S$42>3,1,0),if(T50-$T$42>3,1,0),if(U50-$U$42>3,1,0))} -> 1 | AH50: =sum(Z50:AG50) -> 18
A51: =SETUP!A13 -> John C | B51: {=if(A51="","",index(SETUP!E:E,match(A51,SETUP!A:A,0)))} -> 20 | D51: 4 | E51: 3 | F51: 6 | G51: 6 | H51: 6 | I51: 6 | J51: 6 | K51: 7 | L51: 3 | M51: 5 | N51: 6 | O51: 5 | P51: 6 | Q51: 5 | R51: 5 | S51: 6 | T51: 5 | U51: 6 | V51: =if(C51="WD","WD", SUM(D51:L51)) -> 47 | W51: =if(C51="WD","WD",SUM(M51:U51)) -> 49 | X51: =if(C51="WD","WD",IF(W51>0,V51+W51,"")) -> 96 | Y51: =if(C51="WD","WD",IF(W51=0,"",X51-B51)) -> 76 | Z51: {=sum(if(D51-$D$42=-3,1,0),if(E51-$E$42=-3,1,0),if(F51-$F$42=-3,1,0),if(G51-$G$42=-3,1,0),if(H51-$H$42=-3,1,0),if(I51-$I$42=-3,1,0),if(J51-$J$42=-3,1,0),if(K51-$K$42=-3,1,0),if(L51-$L$42=-3,1,0),if(M51-$M$42=-3,1,0),if(N51-$N$42=-3,1,0),if(O51-$O$42=-3,1,0),if(P51-$P$42=-3,1,0),if(Q51-$Q$42=-3,1,0),if(R51-$R$42=-3,1,0),if(S51-$S$42=-3,1,0),if(T51-$T$42=-3,1,0),if(U51-$U$42=-3,1,0))} -> 0 | AA51: {=sum(if(D51-$D$42=-2,1,0),if(E51-$E$42=-2,1,0),if(F51-$F$42=-2,1,0),if(G51-$G$42=-2,1,0),if(H51-$H$42=-2,1,0),if(I51-$I$42=-2,1,0),if(J51-$J$42=-2,1,0),if(K51-$K$42=-2,1,0),if(L51-$L$42=-2,1,0),if(M51-$M$42=-2,1,0),if(N51-$N$42=-2,1,0),if(O51-$O$42=-2,1,0),if(P51-$P$42=-2,1,0),if(Q51-$Q$42=-2,1,0),if(R51-$R$42=-2,1,0),if(S51-$S$42=-2,1,0),if(T51-$T$42=-2,1,0),if(U51-$U$42=-2,1,0))} -> 0 | AB51: {=sum(if(D51-$D$42=-1,1,0),if(E51-$E$42=-1,1,0),if(F51-$F$42=-1,1,0),if(G51-$G$42=-1,1,0),if(H51-$H$42=-1,1,0),if(I51-$I$42=-1,1,0),if(J51-$J$42=-1,1,0),if(K51-$K$42=-1,1,0),if(L51-$L$42=-1,1,0),if(M51-$M$42=-1,1,0),if(N51-$N$42=-1,1,0),if(O51-$O$42=-1,1,0),if(P51-$P$42=-1,1,0),if(Q51-$Q$42=-1,1,0),if(R51-$R$42=-1,1,0),if(S51-$S$42=-1,1,0),if(T51-$T$42=-1,1,0),if(U51-$U$42=-1,1,0))} -> 0 | AC51: {=sum(if(D51-$D$42=0,1,0),if(E51-$E$42=0,1,0),if(F51-$F$42=0,1,0),if(G51-$G$42=0,1,0),if(H51-$H$42=0,1,0),if(I51-$I$42=0,1,0),if(J51-$J$42=0,1,0),if(K51-$K$42=0,1,0),if(L51-$L$42=0,1,0),if(M51-$M$42=0,1,0),if(N51-$N$42=0,1,0),if(O51-$O$42=0,1,0),if(P51-$P$42=0,1,0),if(Q51-$Q$42=0,1,0),if(R51-$R$42=0,1,0),if(S51-$S$42=0,1,0),if(T51-$T$42=0,1,0),if(U51-$U$42=0,1,0))} -> 3 | AD51: {=sum(if(D51-$D$42=1,1,0),if(E51-$E$42=1,1,0),if(F51-$F$42=1,1,0),if(G51-$G$42=1,1,0),if(H51-$H$42=1,1,0),if(I51-$I$42=1,1,0),if(J51-$J$42=1,1,0),if(K51-$K$42=1,1,0),if(L51-$L$42=1,1,0),if(M51-$M$42=1,1,0),if(N51-$N$42=1,1,0),if(O51-$O$42=1,1,0),if(P51-$P$42=1,1,0),if(Q51-$Q$42=1,1,0),if(R51-$R$42=1,1,0),if(S51-$S$42=1,1,0),if(T51-$T$42=1,1,0),if(U51-$U$42=1,1,0))} -> 7 | AE51: {=sum(if(D51-$D$42=2,1,0),if(E51-$E$42=2,1,0),if(F51-$F$42=2,1,0),if(G51-$G$42=2,1,0),if(H51-$H$42=2,1,0),if(I51-$I$42=2,1,0),if(J51-$J$42=2,1,0),if(K51-$K$42=2,1,0),if(L51-$L$42=2,1,0),if(M51-$M$42=2,1,0),if(N51-$N$42=2,1,0),if(O51-$O$42=2,1,0),if(P51-$P$42=2,1,0),if(Q51-$Q$42=2,1,0),if(R51-$R$42=2,1,0),if(S51-$S$42=2,1,0),if(T51-$T$42=2,1,0),if(U51-$U$42=2,1,0))} -> 7 | AF51: {=sum(if(D51-$D$42=3,1,0),if(E51-$E$42=3,1,0),if(F51-$F$42=3,1,0),if(G51-$G$42=3,1,0),if(H51-$H$42=3,1,0),if(I51-$I$42=3,1,0),if(J51-$J$42=3,1,0),if(K51-$K$42=3,1,0),if(L51-$L$42=3,1,0),if(M51-$M$42=3,1,0),if(N51-$N$42=3,1,0),if(O51-$O$42=3,1,0),if(P51-$P$42=3,1,0),if(Q51-$Q$42=3,1,0),if(R51-$R$42=3,1,0),if(S51-$S$42=3,1,0),if(T51-$T$42=3,1,0),if(U51-$U$42=3,1,0))} -> 1 | AG51: {=sum(if(D51-$D$42>3,1,0),if(E51-$E$42>3,1,0),if(F51-$F$42>3,1,0),if(G51-$G$42>3,1,0),if(H51-$H$42>3,1,0),if(I51-$I$42>3,1,0),if(J51-$J$42>3,1,0),if(K51-$K$42>3,1,0),if(L51-$L$42>3,1,0),if(M51-$M$42>3,1,0),if(N51-$N$42>3,1,0),if(O51-$O$42>3,1,0),if(P51-$P$42>3,1,0),if(Q51-$Q$42>3,1,0),if(R51-$R$42>3,1,0),if(S51-$S$42>3,1,0),if(T51-$T$42>3,1,0),if(U51-$U$42>3,1,0))} -> 0 | AH51: =sum(Z51:AG51) -> 18
A52: =SETUP!A14 -> Ray H | B52: {=if(A52="","",index(SETUP!E:E,match(A52,SETUP!A:A,0)))} -> 20 | D52: 5 | E52: 4 | F52: 7 | G52: 4 | H52: 7 | I52: 6 | J52: 5 | K52: 6 | L52: 3 | M52: 5 | N52: 8 | O52: 4 | P52: 6 | Q52: 6 | R52: 6 | S52: 6 | T52: 4 | U52: 5 | V52: =if(C52="WD","WD", SUM(D52:L52)) -> 47 | W52: =if(C52="WD","WD",SUM(M52:U52)) -> 50 | X52: =if(C52="WD","WD",IF(W52>0,V52+W52,"")) -> 97 | Y52: =if(C52="WD","WD",IF(W52=0,"",X52-B52)) -> 77 | Z52: {=sum(if(D52-$D$42=-3,1,0),if(E52-$E$42=-3,1,0),if(F52-$F$42=-3,1,0),if(G52-$G$42=-3,1,0),if(H52-$H$42=-3,1,0),if(I52-$I$42=-3,1,0),if(J52-$J$42=-3,1,0),if(K52-$K$42=-3,1,0),if(L52-$L$42=-3,1,0),if(M52-$M$42=-3,1,0),if(N52-$N$42=-3,1,0),if(O52-$O$42=-3,1,0),if(P52-$P$42=-3,1,0),if(Q52-$Q$42=-3,1,0),if(R52-$R$42=-3,1,0),if(S52-$S$42=-3,1,0),if(T52-$T$42=-3,1,0),if(U52-$U$42=-3,1,0))} -> 0 | AA52: {=sum(if(D52-$D$42=-2,1,0),if(E52-$E$42=-2,1,0),if(F52-$F$42=-2,1,0),if(G52-$G$42=-2,1,0),if(H52-$H$42=-2,1,0),if(I52-$I$42=-2,1,0),if(J52-$J$42=-2,1,0),if(K52-$K$42=-2,1,0),if(L52-$L$42=-2,1,0),if(M52-$M$42=-2,1,0),if(N52-$N$42=-2,1,0),if(O52-$O$42=-2,1,0),if(P52-$P$42=-2,1,0),if(Q52-$Q$42=-2,1,0),if(R52-$R$42=-2,1,0),if(S52-$S$42=-2,1,0),if(T52-$T$42=-2,1,0),if(U52-$U$42=-2,1,0))} -> 0 | AB52: {=sum(if(D52-$D$42=-1,1,0),if(E52-$E$42=-1,1,0),if(F52-$F$42=-1,1,0),if(G52-$G$42=-1,1,0),if(H52-$H$42=-1,1,0),if(I52-$I$42=-1,1,0),if(J52-$J$42=-1,1,0),if(K52-$K$42=-1,1,0),if(L52-$L$42=-1,1,0),if(M52-$M$42=-1,1,0),if(N52-$N$42=-1,1,0),if(O52-$O$42=-1,1,0),if(P52-$P$42=-1,1,0),if(Q52-$Q$42=-1,1,0),if(R52-$R$42=-1,1,0),if(S52-$S$42=-1,1,0),if(T52-$T$42=-1,1,0),if(U52-$U$42=-1,1,0))} -> 0 | AC52: {=sum(if(D52-$D$42=0,1,0),if(E52-$E$42=0,1,0),if(F52-$F$42=0,1,0),if(G52-$G$42=0,1,0),if(H52-$H$42=0,1,0),if(I52-$I$42=0,1,0),if(J52-$J$42=0,1,0),if(K52-$K$42=0,1,0),if(L52-$L$42=0,1,0),if(M52-$M$42=0,1,0),if(N52-$N$42=0,1,0),if(O52-$O$42=0,1,0),if(P52-$P$42=0,1,0),if(Q52-$Q$42=0,1,0),if(R52-$R$42=0,1,0),if(S52-$S$42=0,1,0),if(T52-$T$42=0,1,0),if(U52-$U$42=0,1,0))} -> 2 | AD52: {=sum(if(D52-$D$42=1,1,0),if(E52-$E$42=1,1,0),if(F52-$F$42=1,1,0),if(G52-$G$42=1,1,0),if(H52-$H$42=1,1,0),if(I52-$I$42=1,1,0),if(J52-$J$42=1,1,0),if(K52-$K$42=1,1,0),if(L52-$L$42=1,1,0),if(M52-$M$42=1,1,0),if(N52-$N$42=1,1,0),if(O52-$O$42=1,1,0),if(P52-$P$42=1,1,0),if(Q52-$Q$42=1,1,0),if(R52-$R$42=1,1,0),if(S52-$S$42=1,1,0),if(T52-$T$42=1,1,0),if(U52-$U$42=1,1,0))} -> 9 | AE52: {=sum(if(D52-$D$42=2,1,0),if(E52-$E$42=2,1,0),if(F52-$F$42=2,1,0),if(G52-$G$42=2,1,0),if(H52-$H$42=2,1,0),if(I52-$I$42=2,1,0),if(J52-$J$42=2,1,0),if(K52-$K$42=2,1,0),if(L52-$L$42=2,1,0),if(M52-$M$42=2,1,0),if(N52-$N$42=2,1,0),if(O52-$O$42=2,1,0),if(P52-$P$42=2,1,0),if(Q52-$Q$42=2,1,0),if(R52-$R$42=2,1,0),if(S52-$S$42=2,1,0),if(T52-$T$42=2,1,0),if(U52-$U$42=2,1,0))} -> 5 | AF52: {=sum(if(D52-$D$42=3,1,0),if(E52-$E$42=3,1,0),if(F52-$F$42=3,1,0),if(G52-$G$42=3,1,0),if(H52-$H$42=3,1,0),if(I52-$I$42=3,1,0),if(J52-$J$42=3,1,0),if(K52-$K$42=3,1,0),if(L52-$L$42=3,1,0),if(M52-$M$42=3,1,0),if(N52-$N$42=3,1,0),if(O52-$O$42=3,1,0),if(P52-$P$42=3,1,0),if(Q52-$Q$42=3,1,0),if(R52-$R$42=3,1,0),if(S52-$S$42=3,1,0),if(T52-$T$42=3,1,0),if(U52-$U$42=3,1,0))} -> 2 | AG52: {=sum(if(D52-$D$42>3,1,0),if(E52-$E$42>3,1,0),if(F52-$F$42>3,1,0),if(G52-$G$42>3,1,0),if(H52-$H$42>3,1,0),if(I52-$I$42>3,1,0),if(J52-$J$42>3,1,0),if(K52-$K$42>3,1,0),if(L52-$L$42>3,1,0),if(M52-$M$42>3,1,0),if(N52-$N$42>3,1,0),if(O52-$O$42>3,1,0),if(P52-$P$42>3,1,0),if(Q52-$Q$42>3,1,0),if(R52-$R$42>3,1,0),if(S52-$S$42>3,1,0),if(T52-$T$42>3,1,0),if(U52-$U$42>3,1,0))} -> 0 | AH52: =sum(Z52:AG52) -> 18
A53: =SETUP!A15 -> Russ W | B53: {=if(A53="","",index(SETUP!E:E,match(A53,SETUP!A:A,0)))} -> 14 | D53: 8 | E53: 5 | F53: 9 | G53: 5 | H53: 7 | I53: 6 | J53: 5 | K53: 5 | L53: 5 | M53: 5 | N53: 6 | O53: 4 | P53: 5 | Q53: 5 | R53: 7 | S53: 4 | T53: 3 | U53: 5 | V53: =if(C53="WD","WD", SUM(D53:L53)) -> 55 | W53: =if(C53="WD","WD",SUM(M53:U53)) -> 44 | X53: =if(C53="WD","WD",IF(W53>0,V53+W53,"")) -> 99 | Y53: =if(C53="WD","WD",IF(W53=0,"",X53-B53)) -> 85 | Z53: {=sum(if(D53-$D$42=-3,1,0),if(E53-$E$42=-3,1,0),if(F53-$F$42=-3,1,0),if(G53-$G$42=-3,1,0),if(H53-$H$42=-3,1,0),if(I53-$I$42=-3,1,0),if(J53-$J$42=-3,1,0),if(K53-$K$42=-3,1,0),if(L53-$L$42=-3,1,0),if(M53-$M$42=-3,1,0),if(N53-$N$42=-3,1,0),if(O53-$O$42=-3,1,0),if(P53-$P$42=-3,1,0),if(Q53-$Q$42=-3,1,0),if(R53-$R$42=-3,1,0),if(S53-$S$42=-3,1,0),if(T53-$T$42=-3,1,0),if(U53-$U$42=-3,1,0))} -> 0 | AA53: {=sum(if(D53-$D$42=-2,1,0),if(E53-$E$42=-2,1,0),if(F53-$F$42=-2,1,0),if(G53-$G$42=-2,1,0),if(H53-$H$42=-2,1,0),if(I53-$I$42=-2,1,0),if(J53-$J$42=-2,1,0),if(K53-$K$42=-2,1,0),if(L53-$L$42=-2,1,0),if(M53-$M$42=-2,1,0),if(N53-$N$42=-2,1,0),if(O53-$O$42=-2,1,0),if(P53-$P$42=-2,1,0),if(Q53-$Q$42=-2,1,0),if(R53-$R$42=-2,1,0),if(S53-$S$42=-2,1,0),if(T53-$T$42=-2,1,0),if(U53-$U$42=-2,1,0))} -> 0 | AB53: {=sum(if(D53-$D$42=-1,1,0),if(E53-$E$42=-1,1,0),if(F53-$F$42=-1,1,0),if(G53-$G$42=-1,1,0),if(H53-$H$42=-1,1,0),if(I53-$I$42=-1,1,0),if(J53-$J$42=-1,1,0),if(K53-$K$42=-1,1,0),if(L53-$L$42=-1,1,0),if(M53-$M$42=-1,1,0),if(N53-$N$42=-1,1,0),if(O53-$O$42=-1,1,0),if(P53-$P$42=-1,1,0),if(Q53-$Q$42=-1,1,0),if(R53-$R$42=-1,1,0),if(S53-$S$42=-1,1,0),if(T53-$T$42=-1,1,0),if(U53-$U$42=-1,1,0))} -> 1 | AC53: {=sum(if(D53-$D$42=0,1,0),if(E53-$E$42=0,1,0),if(F53-$F$42=0,1,0),if(G53-$G$42=0,1,0),if(H53-$H$42=0,1,0),if(I53-$I$42=0,1,0),if(J53-$J$42=0,1,0),if(K53-$K$42=0,1,0),if(L53-$L$42=0,1,0),if(M53-$M$42=0,1,0),if(N53-$N$42=0,1,0),if(O53-$O$42=0,1,0),if(P53-$P$42=0,1,0),if(Q53-$Q$42=0,1,0),if(R53-$R$42=0,1,0),if(S53-$S$42=0,1,0),if(T53-$T$42=0,1,0),if(U53-$U$42=0,1,0))} -> 3 | AD53: {=sum(if(D53-$D$42=1,1,0),if(E53-$E$42=1,1,0),if(F53-$F$42=1,1,0),if(G53-$G$42=1,1,0),if(H53-$H$42=1,1,0),if(I53-$I$42=1,1,0),if(J53-$J$42=1,1,0),if(K53-$K$42=1,1,0),if(L53-$L$42=1,1,0),if(M53-$M$42=1,1,0),if(N53-$N$42=1,1,0),if(O53-$O$42=1,1,0),if(P53-$P$42=1,1,0),if(Q53-$Q$42=1,1,0),if(R53-$R$42=1,1,0),if(S53-$S$42=1,1,0),if(T53-$T$42=1,1,0),if(U53-$U$42=1,1,0))} -> 5 | AE53: {=sum(if(D53-$D$42=2,1,0),if(E53-$E$42=2,1,0),if(F53-$F$42=2,1,0),if(G53-$G$42=2,1,0),if(H53-$H$42=2,1,0),if(I53-$I$42=2,1,0),if(J53-$J$42=2,1,0),if(K53-$K$42=2,1,0),if(L53-$L$42=2,1,0),if(M53-$M$42=2,1,0),if(N53-$N$42=2,1,0),if(O53-$O$42=2,1,0),if(P53-$P$42=2,1,0),if(Q53-$Q$42=2,1,0),if(R53-$R$42=2,1,0),if(S53-$S$42=2,1,0),if(T53-$T$42=2,1,0),if(U53-$U$42=2,1,0))} -> 6 | AF53: {=sum(if(D53-$D$42=3,1,0),if(E53-$E$42=3,1,0),if(F53-$F$42=3,1,0),if(G53-$G$42=3,1,0),if(H53-$H$42=3,1,0),if(I53-$I$42=3,1,0),if(J53-$J$42=3,1,0),if(K53-$K$42=3,1,0),if(L53-$L$42=3,1,0),if(M53-$M$42=3,1,0),if(N53-$N$42=3,1,0),if(O53-$O$42=3,1,0),if(P53-$P$42=3,1,0),if(Q53-$Q$42=3,1,0),if(R53-$R$42=3,1,0),if(S53-$S$42=3,1,0),if(T53-$T$42=3,1,0),if(U53-$U$42=3,1,0))} -> 1 | AG53: {=sum(if(D53-$D$42>3,1,0),if(E53-$E$42>3,1,0),if(F53-$F$42>3,1,0),if(G53-$G$42>3,1,0),if(H53-$H$42>3,1,0),if(I53-$I$42>3,1,0),if(J53-$J$42>3,1,0),if(K53-$K$42>3,1,0),if(L53-$L$42>3,1,0),if(M53-$M$42>3,1,0),if(N53-$N$42>3,1,0),if(O53-$O$42>3,1,0),if(P53-$P$42>3,1,0),if(Q53-$Q$42>3,1,0),if(R53-$R$42>3,1,0),if(S53-$S$42>3,1,0),if(T53-$T$42>3,1,0),if(U53-$U$42>3,1,0))} -> 2 | AH53: =sum(Z53:AG53) -> 18
A54: =SETUP!A16 -> Scott R | B54: {=if(A54="","",index(SETUP!E:E,match(A54,SETUP!A:A,0)))} -> 7 | D54: 4 | E54: 3 | F54: 5 | G54: 2 | H54: 4 | I54: 5 | J54: 4 | K54: 8 | L54: 5 | M54: 6 | N54: 6 | O54: 4 | P54: 5 | Q54: 4 | R54: 3 | S54: 4 | T54: 3 | U54: 7 | V54: =if(C54="WD","WD", SUM(D54:L54)) -> 40 | W54: =if(C54="WD","WD",SUM(M54:U54)) -> 42 | X54: =if(C54="WD","WD",IF(W54>0,V54+W54,"")) -> 82 | Y54: =if(C54="WD","WD",IF(W54=0,"",X54-B54)) -> 75 | Z54: {=sum(if(D54-$D$42=-3,1,0),if(E54-$E$42=-3,1,0),if(F54-$F$42=-3,1,0),if(G54-$G$42=-3,1,0),if(H54-$H$42=-3,1,0),if(I54-$I$42=-3,1,0),if(J54-$J$42=-3,1,0),if(K54-$K$42=-3,1,0),if(L54-$L$42=-3,1,0),if(M54-$M$42=-3,1,0),if(N54-$N$42=-3,1,0),if(O54-$O$42=-3,1,0),if(P54-$P$42=-3,1,0),if(Q54-$Q$42=-3,1,0),if(R54-$R$42=-3,1,0),if(S54-$S$42=-3,1,0),if(T54-$T$42=-3,1,0),if(U54-$U$42=-3,1,0))} -> 0 | AA54: {=sum(if(D54-$D$42=-2,1,0),if(E54-$E$42=-2,1,0),if(F54-$F$42=-2,1,0),if(G54-$G$42=-2,1,0),if(H54-$H$42=-2,1,0),if(I54-$I$42=-2,1,0),if(J54-$J$42=-2,1,0),if(K54-$K$42=-2,1,0),if(L54-$L$42=-2,1,0),if(M54-$M$42=-2,1,0),if(N54-$N$42=-2,1,0),if(O54-$O$42=-2,1,0),if(P54-$P$42=-2,1,0),if(Q54-$Q$42=-2,1,0),if(R54-$R$42=-2,1,0),if(S54-$S$42=-2,1,0),if(T54-$T$42=-2,1,0),if(U54-$U$42=-2,1,0))} -> 0 | AB54: {=sum(if(D54-$D$42=-1,1,0),if(E54-$E$42=-1,1,0),if(F54-$F$42=-1,1,0),if(G54-$G$42=-1,1,0),if(H54-$H$42=-1,1,0),if(I54-$I$42=-1,1,0),if(J54-$J$42=-1,1,0),if(K54-$K$42=-1,1,0),if(L54-$L$42=-1,1,0),if(M54-$M$42=-1,1,0),if(N54-$N$42=-1,1,0),if(O54-$O$42=-1,1,0),if(P54-$P$42=-1,1,0),if(Q54-$Q$42=-1,1,0),if(R54-$R$42=-1,1,0),if(S54-$S$42=-1,1,0),if(T54-$T$42=-1,1,0),if(U54-$U$42=-1,1,0))} -> 4 | AC54: {=sum(if(D54-$D$42=0,1,0),if(E54-$E$42=0,1,0),if(F54-$F$42=0,1,0),if(G54-$G$42=0,1,0),if(H54-$H$42=0,1,0),if(I54-$I$42=0,1,0),if(J54-$J$42=0,1,0),if(K54-$K$42=0,1,0),if(L54-$L$42=0,1,0),if(M54-$M$42=0,1,0),if(N54-$N$42=0,1,0),if(O54-$O$42=0,1,0),if(P54-$P$42=0,1,0),if(Q54-$Q$42=0,1,0),if(R54-$R$42=0,1,0),if(S54-$S$42=0,1,0),if(T54-$T$42=0,1,0),if(U54-$U$42=0,1,0))} -> 6 | AD54: {=sum(if(D54-$D$42=1,1,0),if(E54-$E$42=1,1,0),if(F54-$F$42=1,1,0),if(G54-$G$42=1,1,0),if(H54-$H$42=1,1,0),if(I54-$I$42=1,1,0),if(J54-$J$42=1,1,0),if(K54-$K$42=1,1,0),if(L54-$L$42=1,1,0),if(M54-$M$42=1,1,0),if(N54-$N$42=1,1,0),if(O54-$O$42=1,1,0),if(P54-$P$42=1,1,0),if(Q54-$Q$42=1,1,0),if(R54-$R$42=1,1,0),if(S54-$S$42=1,1,0),if(T54-$T$42=1,1,0),if(U54-$U$42=1,1,0))} -> 4 | AE54: {=sum(if(D54-$D$42=2,1,0),if(E54-$E$42=2,1,0),if(F54-$F$42=2,1,0),if(G54-$G$42=2,1,0),if(H54-$H$42=2,1,0),if(I54-$I$42=2,1,0),if(J54-$J$42=2,1,0),if(K54-$K$42=2,1,0),if(L54-$L$42=2,1,0),if(M54-$M$42=2,1,0),if(N54-$N$42=2,1,0),if(O54-$O$42=2,1,0),if(P54-$P$42=2,1,0),if(Q54-$Q$42=2,1,0),if(R54-$R$42=2,1,0),if(S54-$S$42=2,1,0),if(T54-$T$42=2,1,0),if(U54-$U$42=2,1,0))} -> 2 | AF54: {=sum(if(D54-$D$42=3,1,0),if(E54-$E$42=3,1,0),if(F54-$F$42=3,1,0),if(G54-$G$42=3,1,0),if(H54-$H$42=3,1,0),if(I54-$I$42=3,1,0),if(J54-$J$42=3,1,0),if(K54-$K$42=3,1,0),if(L54-$L$42=3,1,0),if(M54-$M$42=3,1,0),if(N54-$N$42=3,1,0),if(O54-$O$42=3,1,0),if(P54-$P$42=3,1,0),if(Q54-$Q$42=3,1,0),if(R54-$R$42=3,1,0),if(S54-$S$42=3,1,0),if(T54-$T$42=3,1,0),if(U54-$U$42=3,1,0))} -> 2 | AG54: {=sum(if(D54-$D$42>3,1,0),if(E54-$E$42>3,1,0),if(F54-$F$42>3,1,0),if(G54-$G$42>3,1,0),if(H54-$H$42>3,1,0),if(I54-$I$42>3,1,0),if(J54-$J$42>3,1,0),if(K54-$K$42>3,1,0),if(L54-$L$42>3,1,0),if(M54-$M$42>3,1,0),if(N54-$N$42>3,1,0),if(O54-$O$42>3,1,0),if(P54-$P$42>3,1,0),if(Q54-$Q$42>3,1,0),if(R54-$R$42>3,1,0),if(S54-$S$42>3,1,0),if(T54-$T$42>3,1,0),if(U54-$U$42>3,1,0))} -> 0 | AH54: =sum(Z54:AG54) -> 18
C55: SKIN | D55: {=IF(SUM(IF(IF('Betting SETUP'!$D$5:$D$16="Y", D43:D54, 10)=MIN(IF('Betting SETUP'!$D$5:$D$16="Y", D43:D54, 10)), 1, 0)) > 1, "", INDEX('Betting SETUP'!$A$5:$A$16,MATCH(MIN(IF('Betting SETUP'!$D$5:$D$16="Y",D43:D54,10)),IF('Betting SETUP'!$D$5:$D$16="Y",D43:D54,10),0)))} | E55: {=IF(SUM(IF(IF('Betting SETUP'!$D$5:$D$16="Y", E43:E54, 10)=MIN(IF('Betting SETUP'!$D$5:$D$16="Y", E43:E54, 10)), 1, 0)) > 1, "", INDEX('Betting SETUP'!$A$5:$A$16,MATCH(MIN(IF('Betting SETUP'!$D$5:$D$16="Y",E43:E54,10)),IF('Betting SETUP'!$D$5:$D$16="Y",E43:E54,10),0)))} -> Brian K | F55: {=IF(SUM(IF(IF('Betting SETUP'!$D$5:$D$16="Y", F43:F54, 10)=MIN(IF('Betting SETUP'!$D$5:$D$16="Y", F43:F54, 10)), 1, 0)) > 1, "", INDEX('Betting SETUP'!$A$5:$A$16,MATCH(MIN(IF('Betting SETUP'!$D$5:$D$16="Y",F43:F54,10)),IF('Betting SETUP'!$D$5:$D$16="Y",F43:F54,10),0)))} -> Dave K | G55: {=IF(SUM(IF(IF('Betting SETUP'!$D$5:$D$16="Y", G43:G54, 10)=MIN(IF('Betting SETUP'!$D$5:$D$16="Y", G43:G54, 10)), 1, 0)) > 1, "", INDEX('Betting SETUP'!$A$5:$A$16,MATCH(MIN(IF('Betting SETUP'!$D$5:$D$16="Y",G43:G54,10)),IF('Betting SETUP'!$D$5:$D$16="Y",G43:G54,10),0)))} -> Scott R | H55: {=IF(SUM(IF(IF('Betting SETUP'!$D$5:$D$16="Y", H43:H54, 10)=MIN(IF('Betting SETUP'!$D$5:$D$16="Y", H43:H54, 10)), 1, 0)) > 1, "", INDEX('Betting SETUP'!$A$5:$A$16,MATCH(MIN(IF('Betting SETUP'!$D$5:$D$16="Y",H43:H54,10)),IF('Betting SETUP'!$D$5:$D$16="Y",H43:H54,10),0)))} | I55: {=IF(SUM(IF(IF('Betting SETUP'!$D$5:$D$16="Y", I43:I54, 10)=MIN(IF('Betting SETUP'!$D$5:$D$16="Y", I43:I54, 10)), 1, 0)) > 1, "", INDEX('Betting SETUP'!$A$5:$A$16,MATCH(MIN(IF('Betting SETUP'!$D$5:$D$16="Y",I43:I54,10)),IF('Betting SETUP'!$D$5:$D$16="Y",I43:I54,10),0)))} -> Jeff B | J55: {=IF(SUM(IF(IF('Betting SETUP'!$D$5:$D$16="Y", J43:J54, 10)=MIN(IF('Betting SETUP'!$D$5:$D$16="Y", J43:J54, 10)), 1, 0)) > 1, "", INDEX('Betting SETUP'!$A$5:$A$16,MATCH(MIN(IF('Betting SETUP'!$D$5:$D$16="Y",J43:J54,10)),IF('Betting SETUP'!$D$5:$D$16="Y",J43:J54,10),0)))} | K55: {=IF(SUM(IF(IF('Betting SETUP'!$D$5:$D$16="Y", K43:K54, 10)=MIN(IF('Betting SETUP'!$D$5:$D$16="Y", K43:K54, 10)), 1, 0)) > 1, "", INDEX('Betting SETUP'!$A$5:$A$16,MATCH(MIN(IF('Betting SETUP'!$D$5:$D$16="Y",K43:K54,10)),IF('Betting SETUP'!$D$5:$D$16="Y",K43:K54,10),0)))} | ... U55: {=IF(SUM(IF(IF('Betting SETUP'!$D$5:$D$16="Y", U43:U54, 10)=MIN(IF('Betting SETUP'!$D$5:$D$16="Y", U43:U54, 10)), 1, 0)) > 1, "", INDEX('Betting SETUP'!$A$5:$A$16,MATCH(MIN(IF('Betting SETUP'!$D$5:$D$16="Y",U43:U54,10)),IF('Betting SETUP'!$D$5:$D$16="Y",U43:U54,10),0)))} | X55: =18-COUNTBLANK(D55:U55) -> 7
C56: CTP | E56: Bob B | G56: Scott R | L56: Joe S | O56: Eric O | Q56: Joe S | X56: =COUNTA(D56:U56) -> 5
C58: =SETUP!F1 -> THE LAKES | X58: =SETUP!F2 -> 70.8 | Y58: =SETUP!F3 -> 136
C59: Hole | D59: 1 | E59: 2 | F59: 3 | G59: 4 | H59: 5 | I59: 6 | J59: 7 | K59: 8 | L59: 9 | M59: 10 | N59: 11 | O59: 12 | P59: 13 | Q59: 14 | R59: 15 | S59: 16 | T59: 17 | U59: 18 | V59: OUT | W59: IN | X59: TOTAL | Y59: NET
C60: Handi | D60: =SETUP!I15 -> 13 | E60: =SETUP!J15 -> 7 | F60: =SETUP!K15 -> 11 | G60: =SETUP!L15 -> 1 | H60: =SETUP!M15 -> 5 | I60: =SETUP!N15 -> 15 | J60: =SETUP!O15 -> 17 | K60: =SETUP!P15 -> 9 | ... U60: =SETUP!Z15 -> 4
A61: Player | B61: Handi | C61: Par | D61: =SETUP!I16 -> 4 | E61: =SETUP!J16 -> 5 | F61: =SETUP!K16 -> 3 | G61: =SETUP!L16 -> 4 | H61: =SETUP!M16 -> 5 | I61: =SETUP!N16 -> 3 | J61: =SETUP!O16 -> 4 | K61: =SETUP!P16 -> 4 | ... U61: =SETUP!Z16 -> 5 | V61: =SUM(D61:L61) -> 37 | W61: =SUM(M61:U61) -> 35 | X61: =V61+W61 -> 72 | Z61: Alb | AA61: Eagle | AB61: Birdie | AC61: Par | AD61: Bogey | AE61: Double | AF61: Triple | AG61: Quad+
A62: =SETUP!A5 -> Aaron J | B62: {=if(A62="","",index(SETUP!F:F,match(A62,SETUP!A:A,0)))} -> 7 | D62: 6 | E62: 4 | F62: 6 | G62: 5 | H62: 6 | I62: 4 | J62: 5 | K62: 6 | L62: 6 | M62: 3 | N62: 7 | O62: 3 | P62: 4 | Q62: 5 | R62: 5 | S62: 4 | T62: 3 | U62: 5 | V62: =if(C62="WD","WD", SUM(D62:L62)) -> 48 | W62: =if(C62="WD","WD",SUM(M62:U62)) -> 39 | X62: =if(C62="WD","WD",IF(W62>0,V62+W62,"")) -> 87 | Y62: =if(C62="WD","WD",IF(W62=0,"",X62-B62)) -> 80 | Z62: {=sum(if(D62-$D$61=-3,1,0),if(E62-$E$61=-3,1,0),if(F62-$F$61=-3,1,0),if(G62-$G$61=-3,1,0),if(H62-$H$61=-3,1,0),if(I62-$I$61=-3,1,0),if(J62-$J$61=-3,1,0),if(K62-$K$61=-3,1,0),if(L62-$L$61=-3,1,0),if(M62-$M$61=-3,1,0),if(N62-$N$61=-3,1,0),if(O62-$O$61=-3,1,0),if(P62-$P$61=-3,1,0),if(Q62-$Q$61=-3,1,0),if(R62-$R$61=-3,1,0),if(S62-$S$61=-3,1,0),if(T62-$T$61=-3,1,0),if(U62-$U$61=-3,1,0))} -> 0 | AA62: {=sum(if(D62-$D$61=-2,1,0),if(E62-$E$61=-2,1,0),if(F62-$F$61=-2,1,0),if(G62-$G$61=-2,1,0),if(H62-$H$61=-2,1,0),if(I62-$I$61=-2,1,0),if(J62-$J$61=-2,1,0),if(K62-$K$61=-2,1,0),if(L62-$L$61=-2,1,0),if(M62-$M$61=-2,1,0),if(N62-$N$61=-2,1,0),if(O62-$O$61=-2,1,0),if(P62-$P$61=-2,1,0),if(Q62-$Q$61=-2,1,0),if(R62-$R$61=-2,1,0),if(S62-$S$61=-2,1,0),if(T62-$T$61=-2,1,0),if(U62-$U$61=-2,1,0))} -> 0 | AB62: {=sum(if(D62-$D$61=-1,1,0),if(E62-$E$61=-1,1,0),if(F62-$F$61=-1,1,0),if(G62-$G$61=-1,1,0),if(H62-$H$61=-1,1,0),if(I62-$I$61=-1,1,0),if(J62-$J$61=-1,1,0),if(K62-$K$61=-1,1,0),if(L62-$L$61=-1,1,0),if(M62-$M$61=-1,1,0),if(N62-$N$61=-1,1,0),if(O62-$O$61=-1,1,0),if(P62-$P$61=-1,1,0),if(Q62-$Q$61=-1,1,0),if(R62-$R$61=-1,1,0),if(S62-$S$61=-1,1,0),if(T62-$T$61=-1,1,0),if(U62-$U$61=-1,1,0))} -> 1 | AC62: {=sum(if(D62-$D$61=0,1,0),if(E62-$E$61=0,1,0),if(F62-$F$61=0,1,0),if(G62-$G$61=0,1,0),if(H62-$H$61=0,1,0),if(I62-$I$61=0,1,0),if(J62-$J$61=0,1,0),if(K62-$K$61=0,1,0),if(L62-$L$61=0,1,0),if(M62-$M$61=0,1,0),if(N62-$N$61=0,1,0),if(O62-$O$61=0,1,0),if(P62-$P$61=0,1,0),if(Q62-$Q$61=0,1,0),if(R62-$R$61=0,1,0),if(S62-$S$61=0,1,0),if(T62-$T$61=0,1,0),if(U62-$U$61=0,1,0))} -> 6 | AD62: {=sum(if(D62-$D$61=1,1,0),if(E62-$E$61=1,1,0),if(F62-$F$61=1,1,0),if(G62-$G$61=1,1,0),if(H62-$H$61=1,1,0),if(I62-$I$61=1,1,0),if(J62-$J$61=1,1,0),if(K62-$K$61=1,1,0),if(L62-$L$61=1,1,0),if(M62-$M$61=1,1,0),if(N62-$N$61=1,1,0),if(O62-$O$61=1,1,0),if(P62-$P$61=1,1,0),if(Q62-$Q$61=1,1,0),if(R62-$R$61=1,1,0),if(S62-$S$61=1,1,0),if(T62-$T$61=1,1,0),if(U62-$U$61=1,1,0))} -> 7 | AE62: {=sum(if(D62-$D$61=2,1,0),if(E62-$E$61=2,1,0),if(F62-$F$61=2,1,0),if(G62-$G$61=2,1,0),if(H62-$H$61=2,1,0),if(I62-$I$61=2,1,0),if(J62-$J$61=2,1,0),if(K62-$K$61=2,1,0),if(L62-$L$61=2,1,0),if(M62-$M$61=2,1,0),if(N62-$N$61=2,1,0),if(O62-$O$61=2,1,0),if(P62-$P$61=2,1,0),if(Q62-$Q$61=2,1,0),if(R62-$R$61=2,1,0),if(S62-$S$61=2,1,0),if(T62-$T$61=2,1,0),if(U62-$U$61=2,1,0))} -> 3 | AF62: {=sum(if(D62-$D$61=3,1,0),if(E62-$E$61=3,1,0),if(F62-$F$61=3,1,0),if(G62-$G$61=3,1,0),if(H62-$H$61=3,1,0),if(I62-$I$61=3,1,0),if(J62-$J$61=3,1,0),if(K62-$K$61=3,1,0),if(L62-$L$61=3,1,0),if(M62-$M$61=3,1,0),if(N62-$N$61=3,1,0),if(O62-$O$61=3,1,0),if(P62-$P$61=3,1,0),if(Q62-$Q$61=3,1,0),if(R62-$R$61=3,1,0),if(S62-$S$61=3,1,0),if(T62-$T$61=3,1,0),if(U62-$U$61=3,1,0))} -> 1 | AG62: {=sum(if(D62-$D$61>3,1,0),if(E62-$E$61>3,1,0),if(F62-$F$61>3,1,0),if(G62-$G$61>3,1,0),if(H62-$H$61>3,1,0),if(I62-$I$61>3,1,0),if(J62-$J$61>3,1,0),if(K62-$K$61>3,1,0),if(L62-$L$61>3,1,0),if(M62-$M$61>3,1,0),if(N62-$N$61>3,1,0),if(O62-$O$61>3,1,0),if(P62-$P$61>3,1,0),if(Q62-$Q$61>3,1,0),if(R62-$R$61>3,1,0),if(S62-$S$61>3,1,0),if(T62-$T$61>3,1,0),if(U62-$U$61>3,1,0))} -> 0 | AH62: =sum(Z62:AG62) -> 18
A63: =SETUP!A6 -> Andy V | B63: {=if(A63="","",index(SETUP!F:F,match(A63,SETUP!A:A,0)))} -> 20 | D63: 5 | E63: 7 | F63: 5 | G63: 5 | H63: 6 | I63: 3 | J63: 5 | K63: 7 | L63: 5 | M63: 4 | N63: 6 | O63: 6 | P63: 4 | Q63: 5 | R63: 6 | S63: 5 | T63: 3 | U63: 7 | V63: =if(C63="WD","WD", SUM(D63:L63)) -> 48 | W63: =if(C63="WD","WD",SUM(M63:U63)) -> 46 | X63: =if(C63="WD","WD",IF(W63>0,V63+W63,"")) -> 94 | Y63: =if(C63="WD","WD",IF(W63=0,"",X63-B63)) -> 74 | Z63: {=sum(if(D63-$D$61=-3,1,0),if(E63-$E$61=-3,1,0),if(F63-$F$61=-3,1,0),if(G63-$G$61=-3,1,0),if(H63-$H$61=-3,1,0),if(I63-$I$61=-3,1,0),if(J63-$J$61=-3,1,0),if(K63-$K$61=-3,1,0),if(L63-$L$61=-3,1,0),if(M63-$M$61=-3,1,0),if(N63-$N$61=-3,1,0),if(O63-$O$61=-3,1,0),if(P63-$P$61=-3,1,0),if(Q63-$Q$61=-3,1,0),if(R63-$R$61=-3,1,0),if(S63-$S$61=-3,1,0),if(T63-$T$61=-3,1,0),if(U63-$U$61=-3,1,0))} -> 0 | AA63: {=sum(if(D63-$D$61=-2,1,0),if(E63-$E$61=-2,1,0),if(F63-$F$61=-2,1,0),if(G63-$G$61=-2,1,0),if(H63-$H$61=-2,1,0),if(I63-$I$61=-2,1,0),if(J63-$J$61=-2,1,0),if(K63-$K$61=-2,1,0),if(L63-$L$61=-2,1,0),if(M63-$M$61=-2,1,0),if(N63-$N$61=-2,1,0),if(O63-$O$61=-2,1,0),if(P63-$P$61=-2,1,0),if(Q63-$Q$61=-2,1,0),if(R63-$R$61=-2,1,0),if(S63-$S$61=-2,1,0),if(T63-$T$61=-2,1,0),if(U63-$U$61=-2,1,0))} -> 0 | AB63: {=sum(if(D63-$D$61=-1,1,0),if(E63-$E$61=-1,1,0),if(F63-$F$61=-1,1,0),if(G63-$G$61=-1,1,0),if(H63-$H$61=-1,1,0),if(I63-$I$61=-1,1,0),if(J63-$J$61=-1,1,0),if(K63-$K$61=-1,1,0),if(L63-$L$61=-1,1,0),if(M63-$M$61=-1,1,0),if(N63-$N$61=-1,1,0),if(O63-$O$61=-1,1,0),if(P63-$P$61=-1,1,0),if(Q63-$Q$61=-1,1,0),if(R63-$R$61=-1,1,0),if(S63-$S$61=-1,1,0),if(T63-$T$61=-1,1,0),if(U63-$U$61=-1,1,0))} -> 0 | AC63: {=sum(if(D63-$D$61=0,1,0),if(E63-$E$61=0,1,0),if(F63-$F$61=0,1,0),if(G63-$G$61=0,1,0),if(H63-$H$61=0,1,0),if(I63-$I$61=0,1,0),if(J63-$J$61=0,1,0),if(K63-$K$61=0,1,0),if(L63-$L$61=0,1,0),if(M63-$M$61=0,1,0),if(N63-$N$61=0,1,0),if(O63-$O$61=0,1,0),if(P63-$P$61=0,1,0),if(Q63-$Q$61=0,1,0),if(R63-$R$61=0,1,0),if(S63-$S$61=0,1,0),if(T63-$T$61=0,1,0),if(U63-$U$61=0,1,0))} -> 4 | AD63: {=sum(if(D63-$D$61=1,1,0),if(E63-$E$61=1,1,0),if(F63-$F$61=1,1,0),if(G63-$G$61=1,1,0),if(H63-$H$61=1,1,0),if(I63-$I$61=1,1,0),if(J63-$J$61=1,1,0),if(K63-$K$61=1,1,0),if(L63-$L$61=1,1,0),if(M63-$M$61=1,1,0),if(N63-$N$61=1,1,0),if(O63-$O$61=1,1,0),if(P63-$P$61=1,1,0),if(Q63-$Q$61=1,1,0),if(R63-$R$61=1,1,0),if(S63-$S$61=1,1,0),if(T63-$T$61=1,1,0),if(U63-$U$61=1,1,0))} -> 8 | AE63: {=sum(if(D63-$D$61=2,1,0),if(E63-$E$61=2,1,0),if(F63-$F$61=2,1,0),if(G63-$G$61=2,1,0),if(H63-$H$61=2,1,0),if(I63-$I$61=2,1,0),if(J63-$J$61=2,1,0),if(K63-$K$61=2,1,0),if(L63-$L$61=2,1,0),if(M63-$M$61=2,1,0),if(N63-$N$61=2,1,0),if(O63-$O$61=2,1,0),if(P63-$P$61=2,1,0),if(Q63-$Q$61=2,1,0),if(R63-$R$61=2,1,0),if(S63-$S$61=2,1,0),if(T63-$T$61=2,1,0),if(U63-$U$61=2,1,0))} -> 4 | AF63: {=sum(if(D63-$D$61=3,1,0),if(E63-$E$61=3,1,0),if(F63-$F$61=3,1,0),if(G63-$G$61=3,1,0),if(H63-$H$61=3,1,0),if(I63-$I$61=3,1,0),if(J63-$J$61=3,1,0),if(K63-$K$61=3,1,0),if(L63-$L$61=3,1,0),if(M63-$M$61=3,1,0),if(N63-$N$61=3,1,0),if(O63-$O$61=3,1,0),if(P63-$P$61=3,1,0),if(Q63-$Q$61=3,1,0),if(R63-$R$61=3,1,0),if(S63-$S$61=3,1,0),if(T63-$T$61=3,1,0),if(U63-$U$61=3,1,0))} -> 2 | AG63: {=sum(if(D63-$D$61>3,1,0),if(E63-$E$61>3,1,0),if(F63-$F$61>3,1,0),if(G63-$G$61>3,1,0),if(H63-$H$61>3,1,0),if(I63-$I$61>3,1,0),if(J63-$J$61>3,1,0),if(K63-$K$61>3,1,0),if(L63-$L$61>3,1,0),if(M63-$M$61>3,1,0),if(N63-$N$61>3,1,0),if(O63-$O$61>3,1,0),if(P63-$P$61>3,1,0),if(Q63-$Q$61>3,1,0),if(R63-$R$61>3,1,0),if(S63-$S$61>3,1,0),if(T63-$T$61>3,1,0),if(U63-$U$61>3,1,0))} -> 0 | AH63: =sum(Z63:AG63) -> 18
A64: =SETUP!A7 -> Bob B | B64: {=if(A64="","",index(SETUP!F:F,match(A64,SETUP!A:A,0)))} -> 18 | D64: 5 | E64: 6 | F64: 6 | G64: 5 | H64: 5 | I64: 4 | J64: 6 | K64: 4 | L64: 9 | M64: 5 | N64: 5 | O64: 3 | P64: 6 | Q64: 5 | R64: 5 | S64: 5 | T64: 3 | U64: 8 | V64: =if(C64="WD","WD", SUM(D64:L64)) -> 50 | W64: =if(C64="WD","WD",SUM(M64:U64)) -> 45 | X64: =if(C64="WD","WD",IF(W64>0,V64+W64,"")) -> 95 | Y64: =if(C64="WD","WD",IF(W64=0,"",X64-B64)) -> 77 | Z64: {=sum(if(D64-$D$61=-3,1,0),if(E64-$E$61=-3,1,0),if(F64-$F$61=-3,1,0),if(G64-$G$61=-3,1,0),if(H64-$H$61=-3,1,0),if(I64-$I$61=-3,1,0),if(J64-$J$61=-3,1,0),if(K64-$K$61=-3,1,0),if(L64-$L$61=-3,1,0),if(M64-$M$61=-3,1,0),if(N64-$N$61=-3,1,0),if(O64-$O$61=-3,1,0),if(P64-$P$61=-3,1,0),if(Q64-$Q$61=-3,1,0),if(R64-$R$61=-3,1,0),if(S64-$S$61=-3,1,0),if(T64-$T$61=-3,1,0),if(U64-$U$61=-3,1,0))} -> 0 | AA64: {=sum(if(D64-$D$61=-2,1,0),if(E64-$E$61=-2,1,0),if(F64-$F$61=-2,1,0),if(G64-$G$61=-2,1,0),if(H64-$H$61=-2,1,0),if(I64-$I$61=-2,1,0),if(J64-$J$61=-2,1,0),if(K64-$K$61=-2,1,0),if(L64-$L$61=-2,1,0),if(M64-$M$61=-2,1,0),if(N64-$N$61=-2,1,0),if(O64-$O$61=-2,1,0),if(P64-$P$61=-2,1,0),if(Q64-$Q$61=-2,1,0),if(R64-$R$61=-2,1,0),if(S64-$S$61=-2,1,0),if(T64-$T$61=-2,1,0),if(U64-$U$61=-2,1,0))} -> 0 | AB64: {=sum(if(D64-$D$61=-1,1,0),if(E64-$E$61=-1,1,0),if(F64-$F$61=-1,1,0),if(G64-$G$61=-1,1,0),if(H64-$H$61=-1,1,0),if(I64-$I$61=-1,1,0),if(J64-$J$61=-1,1,0),if(K64-$K$61=-1,1,0),if(L64-$L$61=-1,1,0),if(M64-$M$61=-1,1,0),if(N64-$N$61=-1,1,0),if(O64-$O$61=-1,1,0),if(P64-$P$61=-1,1,0),if(Q64-$Q$61=-1,1,0),if(R64-$R$61=-1,1,0),if(S64-$S$61=-1,1,0),if(T64-$T$61=-1,1,0),if(U64-$U$61=-1,1,0))} -> 0 | AC64: {=sum(if(D64-$D$61=0,1,0),if(E64-$E$61=0,1,0),if(F64-$F$61=0,1,0),if(G64-$G$61=0,1,0),if(H64-$H$61=0,1,0),if(I64-$I$61=0,1,0),if(J64-$J$61=0,1,0),if(K64-$K$61=0,1,0),if(L64-$L$61=0,1,0),if(M64-$M$61=0,1,0),if(N64-$N$61=0,1,0),if(O64-$O$61=0,1,0),if(P64-$P$61=0,1,0),if(Q64-$Q$61=0,1,0),if(R64-$R$61=0,1,0),if(S64-$S$61=0,1,0),if(T64-$T$61=0,1,0),if(U64-$U$61=0,1,0))} -> 5 | AD64: {=sum(if(D64-$D$61=1,1,0),if(E64-$E$61=1,1,0),if(F64-$F$61=1,1,0),if(G64-$G$61=1,1,0),if(H64-$H$61=1,1,0),if(I64-$I$61=1,1,0),if(J64-$J$61=1,1,0),if(K64-$K$61=1,1,0),if(L64-$L$61=1,1,0),if(M64-$M$61=1,1,0),if(N64-$N$61=1,1,0),if(O64-$O$61=1,1,0),if(P64-$P$61=1,1,0),if(Q64-$Q$61=1,1,0),if(R64-$R$61=1,1,0),if(S64-$S$61=1,1,0),if(T64-$T$61=1,1,0),if(U64-$U$61=1,1,0))} -> 7 | AE64: {=sum(if(D64-$D$61=2,1,0),if(E64-$E$61=2,1,0),if(F64-$F$61=2,1,0),if(G64-$G$61=2,1,0),if(H64-$H$61=2,1,0),if(I64-$I$61=2,1,0),if(J64-$J$61=2,1,0),if(K64-$K$61=2,1,0),if(L64-$L$61=2,1,0),if(M64-$M$61=2,1,0),if(N64-$N$61=2,1,0),if(O64-$O$61=2,1,0),if(P64-$P$61=2,1,0),if(Q64-$Q$61=2,1,0),if(R64-$R$61=2,1,0),if(S64-$S$61=2,1,0),if(T64-$T$61=2,1,0),if(U64-$U$61=2,1,0))} -> 3 | AF64: {=sum(if(D64-$D$61=3,1,0),if(E64-$E$61=3,1,0),if(F64-$F$61=3,1,0),if(G64-$G$61=3,1,0),if(H64-$H$61=3,1,0),if(I64-$I$61=3,1,0),if(J64-$J$61=3,1,0),if(K64-$K$61=3,1,0),if(L64-$L$61=3,1,0),if(M64-$M$61=3,1,0),if(N64-$N$61=3,1,0),if(O64-$O$61=3,1,0),if(P64-$P$61=3,1,0),if(Q64-$Q$61=3,1,0),if(R64-$R$61=3,1,0),if(S64-$S$61=3,1,0),if(T64-$T$61=3,1,0),if(U64-$U$61=3,1,0))} -> 2 | AG64: {=sum(if(D64-$D$61>3,1,0),if(E64-$E$61>3,1,0),if(F64-$F$61>3,1,0),if(G64-$G$61>3,1,0),if(H64-$H$61>3,1,0),if(I64-$I$61>3,1,0),if(J64-$J$61>3,1,0),if(K64-$K$61>3,1,0),if(L64-$L$61>3,1,0),if(M64-$M$61>3,1,0),if(N64-$N$61>3,1,0),if(O64-$O$61>3,1,0),if(P64-$P$61>3,1,0),if(Q64-$Q$61>3,1,0),if(R64-$R$61>3,1,0),if(S64-$S$61>3,1,0),if(T64-$T$61>3,1,0),if(U64-$U$61>3,1,0))} -> 1 | AH64: =sum(Z64:AG64) -> 18
A65: =SETUP!A8 -> Brian K | B65: {=if(A65="","",index(SETUP!F:F,match(A65,SETUP!A:A,0)))} -> 11 | D65: 5 | E65: 5 | F65: 4 | G65: 5 | H65: 6 | I65: 5 | J65: 4 | K65: 4 | L65: 6 | M65: 4 | N65: 5 | O65: 3 | P65: 5 | Q65: 6 | R65: 9 | S65: 8 | T65: 4 | U65: 6 | V65: =if(C65="WD","WD", SUM(D65:L65)) -> 44 | W65: =if(C65="WD","WD",SUM(M65:U65)) -> 50 | X65: =if(C65="WD","WD",IF(W65>0,V65+W65,"")) -> 94 | Y65: =if(C65="WD","WD",IF(W65=0,"",X65-B65)) -> 83 | Z65: {=sum(if(D65-$D$61=-3,1,0),if(E65-$E$61=-3,1,0),if(F65-$F$61=-3,1,0),if(G65-$G$61=-3,1,0),if(H65-$H$61=-3,1,0),if(I65-$I$61=-3,1,0),if(J65-$J$61=-3,1,0),if(K65-$K$61=-3,1,0),if(L65-$L$61=-3,1,0),if(M65-$M$61=-3,1,0),if(N65-$N$61=-3,1,0),if(O65-$O$61=-3,1,0),if(P65-$P$61=-3,1,0),if(Q65-$Q$61=-3,1,0),if(R65-$R$61=-3,1,0),if(S65-$S$61=-3,1,0),if(T65-$T$61=-3,1,0),if(U65-$U$61=-3,1,0))} -> 0 | AA65: {=sum(if(D65-$D$61=-2,1,0),if(E65-$E$61=-2,1,0),if(F65-$F$61=-2,1,0),if(G65-$G$61=-2,1,0),if(H65-$H$61=-2,1,0),if(I65-$I$61=-2,1,0),if(J65-$J$61=-2,1,0),if(K65-$K$61=-2,1,0),if(L65-$L$61=-2,1,0),if(M65-$M$61=-2,1,0),if(N65-$N$61=-2,1,0),if(O65-$O$61=-2,1,0),if(P65-$P$61=-2,1,0),if(Q65-$Q$61=-2,1,0),if(R65-$R$61=-2,1,0),if(S65-$S$61=-2,1,0),if(T65-$T$61=-2,1,0),if(U65-$U$61=-2,1,0))} -> 0 | AB65: {=sum(if(D65-$D$61=-1,1,0),if(E65-$E$61=-1,1,0),if(F65-$F$61=-1,1,0),if(G65-$G$61=-1,1,0),if(H65-$H$61=-1,1,0),if(I65-$I$61=-1,1,0),if(J65-$J$61=-1,1,0),if(K65-$K$61=-1,1,0),if(L65-$L$61=-1,1,0),if(M65-$M$61=-1,1,0),if(N65-$N$61=-1,1,0),if(O65-$O$61=-1,1,0),if(P65-$P$61=-1,1,0),if(Q65-$Q$61=-1,1,0),if(R65-$R$61=-1,1,0),if(S65-$S$61=-1,1,0),if(T65-$T$61=-1,1,0),if(U65-$U$61=-1,1,0))} -> 0 | AC65: {=sum(if(D65-$D$61=0,1,0),if(E65-$E$61=0,1,0),if(F65-$F$61=0,1,0),if(G65-$G$61=0,1,0),if(H65-$H$61=0,1,0),if(I65-$I$61=0,1,0),if(J65-$J$61=0,1,0),if(K65-$K$61=0,1,0),if(L65-$L$61=0,1,0),if(M65-$M$61=0,1,0),if(N65-$N$61=0,1,0),if(O65-$O$61=0,1,0),if(P65-$P$61=0,1,0),if(Q65-$Q$61=0,1,0),if(R65-$R$61=0,1,0),if(S65-$S$61=0,1,0),if(T65-$T$61=0,1,0),if(U65-$U$61=0,1,0))} -> 5 | AD65: {=sum(if(D65-$D$61=1,1,0),if(E65-$E$61=1,1,0),if(F65-$F$61=1,1,0),if(G65-$G$61=1,1,0),if(H65-$H$61=1,1,0),if(I65-$I$61=1,1,0),if(J65-$J$61=1,1,0),if(K65-$K$61=1,1,0),if(L65-$L$61=1,1,0),if(M65-$M$61=1,1,0),if(N65-$N$61=1,1,0),if(O65-$O$61=1,1,0),if(P65-$P$61=1,1,0),if(Q65-$Q$61=1,1,0),if(R65-$R$61=1,1,0),if(S65-$S$61=1,1,0),if(T65-$T$61=1,1,0),if(U65-$U$61=1,1,0))} -> 9 | AE65: {=sum(if(D65-$D$61=2,1,0),if(E65-$E$61=2,1,0),if(F65-$F$61=2,1,0),if(G65-$G$61=2,1,0),if(H65-$H$61=2,1,0),if(I65-$I$61=2,1,0),if(J65-$J$61=2,1,0),if(K65-$K$61=2,1,0),if(L65-$L$61=2,1,0),if(M65-$M$61=2,1,0),if(N65-$N$61=2,1,0),if(O65-$O$61=2,1,0),if(P65-$P$61=2,1,0),if(Q65-$Q$61=2,1,0),if(R65-$R$61=2,1,0),if(S65-$S$61=2,1,0),if(T65-$T$61=2,1,0),if(U65-$U$61=2,1,0))} -> 2 | AF65: {=sum(if(D65-$D$61=3,1,0),if(E65-$E$61=3,1,0),if(F65-$F$61=3,1,0),if(G65-$G$61=3,1,0),if(H65-$H$61=3,1,0),if(I65-$I$61=3,1,0),if(J65-$J$61=3,1,0),if(K65-$K$61=3,1,0),if(L65-$L$61=3,1,0),if(M65-$M$61=3,1,0),if(N65-$N$61=3,1,0),if(O65-$O$61=3,1,0),if(P65-$P$61=3,1,0),if(Q65-$Q$61=3,1,0),if(R65-$R$61=3,1,0),if(S65-$S$61=3,1,0),if(T65-$T$61=3,1,0),if(U65-$U$61=3,1,0))} -> 0 | AG65: {=sum(if(D65-$D$61>3,1,0),if(E65-$E$61>3,1,0),if(F65-$F$61>3,1,0),if(G65-$G$61>3,1,0),if(H65-$H$61>3,1,0),if(I65-$I$61>3,1,0),if(J65-$J$61>3,1,0),if(K65-$K$61>3,1,0),if(L65-$L$61>3,1,0),if(M65-$M$61>3,1,0),if(N65-$N$61>3,1,0),if(O65-$O$61>3,1,0),if(P65-$P$61>3,1,0),if(Q65-$Q$61>3,1,0),if(R65-$R$61>3,1,0),if(S65-$S$61>3,1,0),if(T65-$T$61>3,1,0),if(U65-$U$61>3,1,0))} -> 2 | AH65: =sum(Z65:AG65) -> 18
A66: =SETUP!A9 -> Dave K | B66: {=if(A66="","",index(SETUP!F:F,match(A66,SETUP!A:A,0)))} -> 18 | D66: 8 | E66: 8 | F66: 5 | G66: 6 | H66: 7 | I66: 3 | J66: 5 | K66: 5 | L66: 8 | M66: 3 | N66: 6 | O66: 3 | P66: 5 | Q66: 4 | R66: 5 | S66: 6 | T66: 3 | U66: 5 | V66: =if(C66="WD","WD", SUM(D66:L66)) -> 55 | W66: =if(C66="WD","WD",SUM(M66:U66)) -> 40 | X66: =if(C66="WD","WD",IF(W66>0,V66+W66,"")) -> 95 | Y66: =if(C66="WD","WD",IF(W66=0,"",X66-B66)) -> 77 | Z66: {=sum(if(D66-$D$61=-3,1,0),if(E66-$E$61=-3,1,0),if(F66-$F$61=-3,1,0),if(G66-$G$61=-3,1,0),if(H66-$H$61=-3,1,0),if(I66-$I$61=-3,1,0),if(J66-$J$61=-3,1,0),if(K66-$K$61=-3,1,0),if(L66-$L$61=-3,1,0),if(M66-$M$61=-3,1,0),if(N66-$N$61=-3,1,0),if(O66-$O$61=-3,1,0),if(P66-$P$61=-3,1,0),if(Q66-$Q$61=-3,1,0),if(R66-$R$61=-3,1,0),if(S66-$S$61=-3,1,0),if(T66-$T$61=-3,1,0),if(U66-$U$61=-3,1,0))} -> 0 | AA66: {=sum(if(D66-$D$61=-2,1,0),if(E66-$E$61=-2,1,0),if(F66-$F$61=-2,1,0),if(G66-$G$61=-2,1,0),if(H66-$H$61=-2,1,0),if(I66-$I$61=-2,1,0),if(J66-$J$61=-2,1,0),if(K66-$K$61=-2,1,0),if(L66-$L$61=-2,1,0),if(M66-$M$61=-2,1,0),if(N66-$N$61=-2,1,0),if(O66-$O$61=-2,1,0),if(P66-$P$61=-2,1,0),if(Q66-$Q$61=-2,1,0),if(R66-$R$61=-2,1,0),if(S66-$S$61=-2,1,0),if(T66-$T$61=-2,1,0),if(U66-$U$61=-2,1,0))} -> 0 | AB66: {=sum(if(D66-$D$61=-1,1,0),if(E66-$E$61=-1,1,0),if(F66-$F$61=-1,1,0),if(G66-$G$61=-1,1,0),if(H66-$H$61=-1,1,0),if(I66-$I$61=-1,1,0),if(J66-$J$61=-1,1,0),if(K66-$K$61=-1,1,0),if(L66-$L$61=-1,1,0),if(M66-$M$61=-1,1,0),if(N66-$N$61=-1,1,0),if(O66-$O$61=-1,1,0),if(P66-$P$61=-1,1,0),if(Q66-$Q$61=-1,1,0),if(R66-$R$61=-1,1,0),if(S66-$S$61=-1,1,0),if(T66-$T$61=-1,1,0),if(U66-$U$61=-1,1,0))} -> 0 | AC66: {=sum(if(D66-$D$61=0,1,0),if(E66-$E$61=0,1,0),if(F66-$F$61=0,1,0),if(G66-$G$61=0,1,0),if(H66-$H$61=0,1,0),if(I66-$I$61=0,1,0),if(J66-$J$61=0,1,0),if(K66-$K$61=0,1,0),if(L66-$L$61=0,1,0),if(M66-$M$61=0,1,0),if(N66-$N$61=0,1,0),if(O66-$O$61=0,1,0),if(P66-$P$61=0,1,0),if(Q66-$Q$61=0,1,0),if(R66-$R$61=0,1,0),if(S66-$S$61=0,1,0),if(T66-$T$61=0,1,0),if(U66-$U$61=0,1,0))} -> 6 | AD66: {=sum(if(D66-$D$61=1,1,0),if(E66-$E$61=1,1,0),if(F66-$F$61=1,1,0),if(G66-$G$61=1,1,0),if(H66-$H$61=1,1,0),if(I66-$I$61=1,1,0),if(J66-$J$61=1,1,0),if(K66-$K$61=1,1,0),if(L66-$L$61=1,1,0),if(M66-$M$61=1,1,0),if(N66-$N$61=1,1,0),if(O66-$O$61=1,1,0),if(P66-$P$61=1,1,0),if(Q66-$Q$61=1,1,0),if(R66-$R$61=1,1,0),if(S66-$S$61=1,1,0),if(T66-$T$61=1,1,0),if(U66-$U$61=1,1,0))} -> 5 | AE66: {=sum(if(D66-$D$61=2,1,0),if(E66-$E$61=2,1,0),if(F66-$F$61=2,1,0),if(G66-$G$61=2,1,0),if(H66-$H$61=2,1,0),if(I66-$I$61=2,1,0),if(J66-$J$61=2,1,0),if(K66-$K$61=2,1,0),if(L66-$L$61=2,1,0),if(M66-$M$61=2,1,0),if(N66-$N$61=2,1,0),if(O66-$O$61=2,1,0),if(P66-$P$61=2,1,0),if(Q66-$Q$61=2,1,0),if(R66-$R$61=2,1,0),if(S66-$S$61=2,1,0),if(T66-$T$61=2,1,0),if(U66-$U$61=2,1,0))} -> 4 | AF66: {=sum(if(D66-$D$61=3,1,0),if(E66-$E$61=3,1,0),if(F66-$F$61=3,1,0),if(G66-$G$61=3,1,0),if(H66-$H$61=3,1,0),if(I66-$I$61=3,1,0),if(J66-$J$61=3,1,0),if(K66-$K$61=3,1,0),if(L66-$L$61=3,1,0),if(M66-$M$61=3,1,0),if(N66-$N$61=3,1,0),if(O66-$O$61=3,1,0),if(P66-$P$61=3,1,0),if(Q66-$Q$61=3,1,0),if(R66-$R$61=3,1,0),if(S66-$S$61=3,1,0),if(T66-$T$61=3,1,0),if(U66-$U$61=3,1,0))} -> 2 | AG66: {=sum(if(D66-$D$61>3,1,0),if(E66-$E$61>3,1,0),if(F66-$F$61>3,1,0),if(G66-$G$61>3,1,0),if(H66-$H$61>3,1,0),if(I66-$I$61>3,1,0),if(J66-$J$61>3,1,0),if(K66-$K$61>3,1,0),if(L66-$L$61>3,1,0),if(M66-$M$61>3,1,0),if(N66-$N$61>3,1,0),if(O66-$O$61>3,1,0),if(P66-$P$61>3,1,0),if(Q66-$Q$61>3,1,0),if(R66-$R$61>3,1,0),if(S66-$S$61>3,1,0),if(T66-$T$61>3,1,0),if(U66-$U$61>3,1,0))} -> 1 | AH66: =sum(Z66:AG66) -> 18
A67: =SETUP!A10 -> Eric O | B67: {=if(A67="","",index(SETUP!F:F,match(A67,SETUP!A:A,0)))} -> 17 | D67: 5 | E67: 5 | F67: 3 | G67: 4 | H67: 5 | I67: 5 | J67: 7 | K67: 6 | L67: 5 | M67: 4 | N67: 4 | O67: 4 | P67: 6 | Q67: 6 | R67: 6 | S67: 6 | T67: 3 | U67: 8 | V67: =if(C67="WD","WD", SUM(D67:L67)) -> 45 | W67: =if(C67="WD","WD",SUM(M67:U67)) -> 47 | X67: =if(C67="WD","WD",IF(W67>0,V67+W67,"")) -> 92 | Y67: =if(C67="WD","WD",IF(W67=0,"",X67-B67)) -> 75 | Z67: {=sum(if(D67-$D$61=-3,1,0),if(E67-$E$61=-3,1,0),if(F67-$F$61=-3,1,0),if(G67-$G$61=-3,1,0),if(H67-$H$61=-3,1,0),if(I67-$I$61=-3,1,0),if(J67-$J$61=-3,1,0),if(K67-$K$61=-3,1,0),if(L67-$L$61=-3,1,0),if(M67-$M$61=-3,1,0),if(N67-$N$61=-3,1,0),if(O67-$O$61=-3,1,0),if(P67-$P$61=-3,1,0),if(Q67-$Q$61=-3,1,0),if(R67-$R$61=-3,1,0),if(S67-$S$61=-3,1,0),if(T67-$T$61=-3,1,0),if(U67-$U$61=-3,1,0))} -> 0 | AA67: {=sum(if(D67-$D$61=-2,1,0),if(E67-$E$61=-2,1,0),if(F67-$F$61=-2,1,0),if(G67-$G$61=-2,1,0),if(H67-$H$61=-2,1,0),if(I67-$I$61=-2,1,0),if(J67-$J$61=-2,1,0),if(K67-$K$61=-2,1,0),if(L67-$L$61=-2,1,0),if(M67-$M$61=-2,1,0),if(N67-$N$61=-2,1,0),if(O67-$O$61=-2,1,0),if(P67-$P$61=-2,1,0),if(Q67-$Q$61=-2,1,0),if(R67-$R$61=-2,1,0),if(S67-$S$61=-2,1,0),if(T67-$T$61=-2,1,0),if(U67-$U$61=-2,1,0))} -> 0 | AB67: {=sum(if(D67-$D$61=-1,1,0),if(E67-$E$61=-1,1,0),if(F67-$F$61=-1,1,0),if(G67-$G$61=-1,1,0),if(H67-$H$61=-1,1,0),if(I67-$I$61=-1,1,0),if(J67-$J$61=-1,1,0),if(K67-$K$61=-1,1,0),if(L67-$L$61=-1,1,0),if(M67-$M$61=-1,1,0),if(N67-$N$61=-1,1,0),if(O67-$O$61=-1,1,0),if(P67-$P$61=-1,1,0),if(Q67-$Q$61=-1,1,0),if(R67-$R$61=-1,1,0),if(S67-$S$61=-1,1,0),if(T67-$T$61=-1,1,0),if(U67-$U$61=-1,1,0))} -> 1 | AC67: {=sum(if(D67-$D$61=0,1,0),if(E67-$E$61=0,1,0),if(F67-$F$61=0,1,0),if(G67-$G$61=0,1,0),if(H67-$H$61=0,1,0),if(I67-$I$61=0,1,0),if(J67-$J$61=0,1,0),if(K67-$K$61=0,1,0),if(L67-$L$61=0,1,0),if(M67-$M$61=0,1,0),if(N67-$N$61=0,1,0),if(O67-$O$61=0,1,0),if(P67-$P$61=0,1,0),if(Q67-$Q$61=0,1,0),if(R67-$R$61=0,1,0),if(S67-$S$61=0,1,0),if(T67-$T$61=0,1,0),if(U67-$U$61=0,1,0))} -> 6 | AD67: {=sum(if(D67-$D$61=1,1,0),if(E67-$E$61=1,1,0),if(F67-$F$61=1,1,0),if(G67-$G$61=1,1,0),if(H67-$H$61=1,1,0),if(I67-$I$61=1,1,0),if(J67-$J$61=1,1,0),if(K67-$K$61=1,1,0),if(L67-$L$61=1,1,0),if(M67-$M$61=1,1,0),if(N67-$N$61=1,1,0),if(O67-$O$61=1,1,0),if(P67-$P$61=1,1,0),if(Q67-$Q$61=1,1,0),if(R67-$R$61=1,1,0),if(S67-$S$61=1,1,0),if(T67-$T$61=1,1,0),if(U67-$U$61=1,1,0))} -> 3 | AE67: {=sum(if(D67-$D$61=2,1,0),if(E67-$E$61=2,1,0),if(F67-$F$61=2,1,0),if(G67-$G$61=2,1,0),if(H67-$H$61=2,1,0),if(I67-$I$61=2,1,0),if(J67-$J$61=2,1,0),if(K67-$K$61=2,1,0),if(L67-$L$61=2,1,0),if(M67-$M$61=2,1,0),if(N67-$N$61=2,1,0),if(O67-$O$61=2,1,0),if(P67-$P$61=2,1,0),if(Q67-$Q$61=2,1,0),if(R67-$R$61=2,1,0),if(S67-$S$61=2,1,0),if(T67-$T$61=2,1,0),if(U67-$U$61=2,1,0))} -> 6 | AF67: {=sum(if(D67-$D$61=3,1,0),if(E67-$E$61=3,1,0),if(F67-$F$61=3,1,0),if(G67-$G$61=3,1,0),if(H67-$H$61=3,1,0),if(I67-$I$61=3,1,0),if(J67-$J$61=3,1,0),if(K67-$K$61=3,1,0),if(L67-$L$61=3,1,0),if(M67-$M$61=3,1,0),if(N67-$N$61=3,1,0),if(O67-$O$61=3,1,0),if(P67-$P$61=3,1,0),if(Q67-$Q$61=3,1,0),if(R67-$R$61=3,1,0),if(S67-$S$61=3,1,0),if(T67-$T$61=3,1,0),if(U67-$U$61=3,1,0))} -> 2 | AG67: {=sum(if(D67-$D$61>3,1,0),if(E67-$E$61>3,1,0),if(F67-$F$61>3,1,0),if(G67-$G$61>3,1,0),if(H67-$H$61>3,1,0),if(I67-$I$61>3,1,0),if(J67-$J$61>3,1,0),if(K67-$K$61>3,1,0),if(L67-$L$61>3,1,0),if(M67-$M$61>3,1,0),if(N67-$N$61>3,1,0),if(O67-$O$61>3,1,0),if(P67-$P$61>3,1,0),if(Q67-$Q$61>3,1,0),if(R67-$R$61>3,1,0),if(S67-$S$61>3,1,0),if(T67-$T$61>3,1,0),if(U67-$U$61>3,1,0))} -> 0 | AH67: =sum(Z67:AG67) -> 18
A68: =SETUP!A11 -> Jeff B | B68: {=if(A68="","",index(SETUP!F:F,match(A68,SETUP!A:A,0)))} -> 20 | D68: 6 | E68: 7 | F68: 5 | G68: 5 | H68: 5 | I68: 5 | J68: 7 | K68: 6 | L68: 7 | M68: 5 | N68: 6 | O68: 4 | P68: 4 | Q68: 8 | R68: 5 | S68: 5 | T68: 3 | U68: 7 | V68: =if(C68="WD","WD", SUM(D68:L68)) -> 53 | W68: =if(C68="WD","WD",SUM(M68:U68)) -> 47 | X68: =if(C68="WD","WD",IF(W68>0,V68+W68,"")) -> 100 | Y68: =if(C68="WD","WD",IF(W68=0,"",X68-B68)) -> 80 | Z68: {=sum(if(D68-$D$61=-3,1,0),if(E68-$E$61=-3,1,0),if(F68-$F$61=-3,1,0),if(G68-$G$61=-3,1,0),if(H68-$H$61=-3,1,0),if(I68-$I$61=-3,1,0),if(J68-$J$61=-3,1,0),if(K68-$K$61=-3,1,0),if(L68-$L$61=-3,1,0),if(M68-$M$61=-3,1,0),if(N68-$N$61=-3,1,0),if(O68-$O$61=-3,1,0),if(P68-$P$61=-3,1,0),if(Q68-$Q$61=-3,1,0),if(R68-$R$61=-3,1,0),if(S68-$S$61=-3,1,0),if(T68-$T$61=-3,1,0),if(U68-$U$61=-3,1,0))} -> 0 | AA68: {=sum(if(D68-$D$61=-2,1,0),if(E68-$E$61=-2,1,0),if(F68-$F$61=-2,1,0),if(G68-$G$61=-2,1,0),if(H68-$H$61=-2,1,0),if(I68-$I$61=-2,1,0),if(J68-$J$61=-2,1,0),if(K68-$K$61=-2,1,0),if(L68-$L$61=-2,1,0),if(M68-$M$61=-2,1,0),if(N68-$N$61=-2,1,0),if(O68-$O$61=-2,1,0),if(P68-$P$61=-2,1,0),if(Q68-$Q$61=-2,1,0),if(R68-$R$61=-2,1,0),if(S68-$S$61=-2,1,0),if(T68-$T$61=-2,1,0),if(U68-$U$61=-2,1,0))} -> 0 | AB68: {=sum(if(D68-$D$61=-1,1,0),if(E68-$E$61=-1,1,0),if(F68-$F$61=-1,1,0),if(G68-$G$61=-1,1,0),if(H68-$H$61=-1,1,0),if(I68-$I$61=-1,1,0),if(J68-$J$61=-1,1,0),if(K68-$K$61=-1,1,0),if(L68-$L$61=-1,1,0),if(M68-$M$61=-1,1,0),if(N68-$N$61=-1,1,0),if(O68-$O$61=-1,1,0),if(P68-$P$61=-1,1,0),if(Q68-$Q$61=-1,1,0),if(R68-$R$61=-1,1,0),if(S68-$S$61=-1,1,0),if(T68-$T$61=-1,1,0),if(U68-$U$61=-1,1,0))} -> 0 | AC68: {=sum(if(D68-$D$61=0,1,0),if(E68-$E$61=0,1,0),if(F68-$F$61=0,1,0),if(G68-$G$61=0,1,0),if(H68-$H$61=0,1,0),if(I68-$I$61=0,1,0),if(J68-$J$61=0,1,0),if(K68-$K$61=0,1,0),if(L68-$L$61=0,1,0),if(M68-$M$61=0,1,0),if(N68-$N$61=0,1,0),if(O68-$O$61=0,1,0),if(P68-$P$61=0,1,0),if(Q68-$Q$61=0,1,0),if(R68-$R$61=0,1,0),if(S68-$S$61=0,1,0),if(T68-$T$61=0,1,0),if(U68-$U$61=0,1,0))} -> 3 | AD68: {=sum(if(D68-$D$61=1,1,0),if(E68-$E$61=1,1,0),if(F68-$F$61=1,1,0),if(G68-$G$61=1,1,0),if(H68-$H$61=1,1,0),if(I68-$I$61=1,1,0),if(J68-$J$61=1,1,0),if(K68-$K$61=1,1,0),if(L68-$L$61=1,1,0),if(M68-$M$61=1,1,0),if(N68-$N$61=1,1,0),if(O68-$O$61=1,1,0),if(P68-$P$61=1,1,0),if(Q68-$Q$61=1,1,0),if(R68-$R$61=1,1,0),if(S68-$S$61=1,1,0),if(T68-$T$61=1,1,0),if(U68-$U$61=1,1,0))} -> 5 | AE68: {=sum(if(D68-$D$61=2,1,0),if(E68-$E$61=2,1,0),if(F68-$F$61=2,1,0),if(G68-$G$61=2,1,0),if(H68-$H$61=2,1,0),if(I68-$I$61=2,1,0),if(J68-$J$61=2,1,0),if(K68-$K$61=2,1,0),if(L68-$L$61=2,1,0),if(M68-$M$61=2,1,0),if(N68-$N$61=2,1,0),if(O68-$O$61=2,1,0),if(P68-$P$61=2,1,0),if(Q68-$Q$61=2,1,0),if(R68-$R$61=2,1,0),if(S68-$S$61=2,1,0),if(T68-$T$61=2,1,0),if(U68-$U$61=2,1,0))} -> 8 | AF68: {=sum(if(D68-$D$61=3,1,0),if(E68-$E$61=3,1,0),if(F68-$F$61=3,1,0),if(G68-$G$61=3,1,0),if(H68-$H$61=3,1,0),if(I68-$I$61=3,1,0),if(J68-$J$61=3,1,0),if(K68-$K$61=3,1,0),if(L68-$L$61=3,1,0),if(M68-$M$61=3,1,0),if(N68-$N$61=3,1,0),if(O68-$O$61=3,1,0),if(P68-$P$61=3,1,0),if(Q68-$Q$61=3,1,0),if(R68-$R$61=3,1,0),if(S68-$S$61=3,1,0),if(T68-$T$61=3,1,0),if(U68-$U$61=3,1,0))} -> 1 | AG68: {=sum(if(D68-$D$61>3,1,0),if(E68-$E$61>3,1,0),if(F68-$F$61>3,1,0),if(G68-$G$61>3,1,0),if(H68-$H$61>3,1,0),if(I68-$I$61>3,1,0),if(J68-$J$61>3,1,0),if(K68-$K$61>3,1,0),if(L68-$L$61>3,1,0),if(M68-$M$61>3,1,0),if(N68-$N$61>3,1,0),if(O68-$O$61>3,1,0),if(P68-$P$61>3,1,0),if(Q68-$Q$61>3,1,0),if(R68-$R$61>3,1,0),if(S68-$S$61>3,1,0),if(T68-$T$61>3,1,0),if(U68-$U$61>3,1,0))} -> 1 | AH68: =sum(Z68:AG68) -> 18
A69: =SETUP!A12 -> Joe S | B69: {=if(A69="","",index(SETUP!F:F,match(A69,SETUP!A:A,0)))} -> 13 | D69: 4 | E69: 4 | F69: 6 | G69: 4 | H69: 5 | I69: 3 | J69: 5 | K69: 5 | L69: 5 | M69: 4 | N69: 4 | O69: 3 | P69: 5 | Q69: 5 | R69: 4 | S69: 4 | T69: 4 | U69: 8 | V69: =if(C69="WD","WD", SUM(D69:L69)) -> 41 | W69: =if(C69="WD","WD",SUM(M69:U69)) -> 41 | X69: =if(C69="WD","WD",IF(W69>0,V69+W69,"")) -> 82 | Y69: =if(C69="WD","WD",IF(W69=0,"",X69-B69)) -> 69 | Z69: {=sum(if(D69-$D$61=-3,1,0),if(E69-$E$61=-3,1,0),if(F69-$F$61=-3,1,0),if(G69-$G$61=-3,1,0),if(H69-$H$61=-3,1,0),if(I69-$I$61=-3,1,0),if(J69-$J$61=-3,1,0),if(K69-$K$61=-3,1,0),if(L69-$L$61=-3,1,0),if(M69-$M$61=-3,1,0),if(N69-$N$61=-3,1,0),if(O69-$O$61=-3,1,0),if(P69-$P$61=-3,1,0),if(Q69-$Q$61=-3,1,0),if(R69-$R$61=-3,1,0),if(S69-$S$61=-3,1,0),if(T69-$T$61=-3,1,0),if(U69-$U$61=-3,1,0))} -> 0 | AA69: {=sum(if(D69-$D$61=-2,1,0),if(E69-$E$61=-2,1,0),if(F69-$F$61=-2,1,0),if(G69-$G$61=-2,1,0),if(H69-$H$61=-2,1,0),if(I69-$I$61=-2,1,0),if(J69-$J$61=-2,1,0),if(K69-$K$61=-2,1,0),if(L69-$L$61=-2,1,0),if(M69-$M$61=-2,1,0),if(N69-$N$61=-2,1,0),if(O69-$O$61=-2,1,0),if(P69-$P$61=-2,1,0),if(Q69-$Q$61=-2,1,0),if(R69-$R$61=-2,1,0),if(S69-$S$61=-2,1,0),if(T69-$T$61=-2,1,0),if(U69-$U$61=-2,1,0))} -> 0 | AB69: {=sum(if(D69-$D$61=-1,1,0),if(E69-$E$61=-1,1,0),if(F69-$F$61=-1,1,0),if(G69-$G$61=-1,1,0),if(H69-$H$61=-1,1,0),if(I69-$I$61=-1,1,0),if(J69-$J$61=-1,1,0),if(K69-$K$61=-1,1,0),if(L69-$L$61=-1,1,0),if(M69-$M$61=-1,1,0),if(N69-$N$61=-1,1,0),if(O69-$O$61=-1,1,0),if(P69-$P$61=-1,1,0),if(Q69-$Q$61=-1,1,0),if(R69-$R$61=-1,1,0),if(S69-$S$61=-1,1,0),if(T69-$T$61=-1,1,0),if(U69-$U$61=-1,1,0))} -> 2 | AC69: {=sum(if(D69-$D$61=0,1,0),if(E69-$E$61=0,1,0),if(F69-$F$61=0,1,0),if(G69-$G$61=0,1,0),if(H69-$H$61=0,1,0),if(I69-$I$61=0,1,0),if(J69-$J$61=0,1,0),if(K69-$K$61=0,1,0),if(L69-$L$61=0,1,0),if(M69-$M$61=0,1,0),if(N69-$N$61=0,1,0),if(O69-$O$61=0,1,0),if(P69-$P$61=0,1,0),if(Q69-$Q$61=0,1,0),if(R69-$R$61=0,1,0),if(S69-$S$61=0,1,0),if(T69-$T$61=0,1,0),if(U69-$U$61=0,1,0))} -> 8 | AD69: {=sum(if(D69-$D$61=1,1,0),if(E69-$E$61=1,1,0),if(F69-$F$61=1,1,0),if(G69-$G$61=1,1,0),if(H69-$H$61=1,1,0),if(I69-$I$61=1,1,0),if(J69-$J$61=1,1,0),if(K69-$K$61=1,1,0),if(L69-$L$61=1,1,0),if(M69-$M$61=1,1,0),if(N69-$N$61=1,1,0),if(O69-$O$61=1,1,0),if(P69-$P$61=1,1,0),if(Q69-$Q$61=1,1,0),if(R69-$R$61=1,1,0),if(S69-$S$61=1,1,0),if(T69-$T$61=1,1,0),if(U69-$U$61=1,1,0))} -> 6 | AE69: {=sum(if(D69-$D$61=2,1,0),if(E69-$E$61=2,1,0),if(F69-$F$61=2,1,0),if(G69-$G$61=2,1,0),if(H69-$H$61=2,1,0),if(I69-$I$61=2,1,0),if(J69-$J$61=2,1,0),if(K69-$K$61=2,1,0),if(L69-$L$61=2,1,0),if(M69-$M$61=2,1,0),if(N69-$N$61=2,1,0),if(O69-$O$61=2,1,0),if(P69-$P$61=2,1,0),if(Q69-$Q$61=2,1,0),if(R69-$R$61=2,1,0),if(S69-$S$61=2,1,0),if(T69-$T$61=2,1,0),if(U69-$U$61=2,1,0))} -> 0 | AF69: {=sum(if(D69-$D$61=3,1,0),if(E69-$E$61=3,1,0),if(F69-$F$61=3,1,0),if(G69-$G$61=3,1,0),if(H69-$H$61=3,1,0),if(I69-$I$61=3,1,0),if(J69-$J$61=3,1,0),if(K69-$K$61=3,1,0),if(L69-$L$61=3,1,0),if(M69-$M$61=3,1,0),if(N69-$N$61=3,1,0),if(O69-$O$61=3,1,0),if(P69-$P$61=3,1,0),if(Q69-$Q$61=3,1,0),if(R69-$R$61=3,1,0),if(S69-$S$61=3,1,0),if(T69-$T$61=3,1,0),if(U69-$U$61=3,1,0))} -> 2 | AG69: {=sum(if(D69-$D$61>3,1,0),if(E69-$E$61>3,1,0),if(F69-$F$61>3,1,0),if(G69-$G$61>3,1,0),if(H69-$H$61>3,1,0),if(I69-$I$61>3,1,0),if(J69-$J$61>3,1,0),if(K69-$K$61>3,1,0),if(L69-$L$61>3,1,0),if(M69-$M$61>3,1,0),if(N69-$N$61>3,1,0),if(O69-$O$61>3,1,0),if(P69-$P$61>3,1,0),if(Q69-$Q$61>3,1,0),if(R69-$R$61>3,1,0),if(S69-$S$61>3,1,0),if(T69-$T$61>3,1,0),if(U69-$U$61>3,1,0))} -> 0 | AH69: =sum(Z69:AG69) -> 18
A70: =SETUP!A13 -> John C | B70: {=if(A70="","",index(SETUP!F:F,match(A70,SETUP!A:A,0)))} -> 20 | C70: WD | V70: =if(C70="WD","WD", SUM(D70:L70)) -> WD | W70: =if(C70="WD","WD",SUM(M70:U70)) -> WD | X70: =if(C70="WD","WD",IF(W70>0,V70+W70,"")) -> WD | Y70: =if(C70="WD","WD",IF(W70=0,"",X70-B70)) -> WD | Z70: {=sum(if(D70-$D$61=-3,1,0),if(E70-$E$61=-3,1,0),if(F70-$F$61=-3,1,0),if(G70-$G$61=-3,1,0),if(H70-$H$61=-3,1,0),if(I70-$I$61=-3,1,0),if(J70-$J$61=-3,1,0),if(K70-$K$61=-3,1,0),if(L70-$L$61=-3,1,0),if(M70-$M$61=-3,1,0),if(N70-$N$61=-3,1,0),if(O70-$O$61=-3,1,0),if(P70-$P$61=-3,1,0),if(Q70-$Q$61=-3,1,0),if(R70-$R$61=-3,1,0),if(S70-$S$61=-3,1,0),if(T70-$T$61=-3,1,0),if(U70-$U$61=-3,1,0))} -> 5 | AA70: {=sum(if(D70-$D$61=-2,1,0),if(E70-$E$61=-2,1,0),if(F70-$F$61=-2,1,0),if(G70-$G$61=-2,1,0),if(H70-$H$61=-2,1,0),if(I70-$I$61=-2,1,0),if(J70-$J$61=-2,1,0),if(K70-$K$61=-2,1,0),if(L70-$L$61=-2,1,0),if(M70-$M$61=-2,1,0),if(N70-$N$61=-2,1,0),if(O70-$O$61=-2,1,0),if(P70-$P$61=-2,1,0),if(Q70-$Q$61=-2,1,0),if(R70-$R$61=-2,1,0),if(S70-$S$61=-2,1,0),if(T70-$T$61=-2,1,0),if(U70-$U$61=-2,1,0))} -> 0 | AB70: {=sum(if(D70-$D$61=-1,1,0),if(E70-$E$61=-1,1,0),if(F70-$F$61=-1,1,0),if(G70-$G$61=-1,1,0),if(H70-$H$61=-1,1,0),if(I70-$I$61=-1,1,0),if(J70-$J$61=-1,1,0),if(K70-$K$61=-1,1,0),if(L70-$L$61=-1,1,0),if(M70-$M$61=-1,1,0),if(N70-$N$61=-1,1,0),if(O70-$O$61=-1,1,0),if(P70-$P$61=-1,1,0),if(Q70-$Q$61=-1,1,0),if(R70-$R$61=-1,1,0),if(S70-$S$61=-1,1,0),if(T70-$T$61=-1,1,0),if(U70-$U$61=-1,1,0))} -> 0 | AC70: {=sum(if(D70-$D$61=0,1,0),if(E70-$E$61=0,1,0),if(F70-$F$61=0,1,0),if(G70-$G$61=0,1,0),if(H70-$H$61=0,1,0),if(I70-$I$61=0,1,0),if(J70-$J$61=0,1,0),if(K70-$K$61=0,1,0),if(L70-$L$61=0,1,0),if(M70-$M$61=0,1,0),if(N70-$N$61=0,1,0),if(O70-$O$61=0,1,0),if(P70-$P$61=0,1,0),if(Q70-$Q$61=0,1,0),if(R70-$R$61=0,1,0),if(S70-$S$61=0,1,0),if(T70-$T$61=0,1,0),if(U70-$U$61=0,1,0))} -> 0 | AD70: {=sum(if(D70-$D$61=1,1,0),if(E70-$E$61=1,1,0),if(F70-$F$61=1,1,0),if(G70-$G$61=1,1,0),if(H70-$H$61=1,1,0),if(I70-$I$61=1,1,0),if(J70-$J$61=1,1,0),if(K70-$K$61=1,1,0),if(L70-$L$61=1,1,0),if(M70-$M$61=1,1,0),if(N70-$N$61=1,1,0),if(O70-$O$61=1,1,0),if(P70-$P$61=1,1,0),if(Q70-$Q$61=1,1,0),if(R70-$R$61=1,1,0),if(S70-$S$61=1,1,0),if(T70-$T$61=1,1,0),if(U70-$U$61=1,1,0))} -> 0 | AE70: {=sum(if(D70-$D$61=2,1,0),if(E70-$E$61=2,1,0),if(F70-$F$61=2,1,0),if(G70-$G$61=2,1,0),if(H70-$H$61=2,1,0),if(I70-$I$61=2,1,0),if(J70-$J$61=2,1,0),if(K70-$K$61=2,1,0),if(L70-$L$61=2,1,0),if(M70-$M$61=2,1,0),if(N70-$N$61=2,1,0),if(O70-$O$61=2,1,0),if(P70-$P$61=2,1,0),if(Q70-$Q$61=2,1,0),if(R70-$R$61=2,1,0),if(S70-$S$61=2,1,0),if(T70-$T$61=2,1,0),if(U70-$U$61=2,1,0))} -> 0 | AF70: {=sum(if(D70-$D$61=3,1,0),if(E70-$E$61=3,1,0),if(F70-$F$61=3,1,0),if(G70-$G$61=3,1,0),if(H70-$H$61=3,1,0),if(I70-$I$61=3,1,0),if(J70-$J$61=3,1,0),if(K70-$K$61=3,1,0),if(L70-$L$61=3,1,0),if(M70-$M$61=3,1,0),if(N70-$N$61=3,1,0),if(O70-$O$61=3,1,0),if(P70-$P$61=3,1,0),if(Q70-$Q$61=3,1,0),if(R70-$R$61=3,1,0),if(S70-$S$61=3,1,0),if(T70-$T$61=3,1,0),if(U70-$U$61=3,1,0))} -> 0 | AG70: {=sum(if(D70-$D$61>3,1,0),if(E70-$E$61>3,1,0),if(F70-$F$61>3,1,0),if(G70-$G$61>3,1,0),if(H70-$H$61>3,1,0),if(I70-$I$61>3,1,0),if(J70-$J$61>3,1,0),if(K70-$K$61>3,1,0),if(L70-$L$61>3,1,0),if(M70-$M$61>3,1,0),if(N70-$N$61>3,1,0),if(O70-$O$61>3,1,0),if(P70-$P$61>3,1,0),if(Q70-$Q$61>3,1,0),if(R70-$R$61>3,1,0),if(S70-$S$61>3,1,0),if(T70-$T$61>3,1,0),if(U70-$U$61>3,1,0))} -> 0 | AH70: =sum(Z70:AG70) -> 5
A71: =SETUP!A14 -> Ray H | B71: {=if(A71="","",index(SETUP!F:F,match(A71,SETUP!A:A,0)))} -> 20 | D71: 6 | E71: 5 | F71: 4 | G71: 6 | H71: 12 | I71: 4 | J71: 5 | K71: 10 | L71: 9 | M71: 5 | N71: 7 | O71: 4 | P71: 7 | Q71: 7 | R71: 6 | S71: 8 | T71: 7 | U71: 7 | V71: =if(C71="WD","WD", SUM(D71:L71)) -> 61 | W71: =if(C71="WD","WD",SUM(M71:U71)) -> 58 | X71: =if(C71="WD","WD",IF(W71>0,V71+W71,"")) -> 119 | Y71: =if(C71="WD","WD",IF(W71=0,"",X71-B71)) -> 99 | Z71: {=sum(if(D71-$D$61=-3,1,0),if(E71-$E$61=-3,1,0),if(F71-$F$61=-3,1,0),if(G71-$G$61=-3,1,0),if(H71-$H$61=-3,1,0),if(I71-$I$61=-3,1,0),if(J71-$J$61=-3,1,0),if(K71-$K$61=-3,1,0),if(L71-$L$61=-3,1,0),if(M71-$M$61=-3,1,0),if(N71-$N$61=-3,1,0),if(O71-$O$61=-3,1,0),if(P71-$P$61=-3,1,0),if(Q71-$Q$61=-3,1,0),if(R71-$R$61=-3,1,0),if(S71-$S$61=-3,1,0),if(T71-$T$61=-3,1,0),if(U71-$U$61=-3,1,0))} -> 0 | AA71: {=sum(if(D71-$D$61=-2,1,0),if(E71-$E$61=-2,1,0),if(F71-$F$61=-2,1,0),if(G71-$G$61=-2,1,0),if(H71-$H$61=-2,1,0),if(I71-$I$61=-2,1,0),if(J71-$J$61=-2,1,0),if(K71-$K$61=-2,1,0),if(L71-$L$61=-2,1,0),if(M71-$M$61=-2,1,0),if(N71-$N$61=-2,1,0),if(O71-$O$61=-2,1,0),if(P71-$P$61=-2,1,0),if(Q71-$Q$61=-2,1,0),if(R71-$R$61=-2,1,0),if(S71-$S$61=-2,1,0),if(T71-$T$61=-2,1,0),if(U71-$U$61=-2,1,0))} -> 0 | AB71: {=sum(if(D71-$D$61=-1,1,0),if(E71-$E$61=-1,1,0),if(F71-$F$61=-1,1,0),if(G71-$G$61=-1,1,0),if(H71-$H$61=-1,1,0),if(I71-$I$61=-1,1,0),if(J71-$J$61=-1,1,0),if(K71-$K$61=-1,1,0),if(L71-$L$61=-1,1,0),if(M71-$M$61=-1,1,0),if(N71-$N$61=-1,1,0),if(O71-$O$61=-1,1,0),if(P71-$P$61=-1,1,0),if(Q71-$Q$61=-1,1,0),if(R71-$R$61=-1,1,0),if(S71-$S$61=-1,1,0),if(T71-$T$61=-1,1,0),if(U71-$U$61=-1,1,0))} -> 0 | AC71: {=sum(if(D71-$D$61=0,1,0),if(E71-$E$61=0,1,0),if(F71-$F$61=0,1,0),if(G71-$G$61=0,1,0),if(H71-$H$61=0,1,0),if(I71-$I$61=0,1,0),if(J71-$J$61=0,1,0),if(K71-$K$61=0,1,0),if(L71-$L$61=0,1,0),if(M71-$M$61=0,1,0),if(N71-$N$61=0,1,0),if(O71-$O$61=0,1,0),if(P71-$P$61=0,1,0),if(Q71-$Q$61=0,1,0),if(R71-$R$61=0,1,0),if(S71-$S$61=0,1,0),if(T71-$T$61=0,1,0),if(U71-$U$61=0,1,0))} -> 1 | AD71: {=sum(if(D71-$D$61=1,1,0),if(E71-$E$61=1,1,0),if(F71-$F$61=1,1,0),if(G71-$G$61=1,1,0),if(H71-$H$61=1,1,0),if(I71-$I$61=1,1,0),if(J71-$J$61=1,1,0),if(K71-$K$61=1,1,0),if(L71-$L$61=1,1,0),if(M71-$M$61=1,1,0),if(N71-$N$61=1,1,0),if(O71-$O$61=1,1,0),if(P71-$P$61=1,1,0),if(Q71-$Q$61=1,1,0),if(R71-$R$61=1,1,0),if(S71-$S$61=1,1,0),if(T71-$T$61=1,1,0),if(U71-$U$61=1,1,0))} -> 4 | AE71: {=sum(if(D71-$D$61=2,1,0),if(E71-$E$61=2,1,0),if(F71-$F$61=2,1,0),if(G71-$G$61=2,1,0),if(H71-$H$61=2,1,0),if(I71-$I$61=2,1,0),if(J71-$J$61=2,1,0),if(K71-$K$61=2,1,0),if(L71-$L$61=2,1,0),if(M71-$M$61=2,1,0),if(N71-$N$61=2,1,0),if(O71-$O$61=2,1,0),if(P71-$P$61=2,1,0),if(Q71-$Q$61=2,1,0),if(R71-$R$61=2,1,0),if(S71-$S$61=2,1,0),if(T71-$T$61=2,1,0),if(U71-$U$61=2,1,0))} -> 6 | AF71: {=sum(if(D71-$D$61=3,1,0),if(E71-$E$61=3,1,0),if(F71-$F$61=3,1,0),if(G71-$G$61=3,1,0),if(H71-$H$61=3,1,0),if(I71-$I$61=3,1,0),if(J71-$J$61=3,1,0),if(K71-$K$61=3,1,0),if(L71-$L$61=3,1,0),if(M71-$M$61=3,1,0),if(N71-$N$61=3,1,0),if(O71-$O$61=3,1,0),if(P71-$P$61=3,1,0),if(Q71-$Q$61=3,1,0),if(R71-$R$61=3,1,0),if(S71-$S$61=3,1,0),if(T71-$T$61=3,1,0),if(U71-$U$61=3,1,0))} -> 2 | AG71: {=sum(if(D71-$D$61>3,1,0),if(E71-$E$61>3,1,0),if(F71-$F$61>3,1,0),if(G71-$G$61>3,1,0),if(H71-$H$61>3,1,0),if(I71-$I$61>3,1,0),if(J71-$J$61>3,1,0),if(K71-$K$61>3,1,0),if(L71-$L$61>3,1,0),if(M71-$M$61>3,1,0),if(N71-$N$61>3,1,0),if(O71-$O$61>3,1,0),if(P71-$P$61>3,1,0),if(Q71-$Q$61>3,1,0),if(R71-$R$61>3,1,0),if(S71-$S$61>3,1,0),if(T71-$T$61>3,1,0),if(U71-$U$61>3,1,0))} -> 5 | AH71: =sum(Z71:AG71) -> 18
A72: =SETUP!A15 -> Russ W | B72: {=if(A72="","",index(SETUP!F:F,match(A72,SETUP!A:A,0)))} -> 14 | D72: 6 | E72: 5 | F72: 4 | G72: 5 | H72: 4 | I72: 3 | J72: 5 | K72: 5 | L72: 7 | M72: 5 | N72: 5 | O72: 2 | P72: 6 | Q72: 6 | R72: 5 | S72: 6 | T72: 5 | U72: 7 | V72: =if(C72="WD","WD", SUM(D72:L72)) -> 44 | W72: =if(C72="WD","WD",SUM(M72:U72)) -> 47 | X72: =if(C72="WD","WD",IF(W72>0,V72+W72,"")) -> 91 | Y72: =if(C72="WD","WD",IF(W72=0,"",X72-B72)) -> 77 | Z72: {=sum(if(D72-$D$61=-3,1,0),if(E72-$E$61=-3,1,0),if(F72-$F$61=-3,1,0),if(G72-$G$61=-3,1,0),if(H72-$H$61=-3,1,0),if(I72-$I$61=-3,1,0),if(J72-$J$61=-3,1,0),if(K72-$K$61=-3,1,0),if(L72-$L$61=-3,1,0),if(M72-$M$61=-3,1,0),if(N72-$N$61=-3,1,0),if(O72-$O$61=-3,1,0),if(P72-$P$61=-3,1,0),if(Q72-$Q$61=-3,1,0),if(R72-$R$61=-3,1,0),if(S72-$S$61=-3,1,0),if(T72-$T$61=-3,1,0),if(U72-$U$61=-3,1,0))} -> 0 | AA72: {=sum(if(D72-$D$61=-2,1,0),if(E72-$E$61=-2,1,0),if(F72-$F$61=-2,1,0),if(G72-$G$61=-2,1,0),if(H72-$H$61=-2,1,0),if(I72-$I$61=-2,1,0),if(J72-$J$61=-2,1,0),if(K72-$K$61=-2,1,0),if(L72-$L$61=-2,1,0),if(M72-$M$61=-2,1,0),if(N72-$N$61=-2,1,0),if(O72-$O$61=-2,1,0),if(P72-$P$61=-2,1,0),if(Q72-$Q$61=-2,1,0),if(R72-$R$61=-2,1,0),if(S72-$S$61=-2,1,0),if(T72-$T$61=-2,1,0),if(U72-$U$61=-2,1,0))} -> 0 | AB72: {=sum(if(D72-$D$61=-1,1,0),if(E72-$E$61=-1,1,0),if(F72-$F$61=-1,1,0),if(G72-$G$61=-1,1,0),if(H72-$H$61=-1,1,0),if(I72-$I$61=-1,1,0),if(J72-$J$61=-1,1,0),if(K72-$K$61=-1,1,0),if(L72-$L$61=-1,1,0),if(M72-$M$61=-1,1,0),if(N72-$N$61=-1,1,0),if(O72-$O$61=-1,1,0),if(P72-$P$61=-1,1,0),if(Q72-$Q$61=-1,1,0),if(R72-$R$61=-1,1,0),if(S72-$S$61=-1,1,0),if(T72-$T$61=-1,1,0),if(U72-$U$61=-1,1,0))} -> 2 | AC72: {=sum(if(D72-$D$61=0,1,0),if(E72-$E$61=0,1,0),if(F72-$F$61=0,1,0),if(G72-$G$61=0,1,0),if(H72-$H$61=0,1,0),if(I72-$I$61=0,1,0),if(J72-$J$61=0,1,0),if(K72-$K$61=0,1,0),if(L72-$L$61=0,1,0),if(M72-$M$61=0,1,0),if(N72-$N$61=0,1,0),if(O72-$O$61=0,1,0),if(P72-$P$61=0,1,0),if(Q72-$Q$61=0,1,0),if(R72-$R$61=0,1,0),if(S72-$S$61=0,1,0),if(T72-$T$61=0,1,0),if(U72-$U$61=0,1,0))} -> 3 | AD72: {=sum(if(D72-$D$61=1,1,0),if(E72-$E$61=1,1,0),if(F72-$F$61=1,1,0),if(G72-$G$61=1,1,0),if(H72-$H$61=1,1,0),if(I72-$I$61=1,1,0),if(J72-$J$61=1,1,0),if(K72-$K$61=1,1,0),if(L72-$L$61=1,1,0),if(M72-$M$61=1,1,0),if(N72-$N$61=1,1,0),if(O72-$O$61=1,1,0),if(P72-$P$61=1,1,0),if(Q72-$Q$61=1,1,0),if(R72-$R$61=1,1,0),if(S72-$S$61=1,1,0),if(T72-$T$61=1,1,0),if(U72-$U$61=1,1,0))} -> 5 | AE72: {=sum(if(D72-$D$61=2,1,0),if(E72-$E$61=2,1,0),if(F72-$F$61=2,1,0),if(G72-$G$61=2,1,0),if(H72-$H$61=2,1,0),if(I72-$I$61=2,1,0),if(J72-$J$61=2,1,0),if(K72-$K$61=2,1,0),if(L72-$L$61=2,1,0),if(M72-$M$61=2,1,0),if(N72-$N$61=2,1,0),if(O72-$O$61=2,1,0),if(P72-$P$61=2,1,0),if(Q72-$Q$61=2,1,0),if(R72-$R$61=2,1,0),if(S72-$S$61=2,1,0),if(T72-$T$61=2,1,0),if(U72-$U$61=2,1,0))} -> 8 | AF72: {=sum(if(D72-$D$61=3,1,0),if(E72-$E$61=3,1,0),if(F72-$F$61=3,1,0),if(G72-$G$61=3,1,0),if(H72-$H$61=3,1,0),if(I72-$I$61=3,1,0),if(J72-$J$61=3,1,0),if(K72-$K$61=3,1,0),if(L72-$L$61=3,1,0),if(M72-$M$61=3,1,0),if(N72-$N$61=3,1,0),if(O72-$O$61=3,1,0),if(P72-$P$61=3,1,0),if(Q72-$Q$61=3,1,0),if(R72-$R$61=3,1,0),if(S72-$S$61=3,1,0),if(T72-$T$61=3,1,0),if(U72-$U$61=3,1,0))} -> 0 | AG72: {=sum(if(D72-$D$61>3,1,0),if(E72-$E$61>3,1,0),if(F72-$F$61>3,1,0),if(G72-$G$61>3,1,0),if(H72-$H$61>3,1,0),if(I72-$I$61>3,1,0),if(J72-$J$61>3,1,0),if(K72-$K$61>3,1,0),if(L72-$L$61>3,1,0),if(M72-$M$61>3,1,0),if(N72-$N$61>3,1,0),if(O72-$O$61>3,1,0),if(P72-$P$61>3,1,0),if(Q72-$Q$61>3,1,0),if(R72-$R$61>3,1,0),if(S72-$S$61>3,1,0),if(T72-$T$61>3,1,0),if(U72-$U$61>3,1,0))} -> 0 | AH72: =sum(Z72:AG72) -> 18
A73: =SETUP!A16 -> Scott R | B73: {=if(A73="","",index(SETUP!F:F,match(A73,SETUP!A:A,0)))} -> 8 | D73: 4 | E73: 8 | F73: 4 | G73: 5 | H73: 5 | I73: 3 | J73: 3 | K73: 5 | L73: 6 | M73: 3 | N73: 5 | O73: 3 | P73: 4 | Q73: 5 | R73: 5 | S73: 7 | T73: 4 | U73: 5 | V73: =if(C73="WD","WD", SUM(D73:L73)) -> 43 | W73: =if(C73="WD","WD",SUM(M73:U73)) -> 41 | X73: =if(C73="WD","WD",IF(W73>0,V73+W73,"")) -> 84 | Y73: =if(C73="WD","WD",IF(W73=0,"",X73-B73)) -> 76 | Z73: {=sum(if(D73-$D$61=-3,1,0),if(E73-$E$61=-3,1,0),if(F73-$F$61=-3,1,0),if(G73-$G$61=-3,1,0),if(H73-$H$61=-3,1,0),if(I73-$I$61=-3,1,0),if(J73-$J$61=-3,1,0),if(K73-$K$61=-3,1,0),if(L73-$L$61=-3,1,0),if(M73-$M$61=-3,1,0),if(N73-$N$61=-3,1,0),if(O73-$O$61=-3,1,0),if(P73-$P$61=-3,1,0),if(Q73-$Q$61=-3,1,0),if(R73-$R$61=-3,1,0),if(S73-$S$61=-3,1,0),if(T73-$T$61=-3,1,0),if(U73-$U$61=-3,1,0))} -> 0 | AA73: {=sum(if(D73-$D$61=-2,1,0),if(E73-$E$61=-2,1,0),if(F73-$F$61=-2,1,0),if(G73-$G$61=-2,1,0),if(H73-$H$61=-2,1,0),if(I73-$I$61=-2,1,0),if(J73-$J$61=-2,1,0),if(K73-$K$61=-2,1,0),if(L73-$L$61=-2,1,0),if(M73-$M$61=-2,1,0),if(N73-$N$61=-2,1,0),if(O73-$O$61=-2,1,0),if(P73-$P$61=-2,1,0),if(Q73-$Q$61=-2,1,0),if(R73-$R$61=-2,1,0),if(S73-$S$61=-2,1,0),if(T73-$T$61=-2,1,0),if(U73-$U$61=-2,1,0))} -> 0 | AB73: {=sum(if(D73-$D$61=-1,1,0),if(E73-$E$61=-1,1,0),if(F73-$F$61=-1,1,0),if(G73-$G$61=-1,1,0),if(H73-$H$61=-1,1,0),if(I73-$I$61=-1,1,0),if(J73-$J$61=-1,1,0),if(K73-$K$61=-1,1,0),if(L73-$L$61=-1,1,0),if(M73-$M$61=-1,1,0),if(N73-$N$61=-1,1,0),if(O73-$O$61=-1,1,0),if(P73-$P$61=-1,1,0),if(Q73-$Q$61=-1,1,0),if(R73-$R$61=-1,1,0),if(S73-$S$61=-1,1,0),if(T73-$T$61=-1,1,0),if(U73-$U$61=-1,1,0))} -> 1 | AC73: {=sum(if(D73-$D$61=0,1,0),if(E73-$E$61=0,1,0),if(F73-$F$61=0,1,0),if(G73-$G$61=0,1,0),if(H73-$H$61=0,1,0),if(I73-$I$61=0,1,0),if(J73-$J$61=0,1,0),if(K73-$K$61=0,1,0),if(L73-$L$61=0,1,0),if(M73-$M$61=0,1,0),if(N73-$N$61=0,1,0),if(O73-$O$61=0,1,0),if(P73-$P$61=0,1,0),if(Q73-$Q$61=0,1,0),if(R73-$R$61=0,1,0),if(S73-$S$61=0,1,0),if(T73-$T$61=0,1,0),if(U73-$U$61=0,1,0))} -> 8 | AD73: {=sum(if(D73-$D$61=1,1,0),if(E73-$E$61=1,1,0),if(F73-$F$61=1,1,0),if(G73-$G$61=1,1,0),if(H73-$H$61=1,1,0),if(I73-$I$61=1,1,0),if(J73-$J$61=1,1,0),if(K73-$K$61=1,1,0),if(L73-$L$61=1,1,0),if(M73-$M$61=1,1,0),if(N73-$N$61=1,1,0),if(O73-$O$61=1,1,0),if(P73-$P$61=1,1,0),if(Q73-$Q$61=1,1,0),if(R73-$R$61=1,1,0),if(S73-$S$61=1,1,0),if(T73-$T$61=1,1,0),if(U73-$U$61=1,1,0))} -> 7 | AE73: {=sum(if(D73-$D$61=2,1,0),if(E73-$E$61=2,1,0),if(F73-$F$61=2,1,0),if(G73-$G$61=2,1,0),if(H73-$H$61=2,1,0),if(I73-$I$61=2,1,0),if(J73-$J$61=2,1,0),if(K73-$K$61=2,1,0),if(L73-$L$61=2,1,0),if(M73-$M$61=2,1,0),if(N73-$N$61=2,1,0),if(O73-$O$61=2,1,0),if(P73-$P$61=2,1,0),if(Q73-$Q$61=2,1,0),if(R73-$R$61=2,1,0),if(S73-$S$61=2,1,0),if(T73-$T$61=2,1,0),if(U73-$U$61=2,1,0))} -> 0 | AF73: {=sum(if(D73-$D$61=3,1,0),if(E73-$E$61=3,1,0),if(F73-$F$61=3,1,0),if(G73-$G$61=3,1,0),if(H73-$H$61=3,1,0),if(I73-$I$61=3,1,0),if(J73-$J$61=3,1,0),if(K73-$K$61=3,1,0),if(L73-$L$61=3,1,0),if(M73-$M$61=3,1,0),if(N73-$N$61=3,1,0),if(O73-$O$61=3,1,0),if(P73-$P$61=3,1,0),if(Q73-$Q$61=3,1,0),if(R73-$R$61=3,1,0),if(S73-$S$61=3,1,0),if(T73-$T$61=3,1,0),if(U73-$U$61=3,1,0))} -> 2 | AG73: {=sum(if(D73-$D$61>3,1,0),if(E73-$E$61>3,1,0),if(F73-$F$61>3,1,0),if(G73-$G$61>3,1,0),if(H73-$H$61>3,1,0),if(I73-$I$61>3,1,0),if(J73-$J$61>3,1,0),if(K73-$K$61>3,1,0),if(L73-$L$61>3,1,0),if(M73-$M$61>3,1,0),if(N73-$N$61>3,1,0),if(O73-$O$61>3,1,0),if(P73-$P$61>3,1,0),if(Q73-$Q$61>3,1,0),if(R73-$R$61>3,1,0),if(S73-$S$61>3,1,0),if(T73-$T$61>3,1,0),if(U73-$U$61>3,1,0))} -> 0 | AH73: =sum(Z73:AG73) -> 18
C74: SKIN | D74: {=IF(SUM(IF(IF('Betting SETUP'!$D$5:$D$16="Y", D62:D73, 10)=MIN(IF('Betting SETUP'!$D$5:$D$16="Y", D62:D73, 10)), 1, 0)) > 1, "", INDEX('Betting SETUP'!$A$5:$A$16,MATCH(MIN(IF('Betting SETUP'!$D$5:$D$16="Y",D62:D73,10)),IF('Betting SETUP'!$D$5:$D$16="Y",D62:D73,10),0)))} | E74: {=IF(SUM(IF(IF('Betting SETUP'!$D$5:$D$16="Y", E62:E73, 10)=MIN(IF('Betting SETUP'!$D$5:$D$16="Y", E62:E73, 10)), 1, 0)) > 1, "", INDEX('Betting SETUP'!$A$5:$A$16,MATCH(MIN(IF('Betting SETUP'!$D$5:$D$16="Y",E62:E73,10)),IF('Betting SETUP'!$D$5:$D$16="Y",E62:E73,10),0)))} | F74: {=IF(SUM(IF(IF('Betting SETUP'!$D$5:$D$16="Y", F62:F73, 10)=MIN(IF('Betting SETUP'!$D$5:$D$16="Y", F62:F73, 10)), 1, 0)) > 1, "", INDEX('Betting SETUP'!$A$5:$A$16,MATCH(MIN(IF('Betting SETUP'!$D$5:$D$16="Y",F62:F73,10)),IF('Betting SETUP'!$D$5:$D$16="Y",F62:F73,10),0)))} -> Eric O | G74: {=IF(SUM(IF(IF('Betting SETUP'!$D$5:$D$16="Y", G62:G73, 10)=MIN(IF('Betting SETUP'!$D$5:$D$16="Y", G62:G73, 10)), 1, 0)) > 1, "", INDEX('Betting SETUP'!$A$5:$A$16,MATCH(MIN(IF('Betting SETUP'!$D$5:$D$16="Y",G62:G73,10)),IF('Betting SETUP'!$D$5:$D$16="Y",G62:G73,10),0)))} | H74: {=IF(SUM(IF(IF('Betting SETUP'!$D$5:$D$16="Y", H62:H73, 10)=MIN(IF('Betting SETUP'!$D$5:$D$16="Y", H62:H73, 10)), 1, 0)) > 1, "", INDEX('Betting SETUP'!$A$5:$A$16,MATCH(MIN(IF('Betting SETUP'!$D$5:$D$16="Y",H62:H73,10)),IF('Betting SETUP'!$D$5:$D$16="Y",H62:H73,10),0)))} -> Russ W | I74: {=IF(SUM(IF(IF('Betting SETUP'!$D$5:$D$16="Y", I62:I73, 10)=MIN(IF('Betting SETUP'!$D$5:$D$16="Y", I62:I73, 10)), 1, 0)) > 1, "", INDEX('Betting SETUP'!$A$5:$A$16,MATCH(MIN(IF('Betting SETUP'!$D$5:$D$16="Y",I62:I73,10)),IF('Betting SETUP'!$D$5:$D$16="Y",I62:I73,10),0)))} | J74: {=IF(SUM(IF(IF('Betting SETUP'!$D$5:$D$16="Y", J62:J73, 10)=MIN(IF('Betting SETUP'!$D$5:$D$16="Y", J62:J73, 10)), 1, 0)) > 1, "", INDEX('Betting SETUP'!$A$5:$A$16,MATCH(MIN(IF('Betting SETUP'!$D$5:$D$16="Y",J62:J73,10)),IF('Betting SETUP'!$D$5:$D$16="Y",J62:J73,10),0)))} -> Scott R | K74: {=IF(SUM(IF(IF('Betting SETUP'!$D$5:$D$16="Y", K62:K73, 10)=MIN(IF('Betting SETUP'!$D$5:$D$16="Y", K62:K73, 10)), 1, 0)) > 1, "", INDEX('Betting SETUP'!$A$5:$A$16,MATCH(MIN(IF('Betting SETUP'!$D$5:$D$16="Y",K62:K73,10)),IF('Betting SETUP'!$D$5:$D$16="Y",K62:K73,10),0)))} | ... U74: {=IF(SUM(IF(IF('Betting SETUP'!$D$5:$D$16="Y", U62:U73, 10)=MIN(IF('Betting SETUP'!$D$5:$D$16="Y", U62:U73, 10)), 1, 0)) > 1, "", INDEX('Betting SETUP'!$A$5:$A$16,MATCH(MIN(IF('Betting SETUP'!$D$5:$D$16="Y",U62:U73,10)),IF('Betting SETUP'!$D$5:$D$16="Y",U62:U73,10),0)))} | X74: =18-COUNTBLANK(D74:U74) -> 6
C75: CTP | F75: Scott R | I75: Andy V | M75: Scott R | O75: Russ W | T75: Bob B | X75: =COUNTA(D75:U75) -> 5

Sheet NET Scorecards
C1: =SETUP!C1 -> THE TRIBUTE | X1: =SETUP!C2 -> 72.9 | Y1: =SETUP!C3 -> 136
C2: Hole | D2: 1 | E2: 2 | F2: 3 | G2: 4 | H2: 5 | I2: 6 | J2: 7 | K2: 8 | L2: 9 | M2: 10 | N2: 11 | O2: 12 | P2: 13 | Q2: 14 | R2: 15 | S2: 16 | T2: 17 | U2: 18 | V2: OUT | W2: IN | X2: TOTAL | Y2: NET
C3: Handi | D3: =Scorecards!D3 -> 13 | E3: =Scorecards!E3 -> 9 | F3: =Scorecards!F3 -> 17 | G3: =Scorecards!G3 -> 7 | H3: =Scorecards!H3 -> 5 | I3: =Scorecards!I3 -> 11 | J3: =Scorecards!J3 -> 3 | K3: =Scorecards!K3 -> 1 | ... U3: =Scorecards!U3 -> 10
A4: =SETUP!A4 -> Player | B4: Handi | C4: Par | D4: =Scorecards!D4 -> 4 | E4: =Scorecards!E4 -> 4 | F4: =Scorecards!F4 -> 4 | G4: =Scorecards!G4 -> 5 | H4: =Scorecards!H4 -> 4 | I4: =Scorecards!I4 -> 3 | J4: =Scorecards!J4 -> 5 | K4: =Scorecards!K4 -> 4 | ... U4: =Scorecards!U4 -> 4 | V4: =SUM(D4:L4) -> 36 | W4: =SUM(M4:U4) -> 36 | X4: =V4+W4 -> 72 | Z4: Alb | AA4: Eagle | AB4: Birdie | AC4: Par | AD4: Bogey | AE4: Double | AF4: Triple | AG4: Quad+
A5: =SETUP!A5 -> Aaron J | B5: {=if(A5="","",index(SETUP!C:C,match(A5,SETUP!A:A,0)))} -> 9 | D5: =if(Scorecards!D5="","",Scorecards!D5-IF(Scorecards!$B5>0,FLOOR(Scorecards!$B5/18,1),0)-IF(AND(MOD(Scorecards!$B5,18)>=Scorecards!D$3,Scorecards!$B5>0),1,0)+IF(Scorecards!D$3-18>Scorecards!$B5,1,0)) -> 5 | E5: =if(Scorecards!E5="","",Scorecards!E5-IF(Scorecards!$B5>0,FLOOR(Scorecards!$B5/18,1),0)-IF(AND(MOD(Scorecards!$B5,18)>=Scorecards!E$3,Scorecards!$B5>0),1,0)+IF(Scorecards!E$3-18>Scorecards!$B5,1,0)) -> 3 | F5: =if(Scorecards!F5="","",Scorecards!F5-IF(Scorecards!$B5>0,FLOOR(Scorecards!$B5/18,1),0)-IF(AND(MOD(Scorecards!$B5,18)>=Scorecards!F$3,Scorecards!$B5>0),1,0)+IF(Scorecards!F$3-18>Scorecards!$B5,1,0)) -> 4 | G5: =if(Scorecards!G5="","",Scorecards!G5-IF(Scorecards!$B5>0,FLOOR(Scorecards!$B5/18,1),0)-IF(AND(MOD(Scorecards!$B5,18)>=Scorecards!G$3,Scorecards!$B5>0),1,0)+IF(Scorecards!G$3-18>Scorecards!$B5,1,0)) -> 5 | H5: =if(Scorecards!H5="","",Scorecards!H5-IF(Scorecards!$B5>0,FLOOR(Scorecards!$B5/18,1),0)-IF(AND(MOD(Scorecards!$B5,18)>=Scorecards!H$3,Scorecards!$B5>0),1,0)+IF(Scorecards!H$3-18>Scorecards!$B5,1,0)) -> 4 | I5: =if(Scorecards!I5="","",Scorecards!I5-IF(Scorecards!$B5>0,FLOOR(Scorecards!$B5/18,1),0)-IF(AND(MOD(Scorecards!$B5,18)>=Scorecards!I$3,Scorecards!$B5>0),1,0)+IF(Scorecards!I$3-18>Scorecards!$B5,1,0)) -> 3 | J5: =if(Scorecards!J5="","",Scorecards!J5-IF(Scorecards!$B5>0,FLOOR(Scorecards!$B5/18,1),0)-IF(AND(MOD(Scorecards!$B5,18)>=Scorecards!J$3,Scorecards!$B5>0),1,0)+IF(Scorecards!J$3-18>Scorecards!$B5,1,0)) -> 5 | K5: =if(Scorecards!K5="","",Scorecards!K5-IF(Scorecards!$B5>0,FLOOR(Scorecards!$B5/18,1),0)-IF(AND(MOD(Scorecards!$B5,18)>=Scorecards!K$3,Scorecards!$B5>0),1,0)+IF(Scorecards!K$3-18>Scorecards!$B5,1,0)) -> 5 | ... U5: =if(Scorecards!U5="","",Scorecards!U5-IF(Scorecards!$B5>0,FLOOR(Scorecards!$B5/18,1),0)-IF(AND(MOD(Scorecards!$B5,18)>=Scorecards!U$3,Scorecards!$B5>0),1,0)+IF(Scorecards!U$3-18>Scorecards!$B5,1,0)) -> 4 | V5: =SUM(D5:L5) -> 37 | W5: =SUM(M5:U5) -> 37 | X5: =IF(W5>0,V5+W5,"") -> 74 | Y5: =IF(W5=0,"",X5-B5) -> 65 | Z5: {=sum(if(D5-$D$4=-3,1,0),if(E5-$E$4=-3,1,0),if(F5-$F$4=-3,1,0),if(G5-$G$4=-3,1,0),if(H5-$H$4=-3,1,0),if(I5-$I$4=-3,1,0),if(J5-$J$4=-3,1,0),if(K5-$K$4=-3,1,0),if(L5-$L$4=-3,1,0),if(M5-$M$4=-3,1,0),if(N5-$N$4=-3,1,0),if(O5-$O$4=-3,1,0),if(P5-$P$4=-3,1,0),if(Q5-$Q$4=-3,1,0),if(R5-$R$4=-3,1,0),if(S5-$S$4=-3,1,0),if(T5-$T$4=-3,1,0),if(U5-$U$4=-3,1,0))} -> 0 | AA5: {=sum(if(D5-$D$4=-2,1,0),if(E5-$E$4=-2,1,0),if(F5-$F$4=-2,1,0),if(G5-$G$4=-2,1,0),if(H5-$H$4=-2,1,0),if(I5-$I$4=-2,1,0),if(J5-$J$4=-2,1,0),if(K5-$K$4=-2,1,0),if(L5-$L$4=-2,1,0),if(M5-$M$4=-2,1,0),if(N5-$N$4=-2,1,0),if(O5-$O$4=-2,1,0),if(P5-$P$4=-2,1,0),if(Q5-$Q$4=-2,1,0),if(R5-$R$4=-2,1,0),if(S5-$S$4=-2,1,0),if(T5-$T$4=-2,1,0),if(U5-$U$4=-2,1,0))} -> 1 | AB5: {=sum(if(D5-$D$4=-1,1,0),if(E5-$E$4=-1,1,0),if(F5-$F$4=-1,1,0),if(G5-$G$4=-1,1,0),if(H5-$H$4=-1,1,0),if(I5-$I$4=-1,1,0),if(J5-$J$4=-1,1,0),if(K5-$K$4=-1,1,0),if(L5-$L$4=-1,1,0),if(M5-$M$4=-1,1,0),if(N5-$N$4=-1,1,0),if(O5-$O$4=-1,1,0),if(P5-$P$4=-1,1,0),if(Q5-$Q$4=-1,1,0),if(R5-$R$4=-1,1,0),if(S5-$S$4=-1,1,0),if(T5-$T$4=-1,1,0),if(U5-$U$4=-1,1,0))} -> 3 | AC5: {=sum(if(D5-$D$4=0,1,0),if(E5-$E$4=0,1,0),if(F5-$F$4=0,1,0),if(G5-$G$4=0,1,0),if(H5-$H$4=0,1,0),if(I5-$I$4=0,1,0),if(J5-$J$4=0,1,0),if(K5-$K$4=0,1,0),if(L5-$L$4=0,1,0),if(M5-$M$4=0,1,0),if(N5-$N$4=0,1,0),if(O5-$O$4=0,1,0),if(P5-$P$4=0,1,0),if(Q5-$Q$4=0,1,0),if(R5-$R$4=0,1,0),if(S5-$S$4=0,1,0),if(T5-$T$4=0,1,0),if(U5-$U$4=0,1,0))} -> 9 | AD5: {=sum(if(D5-$D$4=1,1,0),if(E5-$E$4=1,1,0),if(F5-$F$4=1,1,0),if(G5-$G$4=1,1,0),if(H5-$H$4=1,1,0),if(I5-$I$4=1,1,0),if(J5-$J$4=1,1,0),if(K5-$K$4=1,1,0),if(L5-$L$4=1,1,0),if(M5-$M$4=1,1,0),if(N5-$N$4=1,1,0),if(O5-$O$4=1,1,0),if(P5-$P$4=1,1,0),if(Q5-$Q$4=1,1,0),if(R5-$R$4=1,1,0),if(S5-$S$4=1,1,0),if(T5-$T$4=1,1,0),if(U5-$U$4=1,1,0))} -> 4 | AE5: {=sum(if(D5-$D$4=2,1,0),if(E5-$E$4=2,1,0),if(F5-$F$4=2,1,0),if(G5-$G$4=2,1,0),if(H5-$H$4=2,1,0),if(I5-$I$4=2,1,0),if(J5-$J$4=2,1,0),if(K5-$K$4=2,1,0),if(L5-$L$4=2,1,0),if(M5-$M$4=2,1,0),if(N5-$N$4=2,1,0),if(O5-$O$4=2,1,0),if(P5-$P$4=2,1,0),if(Q5-$Q$4=2,1,0),if(R5-$R$4=2,1,0),if(S5-$S$4=2,1,0),if(T5-$T$4=2,1,0),if(U5-$U$4=2,1,0))} -> 0 | AF5: {=sum(if(D5-$D$4=3,1,0),if(E5-$E$4=3,1,0),if(F5-$F$4=3,1,0),if(G5-$G$4=3,1,0),if(H5-$H$4=3,1,0),if(I5-$I$4=3,1,0),if(J5-$J$4=3,1,0),if(K5-$K$4=3,1,0),if(L5-$L$4=3,1,0),if(M5-$M$4=3,1,0),if(N5-$N$4=3,1,0),if(O5-$O$4=3,1,0),if(P5-$P$4=3,1,0),if(Q5-$Q$4=3,1,0),if(R5-$R$4=3,1,0),if(S5-$S$4=3,1,0),if(T5-$T$4=3,1,0),if(U5-$U$4=3,1,0))} -> 1 | AG5: {=sum(if(D5-$D$4>3,1,0),if(E5-$E$4>3,1,0),if(F5-$F$4>3,1,0),if(G5-$G$4>3,1,0),if(H5-$H$4>3,1,0),if(I5-$I$4>3,1,0),if(J5-$J$4>3,1,0),if(K5-$K$4>3,1,0),if(L5-$L$4>3,1,0),if(M5-$M$4>3,1,0),if(N5-$N$4>3,1,0),if(O5-$O$4>3,1,0),if(P5-$P$4>3,1,0),if(Q5-$Q$4>3,1,0),if(R5-$R$4>3,1,0),if(S5-$S$4>3,1,0),if(T5-$T$4>3,1,0),if(U5-$U$4>3,1,0))} -> 0 | AH5: =sum(Z5:AG5) -> 18
